,train_loss,train_score,valid_loss,valid_score
1,0.6683581620454788,0.0,0.629548504948616,0.0
2,0.5653337389230728,0.3275155507547072,0.5632759630680084,0.0
3,0.4586486592888832,0.5339855449813188,0.4626538082957268,0.40515265251628246
4,0.37326232343912125,0.7087647126094636,0.35596757382154465,0.4088996530008273
5,0.27676333859562874,0.8361131616389976,0.28697519749403,0.43033503847423493
6,0.20411314442753792,0.8988379189374323,0.26554282382130623,0.5380155709429176
7,0.1575685627758503,0.908399345904316,0.26429518312215805,0.6202199014913234
8,0.13227584771811962,0.9321425168058358,0.2467387206852436,0.5871344986713599
9,0.08439013455063105,0.9692233691951198,0.27742259949445724,0.5846228234139333
10,0.06689923908561468,0.9692233691951198,0.2535560466349125,0.5871344986713599
11,0.04565837047994137,0.9814225308444268,0.2731027789413929,0.5871344986713599
12,0.039999027736485004,0.9753048303966929,0.2932611536234617,0.596745010104818
13,0.03115145582705736,0.9814225308444268,0.2970186062157154,0.596745010104818
14,0.028724031522870064,0.9875771574795098,0.3213196285068989,0.5689662622734246
15,0.02095235139131546,0.9875771574795098,0.329815074801445,0.5440298285169028
16,0.019527977565303445,0.9937694097483343,0.3351965807378292,0.5689662622734246
17,0.015924945706501603,0.9937694097483343,0.3166342005133629,0.5689662622734246
