,train_loss,train_score,valid_loss,valid_score
1,0.6726064234972,0.032427221756276076,0.688431903719902,0.0
2,0.5514882504940033,0.48038446141526137,0.6067781448364258,0.0
3,0.44521985203027725,0.6202638734661827,0.4902420863509178,0.18649298426002434
4,0.3266783133149147,0.8289313162905158,0.3720724359154701,0.593463140040164
5,0.2501746639609337,0.8988379189374323,0.3196709454059601,0.4491032374499764
6,0.17227863520383835,0.9446544968971894,0.31859447807073593,0.43618324728936597
7,0.1311295423656702,0.9393364366277243,0.34889864921569824,0.43618324728936597
8,0.0887927245348692,0.9631774724179828,0.37853090465068817,0.41815720438935444
9,0.07430948410183191,0.9937694097483343,0.4019203931093216,0.43618324728936597
10,0.0445184875279665,0.9937694097483343,0.4062253162264824,0.4300036161613409
11,0.04379396140575409,0.9937694097483343,0.3938686437904835,0.455865048283536
12,0.027145264204591513,0.9937694097483343,0.46711452305316925,0.41815720438935444
13,0.022618699353188276,0.9937694097483343,0.5541604459285736,0.40693843407609076
14,0.016406339360401034,1.0,0.5700404122471809,0.4015454793127499
