,train_loss,train_score,valid_loss,valid_score
1,0.6111808915932974,0.26682842990063155,0.9681347906589508,0.05948276521510562
2,0.339239239692688,0.7291670881773433,1.1148974895477295,0.1341246360271594
3,0.2231003095706304,0.8467996819084356,1.1236480474472046,0.17427749740176246
4,0.1533517763018608,0.913179019271519,1.1929901838302612,0.1901156254611127
5,0.10398452977339427,0.9368979548370131,0.8138804733753204,0.23432085001107777
6,0.0649246151248614,0.9708391914381,1.050711750984192,0.2951835383580207
7,0.04141849900285403,0.9882348845970288,0.6465357691049576,0.3298789308767264
8,0.031808179492751755,1.0,0.9136218428611755,0.3810323791814727
9,0.031477414071559906,0.9882348845970288,0.6559164226055145,0.3909342363010492
10,0.0214093675216039,1.0,0.7813615202903748,0.36254007170247404
11,0.01551387303819259,1.0,0.8877811431884766,0.3715802678087691
12,0.012770801161726316,1.0,0.8190526366233826,0.3909342363010492
13,0.01177564263343811,1.0,0.645109087228775,0.40132865562736186
14,0.008810879973073801,1.0,0.9463442265987396,0.40132865562736186
15,0.009816699040432772,1.0,0.7495434284210205,0.3909342363010492
16,0.00784152839332819,1.0,1.1997807025909424,0.3715802678087691
17,0.006072270683944225,1.0,0.8524275422096252,0.3810323791814727
18,0.006141745485365391,1.0,0.8979021310806274,0.3810323791814727
19,0.006390697478006284,1.0,0.7516207098960876,0.40132865562736186
20,0.004667060604939858,1.0,0.7216524183750153,0.34688756627057515
21,0.005142262593532602,1.0,1.2647545635700226,0.34688756627057515
22,0.0035766265355050564,1.0,0.6224829256534576,0.34688756627057515
23,0.004526576570545633,1.0,0.8087407052516937,0.34688756627057515
