,train_loss,train_score,valid_loss,valid_score
1,0.6595776081085205,0.1382327032752274,0.6494344621896744,0.0
2,0.5343166887760162,0.5194624816493197,0.5715858042240143,0.0
3,0.43548596650362015,0.7487767802667673,0.5192549079656601,0.5474270215042868
4,0.3418281227350235,0.8511127195627419,0.44833366572856903,0.6196222237042267
5,0.26492056250572205,0.9150772842791178,0.4053904488682747,0.6634616902626107
6,0.2120187059044838,0.9452465944188083,0.35649390518665314,0.6170343137254902
7,0.15989388711750507,0.9571664769885428,0.35381294786930084,0.5688343878237554
8,0.10964094288647175,0.9692233691951198,0.3119054436683655,0.606623954262734
9,0.09773571603000164,0.9692233691951198,0.2979496531188488,0.606623954262734
10,0.08110342919826508,0.9692233691951198,0.2911509685218334,0.6510608289973957
11,0.06073752045631409,0.9692233691951198,0.28824765607714653,0.6392167586576692
12,0.03976277820765972,0.9753048303966929,0.3421981744468212,0.6107241726050883
13,0.04043255792930722,0.9753048303966929,0.40324781835079193,0.5763311985578294
14,0.029591865837574005,0.9753048303966929,0.41984333097934723,0.5607731514183623
15,0.026912711560726166,0.9814225308444268,0.37610987573862076,0.5684285594316689
