,train_loss,train_score,valid_loss,valid_score
1,0.5991784036159515,0.24057966064485456,0.789889395236969,0.33757303946000017
2,0.31775962313016254,0.7818005014558678,0.8055192530155182,0.3339455162794333
3,0.2173456847667694,0.8308641921035719,0.7285565137863159,0.4167891976696585
4,0.16299730042616525,0.8937414983236982,0.5208505392074585,0.4648082538023267
5,0.12322837114334106,0.9290591430043924,0.4053216278553009,0.4933139302473538
6,0.06570596620440483,0.9766049484994053,0.3552536219358444,0.525854646498153
7,0.051504441847403847,0.9824033179248569,0.7568799555301666,0.4933139302473538
8,0.036871751149495445,0.9882348845970288,0.5742568075656891,0.4648082538023267
9,0.022843174636363983,1.0,0.5693481713533401,0.4395039840402831
10,0.024139699215690296,1.0,0.4061736539006233,0.45605174407879523
11,0.015829650685191154,1.0,0.6416895389556885,0.45605174407879523
12,0.012127439801891645,1.0,0.7161562740802765,0.47391869606640696
13,0.009496393923958143,1.0,0.6978837847709656,0.4933139302473538
14,0.009840478654950857,1.0,1.071114182472229,0.4933139302473538
15,0.007408953582247098,1.0,0.4210461601614952,0.5036630526336384
16,0.005636711992944281,1.0,0.5926852822303772,0.5036630526336384
