,train_loss,train_score,valid_loss,valid_score
1,0.5947009722391764,0.2840177086591568,0.8156930804252625,0.3800357299290467
2,0.36333412925402325,0.7326327045775058,0.852599024772644,0.2749410782441541
3,0.23235896726449332,0.8349272113638782,0.7188535928726196,0.34652093268732315
4,0.1726221740245819,0.9127852899866485,0.6478361884752909,0.3894977458837304
5,0.12293681999047597,0.9446544968971894,0.5975484748681387,0.39804867507437075
6,0.06477071593205135,0.9692233691951198,0.4848636140426,0.40752977266321616
7,0.04573024809360504,0.9875771574795098,0.6430598298708597,0.38026839693906533
8,0.03896808127562205,0.9937694097483343,0.7818215489387512,0.36784989745902513
9,0.0317629495014747,0.9937694097483343,0.7653755942980448,0.3889721875692107
10,0.019780440255999565,0.9937694097483343,0.6768408417701721,0.39804867507437075
11,0.02028755595286687,1.0,0.5302566488583883,0.4332491606450983
12,0.011523568071424961,1.0,0.48400654395421344,0.4624350877409587
13,0.009133167254428068,1.0,0.4962489704291026,0.4502898311244038
14,0.01085282831142346,1.0,0.4477362434069316,0.4502898311244038
15,0.00720586720854044,1.0,0.5631144245465597,0.4624350877409587
16,0.007480359946688016,1.0,0.4491868664820989,0.4502898311244038
17,0.006984736770391464,1.0,0.46892353892326355,0.4502898311244038
18,0.007011697782824437,1.0,0.4626997907956441,0.4562786788496621
19,0.004667372442781925,1.0,0.44214861591657,0.4491032374499764
20,0.0064130425453186035,1.0,0.369159663716952,0.455865048283536
21,0.005148624225209157,1.0,0.49835775295893353,0.462843838722842
22,0.008681391831487417,1.0,0.4579218824704488,0.462843838722842
23,0.005690255047132571,1.0,0.5182316104571024,0.46876788267402686
24,0.007349219483633836,1.0,0.45627687374750775,0.4239978953580341
25,0.006064659915864468,1.0,0.4907578726609548,0.4239978953580341
26,0.004122684088846047,1.0,0.4688487648963928,0.4425463504199718
27,0.003756180638447404,1.0,0.43082695702711743,0.4491032374499764
28,0.0035995920188724995,1.0,0.6737666626771291,0.4491032374499764
29,0.0037128139908115068,1.0,0.4804255962371826,0.4491032374499764
30,0.004924769047647715,1.0,0.4628152946631114,0.455865048283536
31,0.006324807570005457,1.0,0.5413528482119242,0.4491032374499764
32,0.004955384647473693,1.0,0.47227827707926434,0.42904988331951016
33,0.0032127463879684606,1.0,0.45265289147694904,0.42904988331951016
