,train_loss,train_score,valid_loss,valid_score
1,0.6074724396069845,0.25342662267125027,0.6897333860397339,0.4756634317883454
2,0.37760395805040997,0.6964582533514032,0.5976455807685852,0.38195598133963804
3,0.27859967947006226,0.8008379677189198,0.5588621497154236,0.3744474058638557
4,0.21265715857346854,0.8998021774304342,0.4722205251455307,0.41492893278912213
5,0.1529370645682017,0.8950594241477494,0.45579253137111664,0.4240240165734286
6,0.10353329529364903,0.9537318909284785,0.3385116830468178,0.45383074708429655
7,0.06646903852621715,0.9766049484994053,0.5296430587768555,0.44343893131595946
8,0.0481045146783193,0.9824033179248569,0.44338588416576385,0.3720584638714941
9,0.046042680740356445,0.9824033179248569,0.41563308238983154,0.4240240165734286
10,0.03275203270216783,0.9824033179248569,0.5714209377765656,0.3630334812883295
11,0.02735496622820695,0.9882348845970288,0.43252110481262207,0.3814952786625637
