,train_loss,train_score,valid_loss,valid_score
1,0.6942727327346802,0.09697622757528539,0.6641311943531036,0.0
2,0.5880841970443725,0.48344231827156525,0.5512471199035645,0.0
3,0.4914888024330139,0.6276459144608478,0.4045740067958832,0.24758202513348906
4,0.41208919882774353,0.7476561359167361,0.3800305724143982,0.6491216794374505
5,0.36829490661621095,0.8208798329594227,0.3368510752916336,0.5527841276458545
6,0.29523821771144865,0.8496617760555311,0.3088398575782776,0.538251397517121
7,0.22932277321815492,0.916515138991168,0.26830796152353287,0.5575924917330947
8,0.25237983763217925,0.9455779434075351,0.26398444548249245,0.5417050278466475
9,0.21980054527521134,0.9574271077563381,0.21634700894355774,0.5527841276458545
10,0.18067868947982788,0.9574271077563381,0.28053587302565575,0.538251397517121
11,0.1752015933394432,0.9574271077563381,0.43183987587690353,0.5417050278466475
12,0.13690535351634026,0.9634021551641092,0.4305216744542122,0.47399399394516195
13,0.19104298129677771,0.9574271077563381,0.39178209751844406,0.48115080213831113
14,0.2563710883259773,0.9634021551641092,0.364576019346714,0.4875809527768842
