,train_loss,train_score,valid_loss,valid_score
1,0.6698418021202087,0.07905694150420949,0.6341573894023895,0.0
2,0.549865472316742,0.555826492199584,0.5444260388612747,0.0
3,0.44953370094299316,0.7922030376676843,0.49286260455846786,0.5210270392058916
4,0.3845177173614502,0.8716019289105665,0.4528219625353813,0.5305618431381753
5,0.3117347568273544,0.9148097947734568,0.4399566724896431,0.48115080213831113
6,0.30891132056713105,0.9331361283626991,0.376514233648777,0.4629100498862757
7,0.27354133129119873,0.9155902282752921,0.36829282343387604,0.4749015293563857
8,0.2300489529967308,0.9574271077563381,0.33506181091070175,0.46882408759000693
9,0.1836002364754677,0.9574271077563381,0.3653745800256729,0.4629100498862757
10,0.2078823998570442,0.9634021551641092,0.2592109814286232,0.5385782357877609
11,0.1884879067540169,0.9694116958983826,0.33032043278217316,0.48115080213831113
12,0.1673746056854725,0.9694116958983826,0.4079288840293884,0.43553304444319946
13,0.19845977649092675,0.975456381144309,0.37827523797750473,0.43553304444319946
14,0.1551830805838108,0.9815368735540919,0.3981914445757866,0.45715155542595215
15,0.1556879136711359,0.9815368735540919,0.3713015243411064,0.4629100498862757
16,0.1798880659043789,0.9815368735540919,0.4293741285800934,0.44607229958147
17,0.15226198621094228,0.9815368735540919,0.4289524182677269,0.4515412613628389
18,0.1731284223496914,0.9813853901249078,0.5438318103551865,0.3936524168282538
19,0.13203523941338063,0.9876538476102781,0.5037904679775238,0.42063572619174633
20,0.15063979290425777,0.975456381144309,0.3860326036810875,0.4942017081349402
