,train_loss,train_score,valid_loss,valid_score
1,0.599750429391861,0.2810031330289403,0.8178318440914154,0.3656933382590648
2,0.3492494026819865,0.7327624696590547,0.7561618089675903,0.3962029078465307
3,0.24340408047040304,0.8380839681552531,0.5569127798080444,0.3739401181083479
4,0.1741387645403544,0.9120252866323335,0.5587065517902374,0.4144876215666168
5,0.11968863010406494,0.936239789701455,0.42964307963848114,0.4534435128398129
6,0.09096824377775192,0.9480909262799544,0.5306608080863953,0.4643610034819457
7,0.06016270940502485,0.9708391914381,0.2731318362057209,0.4758390974531845
8,0.04527784635623296,0.9824033179248569,0.5576195567846298,0.4643610034819457
9,0.03181654525299867,0.9941002434954168,0.3356369435787201,0.5285918551699038
10,0.02771078733106454,0.9941002434954168,0.4119780659675598,0.5281862745098039
11,0.015003411720196405,1.0,0.20842133834958076,0.47575057789562814
12,0.019878629284600418,1.0,0.4644766002893448,0.47575057789562814
13,0.0172061196838816,1.0,0.2522638738155365,0.47575057789562814
14,0.008806035853922367,1.0,0.3442031145095825,0.5479899574712892
15,0.008780709467828274,1.0,0.3669566363096237,0.47575057789562814
16,0.008462670259177685,1.0,0.28597958385944366,0.47575057789562814
17,0.005815658097465833,1.0,0.2585295960307121,0.4567631562849093
18,0.0052746871175865335,1.0,0.4070463478565216,0.4567631562849093
19,0.0047536492347717285,1.0,0.28083305805921555,0.40834232179223307
20,0.004150282281140487,1.0,0.38416673243045807,0.43933823529411764
21,0.00558635382913053,1.0,0.576865017414093,0.40834232179223307
22,0.0033278670938064656,1.0,0.6218315064907074,0.39444674582777034
23,0.005772913806140423,1.0,0.4589943140745163,0.40834232179223307
24,0.00334499916061759,1.0,0.20007168175652623,0.47575057789562814
