,train_loss,train_score,valid_loss,valid_score
1,0.5838751991589864,0.315720790170346,0.9702600836753845,0.24174688920761409
2,0.3702799677848816,0.6629885471763948,0.8255897462368011,0.3389282579543282
3,0.272884339094162,0.7844873975781501,0.624323844909668,0.44762444868307133
4,0.1841317117214203,0.8792096445652514,0.4995330572128296,0.4643610034819457
5,0.13078372925519943,0.9471601867688781,0.298600435256958,0.5007062118645611
6,0.1111317127943039,0.9424797909900143,0.2801254913210869,0.5007062118645611
7,0.07693192238608997,0.9824033179248569,0.26090680062770844,0.5142311233787904
8,0.048014283180236816,0.9824033179248569,0.1766336727887392,0.5966253736389256
9,0.0383441336452961,0.9824033179248569,0.22930986434221268,0.4567631562849093
10,0.036562531565626465,0.9824033179248569,0.2641316056251526,0.4567631562849093
11,0.025360459461808205,0.9824033179248569,0.2748819515109062,0.4567631562849093
12,0.020840284725030262,0.9882348845970288,0.19700105115771294,0.4567631562849093
13,0.01669669213394324,0.9941002434954168,0.34415721893310547,0.4567631562849093
14,0.012465918436646461,0.9941002434954168,0.24911107122898102,0.4567631562849093
15,0.012116199359297752,1.0,0.2567925229668617,0.47575057789562814
16,0.012618674896657467,1.0,0.17356517910957336,0.47575057789562814
17,0.01062045463671287,1.0,0.12947220355272293,0.47575057789562814
18,0.012506264882783094,1.0,0.19681233167648315,0.47575057789562814
