,train_loss,train_score,valid_loss,valid_score
1,0.6671852469444275,0.0,0.6290174722671509,0.0
2,0.5679852217435837,0.3886889973882043,0.5919718742370605,0.0
3,0.45284269005060196,0.7055524447968402,0.5189235806465149,0.42520583424271796
4,0.368375301361084,0.816496580927726,0.47025681287050247,0.5321460109913101
5,0.2829239293932915,0.8680103687839827,0.43979598581790924,0.5764620746930896
6,0.22394036874175072,0.9393364366277243,0.4407951310276985,0.5071720605264959
7,0.17434309422969818,0.9381598757318014,0.41244303435087204,0.5071720605264959
8,0.11898529343307018,0.9692233691951198,0.34666813910007477,0.5440298285169028
9,0.09450759924948215,0.9753048303966929,0.35116057097911835,0.5440298285169028
10,0.0751606896519661,0.9692233691951198,0.33638327568769455,0.5362630658899051
11,0.052971383556723595,0.9753048303966929,0.3196103423833847,0.5287431168515262
12,0.05299962032586336,0.9753048303966929,0.498528391122818,0.484321679558985
13,0.0365020576864481,0.9814225308444268,0.5888377949595451,0.47894872107935343
14,0.03188632242381573,0.9937694097483343,0.5327560231089592,0.4536378766290918
15,0.02476025326177478,0.9937694097483343,0.4590448960661888,0.4819822137441151
