,train_loss,train_score,valid_loss,valid_score
1,0.6246098478635153,0.2916666666666667,0.7030006647109985,0.4818293582575248
2,0.3527284661928813,0.6918505145590261,0.6475854317347208,0.4517983948188559
3,0.25462288161118823,0.7742282960572967,0.5485312938690186,0.45605174407879523
4,0.16537426908810934,0.884173295202382,0.5022940834363302,0.4933139302473538
5,0.13235570987065634,0.9202069495335419,0.4256392916043599,0.5130943183660958
6,0.11902432888746262,0.9261584224952539,0.43533668915430707,0.5391608732630575
7,0.05753019452095032,0.9571664769885428,0.40931232770284015,0.5193452708028489
8,0.041842312862475715,0.9814225308444268,0.39616429805755615,0.5010743870723939
9,0.034759760523835816,0.9814225308444268,0.47573453187942505,0.4952907775481171
10,0.022330069914460182,1.0,0.5003926157951355,0.4952907775481171
11,0.017222233427067597,1.0,0.4099676012992859,0.5010743870723939
12,0.018748240855832893,1.0,0.5176344911257426,0.507006542232159
13,0.011095034579435984,1.0,0.4649453361829122,0.5130943183660958
14,0.008503871504217386,1.0,0.5967801809310913,0.5257674777235735
15,0.01023171159128348,1.0,0.5029518604278564,0.5533515393756029
16,0.006493346610416968,1.0,0.40000268816947937,0.5108994500173003
17,0.006397310644388199,1.0,0.3511485556761424,0.5187832200560892
18,0.006195586329946916,1.0,0.4228859345118205,0.5438861892730144
19,0.006573588587343693,1.0,0.32647915681203205,0.5763311985578294
20,0.004966201726347208,1.0,0.42522310217221576,0.5438861892730144
21,0.004986932966858149,1.0,0.30199695626894635,0.5688343878237554
22,0.0037709097377955914,1.0,0.3095094710588455,0.5688343878237554
23,0.004471107075611751,1.0,0.4549898107846578,0.5688343878237554
24,0.004846270040919383,1.0,0.3945094545682271,0.5688343878237554
25,0.004074448253959417,1.0,0.3276364902655284,0.5188828336960541
26,0.003924440747747819,1.0,0.32345394293467206,0.5354016279293012
27,0.002939401504894098,1.0,0.4161197344462077,0.5269446030424224
28,0.002820191284020742,1.0,0.30703329543272656,0.5269446030424224
29,0.0033245583375295005,1.0,0.3192375600337982,0.49304852588361187
