,train_loss,train_score,valid_loss,valid_score
1,0.6219418545564016,0.2153874475853214,1.060157835483551,0.17256712249065834
2,0.33432910839716595,0.7398424647244785,1.1459175944328308,0.20703696484645978
3,0.23757734398047128,0.8003459583005568,0.9422407746315002,0.28940386242798366
4,0.1554411550362905,0.8957520972263474,0.9990436434745789,0.3545917287778257
5,0.10003279894590378,0.9480909262799544,0.7813934683799744,0.42410405962884296
6,0.07080546269814174,0.9766049484994053,0.7882157564163208,0.45605174407879523
7,0.04662179946899414,0.9882348845970288,0.6354189813137054,0.47391869606640696
8,0.03392753563821316,0.9882348845970288,0.5051083713769913,0.47391869606640696
9,0.024889538685480755,0.9941002434954168,0.568659245967865,0.4430380116181478
10,0.02925017662346363,0.9941002434954168,0.5398609638214111,0.48793309347051234
11,0.016598428289095562,0.9941002434954168,0.4478219449520111,0.5285918551699038
12,0.016758990784486134,1.0,0.35572829842567444,0.5142311233787904
13,0.009337300745149454,1.0,0.3526308238506317,0.48793309347051234
14,0.008823319027821222,1.0,0.4707449674606323,0.4758390974531845
15,0.015351503156125546,1.0,0.6098175197839737,0.48793309347051234
16,0.008101180661469698,1.0,0.30534810945391655,0.4758390974531845
17,0.006154545582830906,1.0,0.5389480590820312,0.5142311233787904
18,0.005701843959589799,1.0,0.7004181295633316,0.5285918551699038
19,0.005709187515700857,1.0,0.2731720358133316,0.5602287114655289
20,0.004721458690861861,1.0,0.19412790797650814,0.5966253736389256
21,0.00461023929528892,1.0,0.3014158457517624,0.5966253736389256
22,0.004025429642448823,1.0,0.4262303113937378,0.5777547299749907
23,0.0036429927373925843,1.0,0.526450052857399,0.5777547299749907
24,0.007242939124504725,1.0,0.32937081158161163,0.5966253736389256
25,0.003987455973401666,1.0,0.27177558839321136,0.5479899574712892
26,0.0029215303560098014,1.0,0.14783714152872562,0.5099413263667371
27,0.0035758043328921,1.0,0.25935450196266174,0.49304852588361187
28,0.003945085763310392,1.0,0.38592542707920074,0.47733772864664964
29,0.0033560917557527623,1.0,0.3991008549928665,0.5777547299749907
30,0.003251931552464763,1.0,0.37841400504112244,0.5777547299749907
