,train_loss,train_score,valid_loss,valid_score
1,0.606908529996872,0.2600073727143419,0.7084941565990448,0.7196725827655995
2,0.3558717866738637,0.6902959976644341,0.7966541051864624,0.4097099789582415
3,0.2582153379917145,0.8134468340382204,0.6204091012477875,0.44762444868307133
4,0.1696138878663381,0.9125375165444561,0.5579904913902283,0.47391869606640696
5,0.1216483140985171,0.9475587393582686,0.5203137099742889,0.4933139302473538
6,0.1038125529885292,0.9532636867319125,0.4994475543498993,0.47391869606640696
7,0.06097708145777384,0.9766049484994053,0.5228609144687653,0.525854646498153
8,0.03738146275281906,0.9941002434954168,0.27885635010898113,0.5503495392790071
9,0.028903658812244732,0.9941002434954168,0.3521551936864853,0.5503495392790071
10,0.020379165808359783,1.0,0.43251049518585205,0.5503495392790071
11,0.018409046654899914,1.0,0.37309737503528595,0.5503495392790071
