,train_loss,train_score,valid_loss,valid_score
1,0.6660268306732178,0.0,0.5964833498001099,0.0
2,0.5455195158720016,0.3275155507547072,0.5384426116943359,0.0
3,0.44580210000276566,0.6014167670256413,0.46005451679229736,0.30580486090191883
4,0.3516824543476105,0.7358668357794093,0.3875131979584694,0.6280730232565613
5,0.26957936584949493,0.8707707839849465,0.33058252930641174,0.6279940371178538
6,0.20549781620502472,0.9276125895432153,0.30972542241215706,0.6202199014913234
7,0.16040101274847984,0.9393364366277243,0.3038252666592598,0.6202199014913234
8,0.11690044403076172,0.9631774724179828,0.35407886654138565,0.568563056552301
9,0.0834366399794817,0.9692233691951198,0.35435815155506134,0.568563056552301
10,0.06684875302016735,0.9692233691951198,0.3283810541033745,0.6017939472401159
11,0.05128641240298748,0.9814225308444268,0.3255162127315998,0.5846228234139333
12,0.041082780342549086,0.9814225308444268,0.31978422589600086,0.5764620746930896
13,0.037200696766376495,0.9814225308444268,0.36843376234173775,0.5764620746930896
14,0.027592903468757868,0.9875771574795098,0.4257713854312897,0.5777466648897325
