,train_loss,train_score,valid_loss,valid_score
1,0.6665649861097336,0.055989251095585425,0.6428865939378738,0.0
2,0.5695855468511581,0.3275155507547072,0.5753182470798492,0.0
3,0.467965692281723,0.6410150525682277,0.4989309385418892,0.40509384162829376
4,0.37769484519958496,0.7878305167210287,0.4447297006845474,0.5695970441735402
5,0.28860416263341904,0.8763308742164527,0.4322716221213341,0.5870107242849829
6,0.21889285370707512,0.9276125895432153,0.40769362449645996,0.584495611232122
7,0.16781087592244148,0.9276125895432153,0.38502804934978485,0.5519185088503615
8,0.12547919526696205,0.9511897312113419,0.39575278013944626,0.5684285594316689
9,0.09501899778842926,0.9511897312113419,0.4311708137392998,0.5607731514183623
10,0.0693634171038866,0.9692233691951198,0.38275087624788284,0.584495611232122
11,0.05304106418043375,0.9814225308444268,0.34037080593407154,0.6016742028749685
12,0.04149696044623852,0.9814225308444268,0.35794346407055855,0.6107241726050883
13,0.03591110138222575,0.9875771574795098,0.4150046482682228,0.5929375676834228
14,0.030690839514136314,0.9875771574795098,0.3416033536195755,0.5602287114655289
15,0.0213063876144588,0.9875771574795098,0.3645435608923435,0.5602287114655289
16,0.020454041659832,0.9875771574795098,0.42491796240210533,0.584495611232122
17,0.016232769936323166,0.9875771574795098,0.44700367748737335,0.5391608732630575
18,0.02273784694261849,0.9812691656005564,0.4200640395283699,0.5607731514183623
19,0.020869202446192503,0.9814225308444268,0.339517530053854,0.6107241726050883
20,0.018902862211689353,0.9875771574795098,0.3848147690296173,0.584495611232122
21,0.013857302721589804,0.9875771574795098,0.48047395795583725,0.5391608732630575
22,0.019213245483115315,0.9875771574795098,0.4566010609269142,0.5461512891098178
