,train_loss,train_score,valid_loss,valid_score
1,0.623299241065979,0.2146916486201567,0.8958944082260132,0.24174688920761409
2,0.35121047496795654,0.768799968166877,0.8251460194587708,0.3150630189063022
3,0.24526262283325195,0.8003459583005568,0.7956759631633759,0.3440262670177817
4,0.15982018411159515,0.889460083706025,0.6792999804019928,0.3962029078465307
5,0.11522942533095677,0.9368979548370131,0.5821402072906494,0.3739401181083479
6,0.09503848105669022,0.9647673127600186,0.4769377261400223,0.38925628661270906
7,0.056092298279205956,0.9882348845970288,0.5904003828763962,0.39734359233952654
8,0.044404116769631706,0.9882348845970288,0.5621234774589539,0.3715802678087691
9,0.027812299008170765,0.9941002434954168,0.43179355561733246,0.3715802678087691
10,0.0202274431164066,0.9941002434954168,0.308659628033638,0.4489184466463736
11,0.017752925244470436,0.9941002434954168,0.30389466881752014,0.49304852588361187
12,0.014429170327881971,0.9941002434954168,0.34314829111099243,0.5099413263667371
13,0.012266392509142557,0.9941002434954168,0.3211424797773361,0.49304852588361187
14,0.01058723529179891,1.0,0.23865170031785965,0.5099413263667371
15,0.009991759744783243,1.0,0.31262145936489105,0.46266734535479903
16,0.007580445148050785,1.0,0.4038993567228317,0.46266734535479903
17,0.008818069162468115,1.0,0.4076118469238281,0.47733772864664964
18,0.005648998621230324,1.0,0.3876250088214874,0.49304852588361187
19,0.004717829792449872,1.0,0.19856084883213043,0.5099413263667371
20,0.004898276024808486,1.0,0.3252640962600708,0.5099413263667371
21,0.004250667601202925,1.0,0.3322668522596359,0.5099413263667371
22,0.005769088786716263,1.0,0.2273086979985237,0.5099413263667371
