,train_loss,train_score,valid_loss,valid_score
1,0.6183380683263143,0.25859024865270586,0.7622004548708597,0.6392167586576692
2,0.38145126899083454,0.7153255795993207,0.7229576309521993,0.44762444868307133
3,0.25500930349032086,0.8234109607049205,0.5706736048062643,0.4648082538023267
4,0.1971685936053594,0.8892384933409123,0.3938339153925578,0.5503495392790071
5,0.13350723187128702,0.9142874649843183,0.3196014811595281,0.5438861892730144
6,0.09964994589487712,0.9452465944188083,0.3067269523938497,0.5607731514183623
7,0.06635355576872826,0.9571664769885428,0.41025559107462567,0.5636018619766345
8,0.050261723498503365,0.9753048303966929,0.3400483578443527,0.5439863956645851
9,0.040069924046595894,0.9875771574795098,0.43037158747514087,0.577615534661554
10,0.026869847749670345,1.0,0.3498839735984802,0.600245047998781
11,0.04351944103837013,0.9937694097483343,0.3515903850396474,0.5705087134100852
