,train_loss,train_score,valid_loss,valid_score
1,0.56673663854599,0.29492753096432023,0.73967444896698,0.27016453446919
2,0.335796058177948,0.7459928449006372,0.8049343824386597,0.26559758001101164
3,0.242750550309817,0.8008379677189198,0.7166284918785095,0.3216992036554248
4,0.16203903158505759,0.9058965470185255,0.524172842502594,0.39734359233952654
5,0.12169028321901958,0.9306246992794481,0.4179804027080536,0.43310156216805623
6,0.07654426122705142,0.9705671333715453,0.41136471927165985,0.38925628661270906
7,0.05179669770101706,0.9766049484994053,0.6820317208766937,0.4144876215666168
8,0.05460463960965475,0.9824033179248569,0.5040383487939835,0.4430380116181478
9,0.03002854126195113,0.9882348845970288,0.30149470269680023,0.4643610034819457
10,0.019622893383105595,0.9941002434954168,0.49171988666057587,0.4122643249643901
11,0.016895191743969917,0.9941002434954168,0.4493703246116638,0.4359902913851654
12,0.017635297030210495,1.0,0.47857557237148285,0.3909342363010492
13,0.012176106373469034,1.0,0.45824287831783295,0.4359902913851654
14,0.0090443540054063,1.0,0.5190740674734116,0.4359902913851654
15,0.008980308193713427,1.0,0.6156160980463028,0.4489184466463736
16,0.007179359284540017,1.0,0.6512629687786102,0.46266734535479903
17,0.006228655731926362,1.0,0.4794871509075165,0.46266734535479903
18,0.006840027558306853,1.0,0.42405715584754944,0.47733772864664964
19,0.004178051836788654,1.0,0.8717775046825409,0.5285918551699038
20,0.005125464638695121,1.0,0.6025535762310028,0.5438861892730144
21,0.005748554598540068,1.0,0.4584772288799286,0.5142311233787904
22,0.005794597323983908,1.0,0.5483426302671432,0.49304852588361187
23,0.004008082284902533,1.0,0.27312037348747253,0.47733772864664964
24,0.004385697655379772,1.0,0.4629871994256973,0.5099413263667371
25,0.003298285494868954,1.0,0.29079318791627884,0.5099413263667371
26,0.003790204180404544,1.0,0.3974602073431015,0.5099413263667371
27,0.003347351448610425,1.0,0.25483074598014355,0.5099413263667371
28,0.0027488970663398504,1.0,0.24877075850963593,0.5099413263667371
29,0.0033532603022952876,1.0,0.3468790799379349,0.5099413263667371
30,0.0035006996088971696,1.0,0.6996824145317078,0.5099413263667371
