,train_loss,train_score,valid_loss,valid_score
1,0.6197681625684103,0.20272121351984576,0.8568446338176727,0.19871660189144227
2,0.36205756664276123,0.7273468386317287,0.823435366153717,0.3430621421252755
3,0.255740483601888,0.8133608141750245,0.6913890540599823,0.31553402384879164
4,0.18343433241049448,0.8777014481332712,0.5779704749584198,0.33178344441917496
5,0.12104716151952744,0.9417632186960223,0.43329253792762756,0.36907119129136307
6,0.07808765396475792,0.9710083124552245,0.3563876077532768,0.34953103682127784
7,0.061674512922763824,0.9710083124552245,0.661903902888298,0.35905560783691276
8,0.03168959481020769,0.9941348467724344,0.5350494384765625,0.34045327482409776
9,0.02597937360405922,1.0,0.3498567193746567,0.33178344441917496
10,0.02059979923069477,1.0,0.552788496017456,0.34953103682127784
11,0.015578591575225195,1.0,0.29092483408749104,0.3907849789186796
12,0.014326528025170168,1.0,0.6624850034713745,0.36907119129136307
13,0.010520480883618196,1.0,0.42346513271331787,0.35905560783691276
14,0.01029508545373877,1.0,0.6571090817451477,0.3907849789186796
15,0.00960454468925794,1.0,0.5430154949426651,0.4285804643485892
16,0.006999408671011527,1.0,0.47468996047973633,0.4749967197462726
17,0.007056447211652994,1.0,0.7145058810710907,0.45834924851410563
18,0.006712296356757482,1.0,0.26281547313556075,0.44292861559616115
19,0.007038090378046036,1.0,0.29048486426472664,0.44292861559616115
20,0.006035652942955494,1.0,0.27310666628181934,0.45834924851410563
21,0.00420361221767962,1.0,0.46595166623592377,0.45834924851410563
22,0.0040094182671358185,1.0,0.4942198693752289,0.4930584322847129
23,0.004870574610928695,1.0,0.2296606432646513,0.4930584322847129
24,0.005104831885546446,1.0,0.33504241704940796,0.4930584322847129
25,0.003777958918362856,1.0,0.37170833349227905,0.4930584322847129
26,0.003853046257669727,1.0,0.22345945984125137,0.4930584322847129
27,0.004177156835794449,1.0,0.23146883957087994,0.4135198084867809
28,0.004307887051254511,1.0,0.22895633801817894,0.3810413246316253
29,0.0032873753613481918,1.0,0.29776065796613693,0.3810413246316253
30,0.0028715576821317277,1.0,0.44763557612895966,0.3810413246316253
31,0.0028937230817973614,1.0,0.5578466653823853,0.3810413246316253
32,0.0026432828356822333,1.0,0.33300404995679855,0.3965904781420517
