,train_loss,train_score,valid_loss,valid_score
1,0.6114412446816763,0.28903665650804,0.7752684056758881,0.577615534661554
2,0.32325342297554016,0.7469375466792588,0.7684429585933685,0.4167891976696585
3,0.25099214414755505,0.8242368824289316,0.7489556670188904,0.45605174407879523
4,0.1737306465705236,0.8832043324371832,0.4942186325788498,0.4933139302473538
5,0.12921344488859177,0.9300366886693859,0.5292270481586456,0.5144957554275265
6,0.09872190405925114,0.9651054716602593,0.3684651404619217,0.5503495392790071
7,0.06720857694745064,0.9651054716602593,0.6352135688066483,0.5377877706628422
8,0.051020526637633644,0.9824033179248569,0.5833225548267365,0.525854646498153
9,0.031657200306653976,0.9824033179248569,0.637191891670227,0.5503495392790071
10,0.026108549286921818,0.9882348845970288,0.41376176476478577,0.5503495392790071
11,0.02873552031815052,0.9882348845970288,0.5859892070293427,0.577615534661554
