,train_loss,train_score,valid_loss,valid_score
1,0.6354901393254598,0.24413653763134782,0.6222858826319376,0.0
2,0.35196109612782794,0.7005289007176939,0.5948586463928223,0.3855607029751095
3,0.2249553749958674,0.8399739402709174,0.4864916304747264,0.357976639180182
4,0.154199148217837,0.8900066737509228,0.3579838176568349,0.3754670306771669
5,0.10357103993495305,0.9567172612055053,0.36522547403971356,0.455865048283536
6,0.08864924063285191,0.9511897312113419,0.46031131347020465,0.397079943234774
7,0.062359305719534554,0.9753048303966929,0.5503288805484772,0.3861530301234016
8,0.04260896394650141,0.9814225308444268,0.5687274237473806,0.39115885346645596
9,0.0454842709004879,0.9753048303966929,0.6244630813598633,0.3764887730925239
10,0.024057757730285328,0.9937694097483343,0.6677610476811727,0.3889721875692107
11,0.019322389115889866,1.0,0.8040624856948853,0.3889721875692107
12,0.01494381514688333,1.0,0.7529205878575643,0.349938766073437
13,0.013478285633027554,1.0,0.6974743803342184,0.349938766073437
14,0.01918457852055629,1.0,0.6980161468187968,0.36725472599487685
15,0.012337365808586279,1.0,0.8204806447029114,0.36278774221390137
