,train_loss,train_score,valid_loss,valid_score
1,0.5791313946247101,0.37736999288971934,0.8251044750213623,0.40132865562736186
2,0.3558448354403178,0.7327952057001721,0.8369210660457611,0.36007202160720253
3,0.24031880497932434,0.8380839681552531,0.8144074380397797,0.38975002272469944
4,0.17497013012568155,0.889460083706025,0.6189314126968384,0.44762444868307133
5,0.12862446655829748,0.9300366886693859,0.571044534444809,0.45605174407879523
6,0.09332803885142009,0.9424797909900143,0.5425053536891937,0.5036630526336384
7,0.06706681475043297,0.9824033179248569,0.49524807929992676,0.4933139302473538
8,0.04262638712922732,0.9882348845970288,0.4796733111143112,0.4933139302473538
9,0.03503406668702761,0.9941002434954168,0.7094787359237671,0.5144957554275265
10,0.03013044719894727,1.0,0.6132791936397552,0.5144957554275265
11,0.031805541987220444,1.0,0.29939405992627144,0.5377877706628422
12,0.016499091871082783,1.0,0.2801675423979759,0.577615534661554
13,0.013335555170973143,1.0,0.39358411729335785,0.577615534661554
14,0.014026643397907415,1.0,0.450626403093338,0.608265263693434
15,0.013082253436247507,1.0,0.3655752092599869,0.608265263693434
16,0.010609555679063002,1.0,0.29112420976161957,0.6251050331912297
17,0.008865837473422289,1.0,0.3959072232246399,0.6251050331912297
18,0.010495001760621866,1.0,0.34800267219543457,0.608265263693434
19,0.008518909725050131,1.0,0.5561749339103699,0.608265263693434
20,0.00737994567801555,1.0,0.30313412845134735,0.6251050331912297
21,0.006107003893703222,1.0,0.31514231860637665,0.6251050331912297
22,0.005647857052584489,1.0,0.21863830462098122,0.6251050331912297
23,0.006928001685688893,1.0,0.3850446343421936,0.608265263693434
24,0.0057241835941871004,1.0,0.3941939175128937,0.6251050331912297
25,0.004958925613512595,1.0,0.4013267457485199,0.6251050331912297
26,0.0057183570849398775,1.0,0.4083693325519562,0.6251050331912297
