,train_loss,train_score,valid_loss,valid_score
1,0.6009300947189331,0.2138343008619249,0.6593701243400574,0.39395275031398735
2,0.32906784613927204,0.7754582556016093,0.6404272119204203,0.4952907775481171
3,0.23112829526265463,0.8302707875325053,0.4843791325887044,0.5568851831988673
4,0.18288244803746542,0.8851483970098256,0.41247935096422833,0.5503495392790071
5,0.13394041111071905,0.9076871270909086,0.4698233703772227,0.509016411208285
6,0.08816705147425334,0.9567172612055053,0.518208791812261,0.4984305164707281
7,0.05081388105948766,0.9875771574795098,0.5720046758651733,0.5036630526336384
8,0.03539531181255976,0.9875771574795098,0.5458870927492777,0.5201065620748432
9,0.02410772815346718,0.9937694097483343,0.4849706490834554,0.5377877706628422
10,0.018382074932257336,1.0,0.545193096001943,0.5503495392790071
11,0.018750198185443878,1.0,0.4598722755908966,0.5193452708028489
12,0.012932915861407915,1.0,0.469337264696757,0.5257674777235735
13,0.01069736604889234,1.0,0.5107796589533488,0.5213012548379435
