,train_loss,train_score,valid_loss,valid_score
1,0.5877732435862223,0.24454174378176674,0.7096747756004333,0.5637897751785399
2,0.32118698954582214,0.739458877159479,0.5727913677692413,0.36254007170247404
3,0.20148377617200217,0.8888352433874573,0.5047716796398163,0.3224608291466229
4,0.13447574277718863,0.9234811820996562,0.527996689081192,0.4057458677632036
5,0.0929293359319369,0.9410920412812451,0.5007781386375427,0.4534435128398129
6,0.06801296522219975,0.9647673127600186,0.4307335764169693,0.48793309347051234
7,0.04262786482771238,0.9708391914381,0.4475416839122772,0.4237968890675681
8,0.025013776496052742,0.9882348845970288,0.3433220162987709,0.4643610034819457
9,0.020376066366831463,0.9941002434954168,0.41032539308071136,0.4534435128398129
10,0.015388171188533306,1.0,0.6540260016918182,0.4643610034819457
11,0.011197339743375778,1.0,0.4260486662387848,0.4237968890675681
