,train_loss,train_score,valid_loss,valid_score
1,0.5843111077944437,0.23028804018800908,0.7450650930404663,0.2815213486712904
2,0.31984994808832806,0.7854396366911797,0.683494488398234,0.35995928091731433
3,0.23709813753763834,0.8332214690018899,0.6036728223164877,0.3889721875692107
4,0.14599364499251047,0.91364276813721,0.5790413419405619,0.4124330752480109
5,0.10407926887273788,0.938674076853298,0.5144012073675791,0.4285085898319191
6,0.07792403424779575,0.9628009223146841,0.705146849155426,0.3975784307647524
7,0.03801109393437704,0.9937694097483343,0.7971764802932739,0.3379187057400813
8,0.03151983954012394,0.9937694097483343,0.9756287137667338,0.36339414637561046
9,0.022947358588377636,0.9937694097483343,0.6514813303947449,0.38170987517675203
10,0.020443183680375416,1.0,0.6608047286669413,0.4238108784225934
11,0.012349484177927176,1.0,0.8239431778589884,0.4432392468712848
12,0.013034995645284653,1.0,0.5339143574237823,0.4174513025887777
13,0.009134567342698574,1.0,0.6225570638974508,0.391239349648655
14,0.008061300652722517,1.0,0.5501106282075247,0.397079943234774
15,0.00841883880396684,1.0,0.49498311678568524,0.40309139086966184
16,0.009829268014679352,1.0,0.5308489004770914,0.36946335804842667
17,0.005537116434425116,1.0,0.496660719315211,0.36946335804842667
18,0.0068839046483238535,1.0,0.5481288830439249,0.4124732825364668
19,0.005183840946604808,1.0,0.6007363200187683,0.4124732825364668
20,0.006024862329165141,1.0,0.4918079574902852,0.397079943234774
21,0.003705475013703108,1.0,0.450712929169337,0.397079943234774
