,train_loss,train_score,valid_loss,valid_score
1,0.5569773316383362,0.4127939732031749,0.9331069886684418,0.277563081599302
2,0.3209582318862279,0.7136980734217048,0.8512324094772339,0.2567180154051351
3,0.23606368899345398,0.8435660103261196,0.8741369545459747,0.3159741872516448
4,0.16786656777064005,0.8957520972263474,0.6726726591587067,0.39734359233952654
5,0.114119919637839,0.9471601867688781,0.3803878426551819,0.34688756627057515
6,0.07126754025618236,0.9708391914381,0.32458753883838654,0.3365955564582679
7,0.052124605824549995,0.9882348845970288,0.475469708442688,0.40132865562736186
8,0.04250448321302732,0.9882348845970288,0.39253799617290497,0.34688756627057515
9,0.027760261669754982,0.9941002434954168,0.3679603636264801,0.3577494593915404
10,0.02344831017156442,0.9941002434954168,0.4569409340620041,0.3692450381228434
11,0.02051355317234993,0.9941002434954168,0.37748023867607117,0.3577494593915404
12,0.016287969114879768,1.0,0.47416192293167114,0.34688756627057515
13,0.012221653324862322,1.0,0.268425315618515,0.3365955564582679
14,0.012569835719962915,1.0,0.5303856581449509,0.34688756627057515
15,0.010679055160532394,1.0,0.6951629668474197,0.34688756627057515
16,0.007622161880135536,1.0,0.6337670087814331,0.3577494593915404
17,0.007789548796912034,1.0,0.3391045406460762,0.3692450381228434
