,train_loss,train_score,valid_loss,valid_score
1,0.5794398784637451,0.3280011020855545,0.8408631086349487,0.35438677650625133
2,0.3513337771097819,0.6877961055566323,0.8824241757392883,0.3498144021185856
3,0.23654231429100037,0.8435660103261196,0.8278250694274902,0.36061916068834143
4,0.16810334722201029,0.9234811820996562,0.7420400977134705,0.38195598133963804
5,0.11690877377986908,0.9357142551162902,0.74434494972229,0.38973730821338826
6,0.07298500090837479,0.9651054716602593,0.5422434061765671,0.3744474058638557
7,0.056645246843496956,0.9766049484994053,0.602507084608078,0.4240240165734286
8,0.03247061992685,1.0,0.6153691411018372,0.3978114304253677
9,0.02253858931362629,1.0,0.6037295907735825,0.4062004732300889
10,0.01737050525844097,1.0,0.5946165025234222,0.38973730821338826
11,0.015282234487434229,1.0,0.7665391564369202,0.3744474058638557
12,0.010196110233664513,1.0,0.5911750495433807,0.41492893278912213
13,0.008108970243483782,1.0,0.3815475907176733,0.4335160454746275
14,0.007143441587686539,1.0,0.7582559287548065,0.4761985195794939
15,0.007369542494416237,1.0,0.7501834779977798,0.5145473852885938
16,0.00580217953150471,1.0,0.48072560131549835,0.5145473852885938
17,0.007288254487017791,1.0,0.25400471687316895,0.5288932361229772
18,0.004409981581072013,1.0,0.38273710012435913,0.544172385853091
19,0.006270889192819595,1.0,0.4861726015806198,0.544172385853091
20,0.004567447118461132,1.0,0.36194050312042236,0.56049937918095
21,0.004465050374468167,1.0,0.2512809634208679,0.56049937918095
22,0.0035208933986723423,1.0,0.510829821228981,0.5145473852885938
23,0.0051844048624237376,1.0,0.7095088064670563,0.5288932361229772
24,0.0028216532276322446,1.0,0.48616451025009155,0.5288932361229772
25,0.003161040600389242,1.0,0.494042232632637,0.5010370871791437
26,0.0032591579171518483,1.0,0.7069471776485443,0.5010370871791437
27,0.00386763084679842,1.0,0.5120989829301834,0.5145473852885938
28,0.004414596129208803,1.0,0.37284963577985764,0.5010370871791437
29,0.0026617031156395874,1.0,0.789524495601654,0.5288932361229772
30,0.0025237035006284714,1.0,0.3061751164495945,0.5288932361229772
