,train_loss,train_score,valid_loss,valid_score
1,0.6105765799681345,0.31855141038236046,0.8211102485656738,0.1993501201339109
2,0.3465796709060669,0.7327624696590547,0.934837281703949,0.19240022470836943
3,0.2414499819278717,0.8183032770095431,0.8188663125038147,0.2755573774285365
4,0.17066524922847748,0.8826462841512007,0.743341863155365,0.32231168892335577
5,0.11982898910840352,0.9475587393582686,0.531197726726532,0.34679966007684204
6,0.09756429493427277,0.9480909262799544,0.5795749723911285,0.38195598133963804
7,0.053517488141854606,0.9882348845970288,0.7164701223373413,0.35338400969116635
8,0.035212632889548935,0.9941002434954168,0.8584311008453369,0.3281779047337568
9,0.02730407441655795,1.0,0.5370113104581833,0.33420785683917403
10,0.020039940252900124,1.0,0.9868326187133789,0.34041151165443656
11,0.016190522039930027,1.0,0.7728547751903534,0.34679966007684204
12,0.012839140680929026,1.0,0.8694409728050232,0.34679966007684204
13,0.008194833217809597,1.0,0.6502397656440735,0.35338400969116635
14,0.009380082599818707,1.0,0.6577979028224945,0.36719337164057003
15,0.009755474980920553,1.0,0.6054361760616302,0.36719337164057003
16,0.006400964843730132,1.0,0.40111949294805527,0.3744474058638557
