,train_loss,train_score,valid_loss,valid_score
1,0.5652736822764078,0.3259870815543115,0.6288762986660004,0.31370035516700523
2,0.3141302317380905,0.7297563831157798,0.49320925772190094,0.47767254784449387
3,0.21537094314893088,0.8445202708239066,0.37453608214855194,0.56049937918095
4,0.1594561735788981,0.9020811228553066,0.28302231431007385,0.5145473852885938
5,0.12751210232575735,0.9063414864102933,0.2712538540363312,0.56049937918095
6,0.0770849958062172,0.9651054716602593,0.30968421697616577,0.5780094768945447
7,0.048255179077386856,0.9766049484994053,0.24940647184848785,0.5968637525437926
8,0.048954494297504425,0.982265716787138,0.1908113732933998,0.6172558123259554
9,0.02738140771786372,0.9941002434954168,0.1407629046589136,0.6636475659325125
10,0.02169531149168809,1.0,0.15381063148379326,0.6636475659325125
11,0.018929704402883846,1.0,0.12937618046998978,0.5935748452020556
12,0.013598300516605377,1.0,0.14723339676856995,0.6198256496549948
13,0.012366624238590399,1.0,0.1536892056465149,0.6491149852600265
14,0.008314330130815506,1.0,0.11340577155351639,0.6491149852600265
15,0.009820397011935711,1.0,0.10897290706634521,0.6198256496549948
16,0.007608479044089715,1.0,0.1397015117108822,0.6198256496549948
17,0.008399236636857191,1.0,0.17113129049539566,0.5935748452020556
18,0.005754046607762575,1.0,0.20172929763793945,0.5935748452020556
19,0.007798605132848024,1.0,0.11734502576291561,0.5935748452020556
