,train_loss,train_score,valid_loss,valid_score
1,0.6768341809511185,0.12598815766974242,0.7040875554084778,0.0
2,0.573579952120781,0.4555734516094202,0.6615126878023148,0.2953766544881277
3,0.4749640226364136,0.7337993857053428,0.5989433974027634,0.32310400653513444
4,0.378444105386734,0.7931138750017808,0.525208868086338,0.5201490493754516
5,0.30836957693099976,0.8652363144144037,0.47224030643701553,0.47750577218910545
6,0.24375490844249725,0.9217976907429088,0.45523614436388016,0.4239978953580341
7,0.1807248443365097,0.9511897312113419,0.48193684220314026,0.45902626732567775
8,0.1292402558028698,0.9753048303966929,0.42340216040611267,0.4645484255868549
9,0.09863673523068428,0.9753048303966929,0.4503238648176193,0.47601949746444544
10,0.0699195796623826,0.9814225308444268,0.48270463943481445,0.4645484255868549
11,0.050031205639243126,0.9937694097483343,0.5863279104232788,0.43330960793484014
12,0.05465232161805034,0.9812691656005564,0.5963766872882843,0.4432392468712848
13,0.034300883300602436,0.9937694097483343,0.5415321588516235,0.47601949746444544
14,0.02700535347685218,0.9937694097483343,0.5257737711071968,0.4819822137441151
