,train_loss,train_score,valid_loss,valid_score
1,0.5909363428751627,0.3235294117647059,0.752696305513382,0.5291502622129182
2,0.3667195836702983,0.6964235543207075,0.6449604034423828,0.5423261445466404
3,0.2522321691115697,0.8174414513075474,0.4866619408130646,0.5291502622129182
4,0.2006474236647288,0.8790445735918131,0.38755422830581665,0.48297590010386227
5,0.1166376993060112,0.9428090415820634,0.2896161526441574,0.5048781642974013
6,0.08974838505188625,0.9483888130836018,0.3946249783039093,0.5423261445466404
7,0.060886489848295845,0.9653072991634228,0.31862813234329224,0.6039088361275575
8,0.04771849140524864,0.9941348467724344,0.1916411817073822,0.6629075099755672
9,0.02951248735189438,0.9883036912035246,0.2489905208349228,0.6629075099755672
10,0.024251875778039295,1.0,0.38482244312763214,0.641688947919748
11,0.018170615037282307,1.0,0.2857332229614258,0.6220907522417993
12,0.013476463966071606,1.0,0.3211078643798828,0.6629075099755672
13,0.013730850691596666,1.0,0.16191234439611435,0.641688947919748
14,0.010894286756714186,1.0,0.17795899510383606,0.641688947919748
15,0.008479680555562178,1.0,0.11049360269680619,0.6629075099755672
16,0.007291764797021945,1.0,0.20372533053159714,0.6859943405700353
17,0.006835680765410264,1.0,0.18792328983545303,0.6629075099755672
18,0.006598834103594224,1.0,0.1345980130136013,0.6859943405700353
19,0.005127547464023034,1.0,0.12492619967088103,0.641688947919748
20,0.005954580847173929,1.0,0.20830796658992767,0.641688947919748
21,0.004924177968253692,1.0,0.12807331886142492,0.6859943405700353
22,0.004249151252831022,1.0,0.30791519582271576,0.6859943405700353
23,0.006383519619703293,1.0,0.11172535922378302,0.7699092030853216
24,0.004293876700103283,1.0,0.2644784599542618,0.7390659560519331
25,0.004243758351852496,1.0,0.17747219651937485,0.7390659560519331
26,0.003894059065108498,1.0,0.11230867658741772,0.7112540705972631
27,0.0034871859631190696,1.0,0.12053770758211613,0.7112540705972631
28,0.004219098016619682,1.0,0.36900657042860985,0.7390659560519331
29,0.005712867869685094,1.0,0.09930549748241901,0.7699092030853216
30,0.002404559403657913,1.0,0.31059977039694786,0.7699092030853216
31,0.003462615655735135,1.0,0.10092287510633469,0.7699092030853216
32,0.0037427066514889398,1.0,0.15103793889284134,0.7699092030853216
33,0.0028233542883147797,1.0,0.11901313811540604,0.7390659560519331
