,train_loss,train_score,valid_loss,valid_score
1,0.6563342064619064,0.055989251095585425,0.63221774995327,0.0
2,0.518891766667366,0.48038446141526137,0.5131128802895546,0.0
3,0.39897873997688293,0.7025045561470674,0.41369685530662537,0.3431147978809972
4,0.2938882112503052,0.8071182567923452,0.2941793203353882,0.41222507549434184
5,0.2134685516357422,0.8919710610425508,0.29432596638798714,0.629955586168444
6,0.160439170897007,0.9034652232055224,0.3366776183247566,0.5259229283002776
7,0.11086023785173893,0.9511897312113419,0.3913871571421623,0.5195041035781273
8,0.07136915996670723,0.9753048303966929,0.4053703099489212,0.5071720605264959
9,0.054089298471808434,0.9875771574795098,0.42334846407175064,0.5132565065402932
10,0.03836498688906431,0.9875771574795098,0.4020175188779831,0.4752865513439579
11,0.02854851633310318,0.9875771574795098,0.3388717398047447,0.5270924174778843
12,0.02257876144722104,0.9875771574795098,0.3086196109652519,0.5443134111742758
13,0.026760220993310213,0.9875771574795098,0.4255017675459385,0.4944001533099698
14,0.01665580365806818,0.9875771574795098,0.46754786372184753,0.4702106105857971
15,0.014756286749616265,0.9875771574795098,0.49716058000922203,0.47894872107935343
