,train_loss,train_score,valid_loss,valid_score
1,0.6780803054571152,0.055989251095585425,0.7015719711780548,0.0
2,0.554809957742691,0.5237748906299554,0.6452249884605408,0.32394177193585
3,0.4490165114402771,0.7697370086861781,0.6057627201080322,0.5200282774291408
4,0.372553214430809,0.8909170951054457,0.5682671368122101,0.4500987092174512
5,0.3270118460059166,0.8649360632227278,0.5611216053366661,0.5439863956645851
6,0.23360112309455872,0.9393364366277243,0.5185250416398048,0.5636018619766345
7,0.1988329514861107,0.9393364366277243,0.4947727471590042,0.5636018619766345
8,0.15280607901513577,0.9511897312113419,0.4381534829735756,0.5533515393756029
9,0.12030444480478764,0.9571664769885428,0.4068307429552078,0.5533515393756029
10,0.09530755504965782,0.9506686740748921,0.4232848547399044,0.5684285594316689
11,0.0686230706050992,0.9692233691951198,0.3480191882699728,0.584495611232122
12,0.060353570617735386,0.9692233691951198,0.3899869993329048,0.5607731514183623
13,0.04182877577841282,0.9753048303966929,0.5314716994762421,0.5439863956645851
14,0.03553937701508403,0.9814225308444268,0.6056536138057709,0.5144957554275265
15,0.03279685880988836,0.9814225308444268,0.49032824486494064,0.5705087134100852
16,0.025627253809943795,0.9814225308444268,0.4437936916947365,0.5849328448987128
17,0.02469588164240122,0.9814225308444268,0.42256899550557137,0.6165468019220668
18,0.02167227421887219,0.9814225308444268,0.4016542434692383,0.608265263693434
19,0.02240912616252899,0.9814225308444268,0.41946593672037125,0.608265263693434
20,0.020401486661285162,0.9814225308444268,0.42385488748550415,0.6165468019220668
21,0.01567773148417473,0.9875771574795098,0.3982844799757004,0.6165468019220668
22,0.015108706429600716,0.9875771574795098,0.39324019849300385,0.6165468019220668
23,0.012305131880566478,0.9875771574795098,0.40927583537995815,0.600245047998781
24,0.01287132897414267,0.9875771574795098,0.4408710449934006,0.5705087134100852
25,0.011247432674281299,0.9937694097483343,0.42086824029684067,0.5684285594316689
26,0.01256556622684002,0.9937694097483343,0.44101717695593834,0.5684285594316689
27,0.008751240209676325,0.9937694097483343,0.427571564912796,0.5924719553724154
