,train_loss,train_score,valid_loss,valid_score
1,0.6084248622258505,0.23005922213718658,0.7010284960269928,0.3423681130914194
2,0.3576218883196513,0.7102765332060382,0.5762212574481964,0.6636475659325125
3,0.2562423348426819,0.8134468340382204,0.47229236364364624,0.7198196218645297
4,0.197172279159228,0.8673284331522074,0.379816398024559,0.7198196218645297
5,0.14302405218283334,0.8950594241477494,0.3565513640642166,0.7198196218645297
6,0.08986834436655045,0.9708391914381,0.23362016677856445,0.6636475659325125
7,0.05454960962136587,0.9882348845970288,0.29601189494132996,0.6172558123259554
8,0.0338776521384716,0.9941002434954168,0.2187558263540268,0.6172558123259554
9,0.024951862792174023,1.0,0.23882069438695908,0.5780094768945447
10,0.01809665622810523,1.0,0.34559954702854156,0.6394207872485165
11,0.013799303832153479,1.0,0.13008177280426025,0.7528029369536413
12,0.01147220345834891,1.0,0.2438758909702301,0.6394207872485165
13,0.008764716486136118,1.0,0.10762511612847447,0.6636475659325125
14,0.008499560256799063,1.0,0.10995188541710377,0.6198256496549948
15,0.006106784256796042,1.0,0.2734457105398178,0.6491149852600265
16,0.00882497305671374,1.0,0.21745984628796577,0.6491149852600265
17,0.005529480210194985,1.0,0.10909605026245117,0.6491149852600265
18,0.004222694939623277,1.0,0.20832209661602974,0.6491149852600265
19,0.003308510951076945,1.0,0.236533984541893,0.6821139570163466
20,0.0042010291169087095,1.0,0.08911722339689732,0.6821139570163466
21,0.003298466559499502,1.0,0.0806104252114892,0.6821139570163466
