,train_loss,train_score,valid_loss,valid_score
1,0.6442702412605286,0.12957954859394374,0.7618219256401062,0.577615534661554
2,0.35207223892211914,0.7226468947547301,0.7438149452209473,0.38975002272469944
3,0.2577941119670868,0.8143085364345367,0.6123135089874268,0.4167891976696585
4,0.16584906975428262,0.8776006159232781,0.474868506193161,0.4933139302473538
5,0.11145172516504924,0.9300366886693859,0.4269818812608719,0.5503495392790071
6,0.07936675598224004,0.9537318909284785,0.6435102075338364,0.525854646498153
7,0.05133437365293503,0.9708391914381,0.4037212133407593,0.5036630526336384
8,0.04046506807208061,1.0,0.3243314176797867,0.525854646498153
9,0.02332036755979061,0.9941002434954168,0.5076030194759369,0.5503495392790071
10,0.02052813023328781,0.9941002434954168,0.332600899040699,0.577615534661554
11,0.012255332122246424,1.0,0.5501142144203186,0.5924719553724154
12,0.010268079116940498,1.0,0.5118303000926971,0.5924719553724154
13,0.009655479652186235,1.0,0.39653393626213074,0.608265263693434
14,0.00931409498055776,1.0,0.3293098360300064,0.6251050331912297
15,0.008545126455525557,1.0,0.4161579757928848,0.6431196942844082
16,0.0058330656029284,1.0,0.19071405567228794,0.608265263693434
17,0.007004474600156148,1.0,0.3863638639450073,0.6431196942844082
18,0.006093756140520175,1.0,0.17615686543285847,0.5281862745098039
19,0.004939955038328965,1.0,0.2817864939570427,0.608265263693434
20,0.005024366235981385,1.0,0.8171008974313736,0.608265263693434
21,0.004543073941022158,1.0,0.5848472416400909,0.608265263693434
22,0.005044793787722786,1.0,0.2726726680994034,0.5438861892730144
23,0.0033242253120988607,1.0,0.3930348753929138,0.5438861892730144
24,0.0035325735807418823,1.0,0.1983467754907906,0.5438861892730144
25,0.004522306922202309,1.0,0.24024976044893265,0.608265263693434
