,train_loss,train_score,valid_loss,valid_score
1,0.5930056571960449,0.3582488604159193,0.7309684455394745,0.5261437908496732
2,0.31552550196647644,0.7327952057001721,0.6913658976554871,0.577615534661554
3,0.2379103104273478,0.8024208205741785,0.44427984952926636,0.577615534661554
4,0.1619742065668106,0.8846976516182106,0.35094019770622253,0.577615534661554
5,0.11726751426855724,0.9306246992794481,0.3035970702767372,0.608265263693434
6,0.08848759531974792,0.9708391914381,0.41829735040664673,0.577615534661554
7,0.053108533223470054,0.9824033179248569,0.5308283120393753,0.5636018619766345
8,0.03256733280917009,0.9941002434954168,0.48866067826747894,0.5503495392790071
9,0.029486135269204777,0.9882348845970288,0.3970804363489151,0.525854646498153
10,0.02217411311964194,0.9941002434954168,0.3340694047510624,0.5503495392790071
11,0.01707952842116356,0.9941002434954168,0.47541654109954834,0.5636018619766345
12,0.014829215283195177,1.0,0.8740380555391312,0.5636018619766345
13,0.010139010846614838,1.0,0.36602912098169327,0.577615534661554
14,0.011881748835245768,1.0,0.3580794930458069,0.577615534661554
15,0.00886529590934515,1.0,0.37009677290916443,0.5924719553724154
