,train_loss,train_score,valid_loss,valid_score
1,0.5964685479799906,0.2945137539309163,0.6406089663505554,0.6491149852600265
2,0.34056546290715534,0.7197263037995433,0.7090952694416046,0.4936612566406058
3,0.2414712905883789,0.8481278065573064,0.4462938606739044,0.5380870867205206
4,0.19234137733777365,0.8546031690208168,0.32642127573490143,0.5778768085322478
5,0.149248739083608,0.9120252866323335,0.47744855284690857,0.6253257753674437
6,0.09833854188521703,0.9475587393582686,0.2840901389718056,0.5927200369557475
7,0.06592297181487083,0.9708391914381,0.4396592676639557,0.6084998469208687
8,0.04110181207458178,0.9882348845970288,0.18653786182403564,0.6084998469208687
9,0.033763895432154335,0.9941002434954168,0.21522356942296028,0.6084998469208687
10,0.02593986503779888,0.9941002434954168,0.1908148992806673,0.6084998469208687
11,0.015424173014859358,1.0,0.3437061458826065,0.6084998469208687
