,train_loss,train_score,valid_loss,valid_score
1,0.6179006099700928,0.22205779584216376,0.7036831974983215,0.36436419163815403
2,0.35755672057469684,0.6875436785532983,0.728028267621994,0.4062004732300889
3,0.24025200804074606,0.8435660103261196,0.5843377709388733,0.4240240165734286
4,0.15271917978922525,0.8940547620901788,0.4768375903367996,0.4761985195794939
5,0.12629552433888117,0.9353206844342672,0.33216940611600876,0.4761985195794939
6,0.08037158598502477,0.9589996891034891,0.37840306758880615,0.544172385853091
7,0.057065351555744805,0.9766049484994053,0.297366239130497,0.47767254784449387
8,0.04636783028642336,0.9824033179248569,0.31820206344127655,0.44928662532508584
9,0.049687452614307404,0.9824033179248569,0.36687397956848145,0.44928662532508584
10,0.02486413282652696,0.9882348845970288,0.24725687503814697,0.5102413789141766
11,0.018979371214906376,0.9882348845970288,0.2914588451385498,0.548253370316599
12,0.01807717513293028,0.9941002434954168,0.3618232011795044,0.5698503300891952
13,0.012683223932981491,1.0,0.12369622476398945,0.5935748452020556
14,0.015207306326677402,1.0,0.1606144830584526,0.5742172747580728
15,0.010538308105121056,1.0,0.12609953433275223,0.5742172747580728
16,0.010452856464932362,1.0,0.14702396467328072,0.5935748452020556
17,0.007384503570695718,1.0,0.16089214757084846,0.6198256496549948
18,0.006015340642382701,1.0,0.40480465441942215,0.6198256496549948
19,0.006437046453356743,1.0,0.3904065117239952,0.6198256496549948
20,0.005704261052111785,1.0,0.2882821410894394,0.6198256496549948
21,0.005320465192198753,1.0,0.22478265315294266,0.5935748452020556
22,0.005207485053688288,1.0,0.2727651447057724,0.6198256496549948
23,0.00497139881675442,1.0,0.3210851587355137,0.5742172747580728
24,0.003791973072414597,1.0,0.1498091071844101,0.6491149852600265
25,0.004960302884380023,1.0,0.2325230836868286,0.6491149852600265
26,0.0031219699109594026,1.0,0.17529529333114624,0.6198256496549948
27,0.0036043572084357343,1.0,0.10602775204461068,0.6198256496549948
28,0.004202223460500439,1.0,0.20986297726631165,0.6198256496549948
29,0.003651562612503767,1.0,0.12490453710779548,0.6198256496549948
30,0.004512025819470485,1.0,0.12938670837320387,0.5935748452020556
31,0.0030965638967851796,1.0,0.1774388663470745,0.5935748452020556
32,0.0043520185475548106,1.0,0.3933998942375183,0.5935748452020556
33,0.0034354227439810834,1.0,0.12131371907889843,0.6198256496549948
34,0.0026129035589595637,1.0,0.17640923708677292,0.6198256496549948
