,train_loss,train_score,valid_loss,valid_score
1,0.5949457784493765,0.3635011579962786,1.0095168948173523,0.21408555775605606
2,0.3242967228094737,0.7567874686642696,0.8743591010570526,0.32027168643356957
3,0.22152692079544067,0.869417347896104,0.8414416313171387,0.41723805104625333
4,0.1757857402165731,0.8902116343966842,0.44686470925807953,0.48376941482004465
5,0.09169495105743408,0.9537318909284785,0.5272767245769501,0.5506364037964169
6,0.07477697481711705,0.9651054716602593,0.5372432619333267,0.5148193987604248
7,0.047459594905376434,0.9824033179248569,0.6086316406726837,0.47428918630884087
8,0.032748801012833915,0.9941002434954168,0.7473137676715851,0.47428918630884087
9,0.028008482108513515,0.9941002434954168,0.5180775374174118,0.5261662155060294
10,0.017753311432898045,1.0,0.3257576823234558,0.5506364037964169
11,0.01615106376508872,1.0,0.6083247512578964,0.6084998469208687
12,0.01571392361074686,1.0,0.45686885714530945,0.6084998469208687
13,0.011835123412311077,1.0,0.5824352353811264,0.6084998469208687
14,0.010457712846497694,1.0,0.22324882401153445,0.6084998469208687
15,0.0089214948626856,1.0,0.5002208650112152,0.6253257753674437
16,0.005592073624332746,1.0,0.43197309970855713,0.6253257753674437
17,0.005606966558843851,1.0,0.47374095022678375,0.6084998469208687
18,0.007172791287302971,1.0,0.23022429645061493,0.6253257753674437
19,0.00644279286886255,1.0,0.4110282361507416,0.6626527904618502
20,0.005076499966283639,1.0,0.18325444869697094,0.6834861261734088
21,0.004172109377880891,1.0,0.45086589455604553,0.6834861261734088
22,0.003461149831612905,1.0,0.20325877889990807,0.6433262105174062
23,0.004435238816464941,1.0,0.1690841089002788,0.6834861261734088
24,0.004249082800621788,1.0,0.30244243144989014,0.7060433478920535
25,0.0038515040650963783,1.0,0.2850017547607422,0.7060433478920535
26,0.003915966488420963,1.0,0.27653490006923676,0.7060433478920535
27,0.003977864980697632,1.0,0.4578469395637512,0.6626527904618502
28,0.0032080969928453365,1.0,0.3170824497938156,0.6433262105174062
29,0.00430155157422026,1.0,0.19434689544141293,0.7060433478920535
30,0.003749112831428647,1.0,0.2611995115876198,0.7060433478920535
31,0.00327950327967604,1.0,0.23137784004211426,0.7060433478920535
32,0.0031962698170294366,1.0,0.43206971883773804,0.7060433478920535
33,0.0038434017915278673,1.0,0.2588663324713707,0.6834861261734088
34,0.0025156368501484394,1.0,0.3844859153032303,0.6834861261734088
