,train_loss,train_score,valid_loss,valid_score
1,0.6246506869792938,0.2286995590779433,0.8812647263209025,0.3075145807783825
2,0.35194331407546997,0.7198484689028783,0.8531255920728048,0.2843469264880044
3,0.27113108336925507,0.7699389096108455,0.6055176754792532,0.37121293493384755
4,0.1903301328420639,0.8858406030980607,0.42566023270289105,0.43553304444319946
5,0.15132251878579459,0.8994380267950337,0.48274749517440796,0.44073823778995425
6,0.10105905681848526,0.9634021551641092,0.40102913975715637,0.4304510570583908
7,0.06623589619994164,0.9694116958983826,0.4029397964477539,0.4515412613628389
8,0.04418636361757914,0.9938079899999066,0.40198855598767597,0.508057753499086
9,0.03415325656533241,0.9938079899999066,0.34354544679323834,0.5228131351835151
10,0.03500911220908165,0.9938079899999066,0.36990683277448017,0.5228131351835151
11,0.020620542267958324,0.9938079899999066,0.43711693088213605,0.5385782357877609
12,0.01835096875826518,1.0,0.27648915102084476,0.5833266377032839
13,0.015074995656808218,1.0,0.2641424039999644,0.59336610396393
14,0.013114624035855135,1.0,0.28032544255256653,0.59336610396393
15,0.010880885645747185,1.0,0.25133708119392395,0.614756771126528
16,0.0074743844258288545,1.0,0.2242465317249298,0.6141296055506469
17,0.00787261656175057,1.0,0.2877279917399089,0.6261773107564075
18,0.007728999480605125,1.0,0.2446441948413849,0.6381341951073074
19,0.005607978130380313,1.0,0.31329411764939624,0.6381341951073074
20,0.005460038936386506,1.0,0.32257422308127087,0.614756771126528
21,0.006056180689483881,1.0,0.26165581742922467,0.614756771126528
22,0.005229575016225378,1.0,0.25592635571956635,0.6261773107564075
23,0.006214494816958904,1.0,0.23335175712903342,0.6506729835831412
24,0.006786441740890344,1.0,0.2599823574225108,0.6381341951073074
25,0.0035153116720418134,1.0,0.3190839836994807,0.6381341951073074
26,0.005107794888317585,1.0,0.25553639233112335,0.6261773107564075
27,0.0074399810594817,1.0,0.2901960959037145,0.6261773107564075
28,0.003645246382802725,1.0,0.3267191598812739,0.6261773107564075
29,0.004836120021839936,1.0,0.2550072620312373,0.6261773107564075
30,0.0053963162160168094,1.0,0.26050472756226856,0.5899196114769775
31,0.003954292740672827,1.0,0.2341595639785131,0.6261773107564075
32,0.003662822535261512,1.0,0.267285351951917,0.5899196114769775
33,0.002332194708287716,1.0,0.2698713093996048,0.6261773107564075
