,train_loss,train_score,valid_loss,valid_score
1,0.6092168192068735,0.2840684292794767,0.8886107504367828,0.32968586121780785
2,0.3452208340167999,0.7448794221235217,0.7952286601066589,0.3395193342396646
3,0.2361756612857183,0.7914844084331155,0.7041646242141724,0.36061916068834143
4,0.17129528522491455,0.9006863799659567,0.642075389623642,0.41016981072918113
5,0.10497499505678813,0.9532636867319125,0.6126966178417206,0.47428918630884087
6,0.08590317517518997,0.9529296770206318,0.3221580795943737,0.5148193987604248
7,0.048353283355633415,0.9766049484994053,0.35005928575992584,0.5039986096609256
8,0.04054096341133118,0.9882348845970288,0.4025849550962448,0.5261662155060294
9,0.03539803810417652,0.9941002434954168,0.25410551205277443,0.5261662155060294
10,0.022718543807665508,0.9941002434954168,0.2661028429865837,0.6084998469208687
11,0.017152266887327034,0.9941002434954168,0.3217189759016037,0.6253257753674437
12,0.01309586844096581,0.9941002434954168,0.3272094577550888,0.6253257753674437
13,0.01337402251859506,1.0,0.35300543904304504,0.6253257753674437
14,0.0083123785443604,1.0,0.37182116508483887,0.6433262105174062
15,0.008761281613260508,1.0,0.2677125185728073,0.6433262105174062
16,0.007661526091396809,1.0,0.29090309888124466,0.6253257753674437
17,0.007534605295707782,1.0,0.20595835940912366,0.6433262105174062
18,0.006900407994786899,1.0,0.2680153176188469,0.6626527904618502
19,0.004965273352960746,1.0,0.5497916042804718,0.6626527904618502
20,0.004641906979183356,1.0,0.21066687628626823,0.6626527904618502
21,0.006163400753090779,1.0,0.2544880583882332,0.6626527904618502
22,0.004380603243286411,1.0,0.1855780053883791,0.6626527904618502
23,0.0058693404619892435,1.0,0.49950507283210754,0.6834861261734088
24,0.005102759692817926,1.0,0.46037955582141876,0.6834861261734088
25,0.0036131000767151513,1.0,0.3013717234134674,0.6834861261734088
26,0.005696780203531186,1.0,0.28335176408290863,0.6834861261734088
27,0.004007604671642184,1.0,0.1624051039107144,0.6834861261734088
28,0.005774855148047209,1.0,0.3074910640716553,0.6834861261734088
29,0.003877924211944143,1.0,0.17445299122482538,0.6834861261734088
30,0.0029240536193052926,1.0,0.21708285063505173,0.6834861261734088
31,0.0033290693536400795,1.0,0.29222217202186584,0.6834861261734088
32,0.0028018341787780323,1.0,0.4111846536397934,0.6834861261734088
33,0.0037567599986990294,1.0,0.17537324223667383,0.6834861261734088
