,train_loss,train_score,valid_loss,valid_score
1,0.5829754670461019,0.3312862310652588,0.6765874226888021,0.5692005905369899
2,0.3181307911872864,0.7505683356701914,0.620675802230835,0.4671241904209606
3,0.22858045001824698,0.8369770527120453,0.4466995894908905,0.44163600196270103
4,0.1357704053322474,0.9325588711912385,0.391846239566803,0.47399399394516195
5,0.10873158027728398,0.9321266306715218,0.375203142563502,0.5385782357877609
6,0.06495988244811694,0.975456381144309,0.3823725978533427,0.4875809527768842
7,0.04754677787423134,0.9876538476102781,0.4841787318388621,0.48115080213831113
8,0.03153864790995916,0.9876538476102781,0.41130123535792035,0.5153165472634581
9,0.018948076603313286,1.0,0.32098684708277386,0.5554833979606764
10,0.015361449060340723,1.0,0.31596789757410687,0.614756771126528
11,0.01404416716347138,1.0,0.2388435279329618,0.6038318690963269
12,0.010878567583858967,1.0,0.31382911403973895,0.614756771126528
13,0.009224784560501575,1.0,0.32543080548445386,0.614756771126528
14,0.009279840625822544,1.0,0.2700369854768117,0.6038318690963269
15,0.0076148284909625845,1.0,0.32231860359509784,0.5833266377032839
16,0.00650946656242013,1.0,0.30030254026254016,0.5644108707844233
17,0.007124487543478608,1.0,0.32980125149091083,0.5644108707844233
18,0.004403489486624797,1.0,0.27505071957906085,0.5644108707844233
19,0.004215768227974574,1.0,0.3021869858105977,0.5833266377032839
20,0.004440991207957268,1.0,0.32603175441424054,0.5644108707844233
