,train_loss,train_score,valid_loss,valid_score
1,0.5948168635368347,0.3206625955091735,0.7631903489430746,0.41815720438935444
2,0.3255639274915059,0.7292076508085115,0.7719013690948486,0.39319717276829724
3,0.25294876595338184,0.8340074344816795,0.5930300951004028,0.46058190411322064
4,0.14845406512419382,0.932726771976175,0.4334808091322581,0.5260110247097199
5,0.1047411635518074,0.938674076853298,0.3742223083972931,0.5570259934121394
6,0.07510390629371007,0.9692233691951198,0.5278132557868958,0.5260110247097199
7,0.04708267686267694,0.9753048303966929,0.5598597129185995,0.48359062243791506
8,0.03524202232559522,0.9937694097483343,0.5781995952129364,0.48359062243791506
9,0.023378422483801842,0.9937694097483343,0.5395477215449015,0.5146581952874221
10,0.018625078722834587,1.0,0.42648009459177655,0.5441335104671947
11,0.01663735881447792,1.0,0.34482071300347644,0.5706431022305851
12,0.010726012599964937,1.0,0.39280123511950177,0.6166610834962741
13,0.009698085176448027,1.0,0.3209700683752696,0.6166610834962741
14,0.010080574080348015,1.0,0.4452342092990875,0.6166610834962741
15,0.008604841927687326,1.0,0.3752736846605937,0.6340638669746456
16,0.007711191351215045,1.0,0.3231922338406245,0.6340638669746456
17,0.009411970463891825,1.0,0.32103335360685986,0.6083829962530759
18,0.006903034634888172,1.0,0.3474852840105693,0.6108401070689651
19,0.004719567019492388,1.0,0.32320469121138257,0.6202199014913234
20,0.004719773928324382,1.0,0.27854814132054645,0.6400715564971587
21,0.0037075205085178218,1.0,0.2581394116083781,0.6400715564971587
22,0.004357902022699515,1.0,0.29294686516125995,0.6400715564971587
23,0.005039344231287639,1.0,0.2584245204925537,0.672983270205322
24,0.0033992265040675798,1.0,0.33872845272223157,0.672983270205322
25,0.003930562641471624,1.0,0.26585640758275986,0.6849176520533932
26,0.0037429194586972394,1.0,0.2747920552889506,0.6849176520533932
27,0.007689070111761491,1.0,0.20605242252349854,0.6849176520533932
28,0.003593531514828404,1.0,0.24091739455858865,0.6615543135926922
29,0.003947536228224635,1.0,0.22773446391026178,0.6615543135926922
30,0.002763946889899671,1.0,0.25488410890102386,0.6505946201934805
31,0.003071280506749948,1.0,0.3399679958820343,0.6505946201934805
32,0.0083562385601302,1.0,0.23985986908276877,0.6625572205938276
33,0.004023462922001879,1.0,0.37458865841229755,0.6252158183109637
34,0.00436920680416127,1.0,0.39962440729141235,0.6083829962530759
35,0.004329737974330783,1.0,0.37785807251930237,0.6252158183109637
