,train_loss,train_score,valid_loss,valid_score
1,0.5895480910936991,0.3659761266023688,0.8992479840914408,0.28938651797432835
2,0.32467393080393475,0.7529986766303158,0.75629589955012,0.3813672186224306
3,0.2614031384388606,0.7894491919839449,0.6533185442288717,0.43541073755662757
4,0.20374277730782828,0.8611244398211764,0.5810657938321432,0.4443438800253623
5,0.13891985764106116,0.9268119508060213,0.4237736960252126,0.4735150261071781
6,0.0861014152566592,0.9692233691951198,0.3854800562063853,0.5323695878017577
7,0.06382149457931519,0.9814225308444268,0.3833069105943044,0.4942304621934302
8,0.04630450407663981,0.9875771574795098,0.3452794849872589,0.5285918551699038
9,0.02974703845878442,0.9937694097483343,0.31369687616825104,0.5438861892730144
10,0.030685567607482273,0.9937694097483343,0.32092144588629407,0.5870107242849829
11,0.020714585358897846,1.0,0.3299858470757802,0.606623954262734
12,0.022054987028241158,1.0,0.2876365929841995,0.5870107242849829
13,0.01365313958376646,1.0,0.31138737003008526,0.5602287114655289
14,0.014786459815998873,1.0,0.3048994441827138,0.5438861892730144
15,0.009848379530012608,1.0,0.3105420668919881,0.5519185088503615
16,0.00739876925945282,1.0,0.35504403710365295,0.5519185088503615
17,0.010565840173512697,1.0,0.2968666652838389,0.5777547299749907
18,0.008663157311578592,1.0,0.3352420727411906,0.5602287114655289
19,0.006975896501292785,1.0,0.409093181292216,0.5966253736389256
20,0.007653745512167613,1.0,0.2943584620952606,0.606623954262734
21,0.0070333027591307955,1.0,0.3059833248456319,0.5602287114655289
