,train_loss,train_score,valid_loss,valid_score
1,0.6015216410160065,0.2320312145948491,0.700060248374939,0.4414464326564874
2,0.34686999519666034,0.743274917348496,0.6460575759410858,0.30167593550676297
3,0.2731182674566905,0.8198035875000317,0.6485228836536407,0.3528374160166421
4,0.19897000988324484,0.8651329702304584,0.6131070852279663,0.39734359233952654
5,0.11597379545370738,0.9647673127600186,0.43817393481731415,0.38925628661270906
6,0.07949556410312653,0.9824033179248569,0.4538242816925049,0.39734359233952654
7,0.051926263918479286,0.9882348845970288,0.4778517782688141,0.43310156216805623
8,0.02995474450290203,0.9941002434954168,0.4764411449432373,0.4235960746081079
9,0.0215760450810194,1.0,0.44645652174949646,0.43310156216805623
10,0.020879708230495453,1.0,0.34474147111177444,0.4758390974531845
11,0.015090472375353178,1.0,0.46357834339141846,0.3577494593915404
12,0.011799383908510208,1.0,0.34535662829875946,0.3814485014365837
13,0.01138032724459966,1.0,0.3143104389309883,0.3692450381228434
14,0.0076427954869965715,1.0,0.5243867039680481,0.3814485014365837
15,0.007743647166838248,1.0,0.2542259618639946,0.43933823529411764
16,0.005757046552995841,1.0,0.37504473328590393,0.43933823529411764
17,0.006713045450548331,1.0,0.1671521144453436,0.43933823529411764
18,0.006369265727698803,1.0,0.3960389494895935,0.43933823529411764
19,0.004439419989163677,1.0,0.2143832892179489,0.42325727909454847
20,0.005311389608929555,1.0,0.22986895591020584,0.4567631562849093
