,train_loss,train_score
1,0.19096713000119236,0.1529985346660036
