,train_loss,train_score,valid_loss,valid_score
1,0.6200233201185862,0.22176638128637186,0.8156935175259908,0.3278795121687971
2,0.34432719151179,0.6995311641658298,0.7371328075726827,0.3145502763851958
3,0.249336967865626,0.8206918228514856,0.6556173960367838,0.34989964116272376
4,0.16817876199881235,0.91364276813721,0.5569815238316854,0.4031487842610523
5,0.1381594513853391,0.9506686740748921,0.47656036416689557,0.4445478466063146
6,0.10714356104532878,0.9628009223146841,0.5231099923451742,0.45864956927597605
7,0.08187611897786458,0.9446544968971894,0.456386258204778,0.44914988060496513
8,0.05058711518843969,0.9753048303966929,0.5188076794147491,0.45384915477483506
9,0.039035444458325706,0.9937694097483343,0.5497454802195231,0.4737000698838302
10,0.034827511136730514,1.0,0.4897331992785136,0.48982445066940583
11,0.019907246654232342,0.9937694097483343,0.5866511066754659,0.5012432116470543
12,0.015108260326087475,1.0,0.45936038096745807,0.5259229283002776
13,0.013770716885725657,1.0,0.4192262490590413,0.5195041035781273
14,0.011145770239333311,1.0,0.4230775535106659,0.5259229283002776
15,0.011603601276874542,1.0,0.45187948147455853,0.5259229283002776
16,0.012994883116334677,1.0,0.44404030839602154,0.5259229283002776
17,0.009273408136020104,1.0,0.34005144735177356,0.5259229283002776
18,0.008317227320124706,1.0,0.37169315417607623,0.5259229283002776
19,0.006824789568781853,1.0,0.34748834868272144,0.5195041035781273
20,0.007289262333263953,1.0,0.4244350989659627,0.5195041035781273
21,0.005024017921338479,1.0,0.4843197564284007,0.5195041035781273
22,0.003961792370925347,1.0,0.4852698544661204,0.5195041035781273
