,train_loss,train_score,valid_loss,valid_score
1,0.6719116866588593,0.055989251095585425,0.6497801542282104,0.0
2,0.5660455971956253,0.3096617686426662,0.5811470746994019,0.0
3,0.47080668807029724,0.4045199174779452,0.46214792877435684,0.14589455260698223
4,0.38269928097724915,0.6207103876055123,0.3300262987613678,0.3772082042888298
5,0.29206695407629013,0.7388462084945441,0.2597026526927948,0.5971667250265071
6,0.22134003043174744,0.8542421961772491,0.28035251423716545,0.5014923236771917
7,0.1561075747013092,0.9217976907429088,0.32805120944976807,0.4491032374499764
8,0.13271702826023102,0.9452465944188083,0.32589732855558395,0.47750577218910545
9,0.1116548702120781,0.9692233691951198,0.37221039831638336,0.43618324728936597
10,0.06706209946423769,0.9937694097483343,0.4760327637195587,0.4124330752480109
11,0.05201420187950134,0.9875771574795098,0.5151217728853226,0.3718202984551475
12,0.04426408465951681,1.0,0.507188193500042,0.38126472854846366
13,0.035317144356667995,1.0,0.46065712720155716,0.4124732825364668
14,0.027469492983072996,1.0,0.4685855284333229,0.43618324728936597
15,0.023339885752648115,1.0,0.4525332897901535,0.41566603948035147
