,train_loss,train_score,valid_loss,valid_score
1,0.6080812811851501,0.28316394223456165,0.8912049730618795,0.3199551732628005
2,0.3673729995886485,0.6706698516074561,0.8980204264322916,0.3269864017357708
3,0.2573239753643672,0.82915619758885,0.7900422811508179,0.37764831697480594
4,0.1953027993440628,0.8465488996618551,0.6490633487701416,0.4206387845450884
5,0.13547927141189575,0.9261584224952539,0.5452302694320679,0.46058190411322064
6,0.09440536548693974,0.9814225308444268,0.4675935010115306,0.48848595100863446
7,0.07614353795846303,0.9692233691951198,0.4727058708667755,0.48359062243791506
8,0.04714800169070562,0.9937694097483343,0.6273563504219055,0.4562491263620375
9,0.04192511613170306,0.9937694097483343,0.5509292085965475,0.4695064218280435
10,0.044565108915170036,0.9875771574795098,0.43959546089172363,0.531899504527954
11,0.02515243925154209,0.9937694097483343,0.42587408423423767,0.5570259934121394
12,0.02097018373509248,1.0,0.3764512737592061,0.5706431022305851
13,0.014801412199934324,1.0,0.4149777591228485,0.5504935156161409
14,0.015102759934961796,1.0,0.38996265331904095,0.5925964635077338
15,0.01033483042071263,1.0,0.2552800824244817,0.6166610834962741
16,0.009534403681755066,1.0,0.3764013350009918,0.6527139518645054
17,0.010886606449882189,1.0,0.2990110715230306,0.6527139518645054
18,0.007455759371320407,1.0,0.32828978697458905,0.6166610834962741
19,0.007281200184176366,1.0,0.32358134786287945,0.5850606822120846
20,0.00782785719881455,1.0,0.44515760739644367,0.5441335104671947
21,0.007086221594363451,1.0,0.36144863565762836,0.5777466648897325
22,0.006588024242470662,1.0,0.336121529340744,0.5850606822120846
23,0.00674171590556701,1.0,0.4012008607387543,0.5777466648897325
24,0.006459949848552545,1.0,0.4188681294520696,0.6340638669746456
25,0.008437622105702758,1.0,0.4248190224170685,0.6340638669746456
26,0.004441645151625077,1.0,0.2743045190970103,0.6252158183109637
