,train_loss,train_score,valid_loss,valid_score
1,0.5755140980084738,0.31666666666666665,0.7063259482383728,0.4430380116181478
2,0.3304392794768016,0.7620106682240333,0.7235061228275299,0.4144876215666168
3,0.21931069592634836,0.8122914203647441,0.4658145308494568,0.4235960746081079
4,0.1630949725707372,0.8998021774304342,0.7088554799556732,0.4430380116181478
5,0.1054389700293541,0.936239789701455,0.39089253544807434,0.48793309347051234
6,0.07361644506454468,0.9708391914381,0.3667280524969101,0.4359902913851654
7,0.056366623689730964,0.9766049484994053,0.6075347363948822,0.4359902913851654
8,0.04085353948175907,0.9882348845970288,0.31209026277065277,0.4359902913851654
9,0.03419741367300352,0.9882348845970288,0.5192713439464569,0.4489184466463736
10,0.025297245010733604,0.9882348845970288,0.6206041723489761,0.5099413263667371
11,0.022531713359057903,0.9941002434954168,0.31788626313209534,0.5099413263667371
12,0.016010349926849205,0.9941002434954168,0.43460556864738464,0.5281862745098039
13,0.010983723836640516,1.0,0.37675801664590836,0.5696061340791194
14,0.013869016741712889,1.0,0.3025885969400406,0.5696061340791194
15,0.010758323284486929,1.0,0.21175197139382362,0.5281862745098039
16,0.005850073571006457,1.0,0.48363298177719116,0.4567631562849093
17,0.00877236636976401,1.0,0.2681879773736,0.43933823529411764
18,0.005311387901504834,1.0,0.3431938886642456,0.43933823529411764
19,0.00764039671048522,1.0,0.3325476795434952,0.4567631562849093
20,0.007121952871481578,1.0,0.189530773088336,0.4567631562849093
21,0.004495819952959816,1.0,0.23893868178129196,0.4567631562849093
22,0.005326321503768365,1.0,0.33945657312870026,0.4567631562849093
23,0.003970988793298602,1.0,0.28831253945827484,0.4567631562849093
