,train_loss,train_score,valid_loss,valid_score
1,0.6248292724291483,0.18988397371327054,0.6864189704259237,0.376136860369916
2,0.35240787267684937,0.6865768833479441,0.7088795105616251,0.4031487842610523
3,0.2509830445051193,0.8567194721542484,0.6104044914245605,0.4357638235215377
4,0.19048378864924112,0.8820945964404219,0.5130140483379364,0.48982445066940583
5,0.15602687994639078,0.8958696997539117,0.3682139317194621,0.5462964156993987
6,0.11680677533149719,0.938674076853298,0.3897341787815094,0.568563056552301
7,0.06032198667526245,0.9692233691951198,0.396649310986201,0.5287431168515262
8,0.042468023796876274,0.9937694097483343,0.37137219806512195,0.5393094725068078
9,0.032210505257050194,0.9937694097483343,0.40025389194488525,0.5325216277702775
10,0.035818602268894516,0.9937694097483343,0.3351934452851613,0.5520582735125914
11,0.020965369418263435,1.0,0.2938382128874461,0.6017939472401159
12,0.01725292516251405,1.0,0.393235703309377,0.5846228234139333
13,0.012351115234196186,1.0,0.3509717384974162,0.5520582735125914
14,0.011288939975202084,1.0,0.3550023635228475,0.5520582735125914
15,0.010053974886735281,1.0,0.4160487751166026,0.5362630658899051
16,0.008159252038846413,1.0,0.3525877396265666,0.5362630658899051
17,0.007098078262060881,1.0,0.37693052490552265,0.5440298285169028
18,0.007147185814877351,1.0,0.34806162118911743,0.5440298285169028
19,0.006627242391308148,1.0,0.32409600416819256,0.5778825823888194
20,0.005266341846436262,1.0,0.30869266390800476,0.5778825823888194
21,0.004475451695422332,1.0,0.2587861269712448,0.596745010104818
