,train_loss,train_score,valid_loss,valid_score
1,0.6638682931661606,0.0,0.5683852434158325,0.0
2,0.5548717826604843,0.1886761921960959,0.4751032814383507,0.0
3,0.44801998138427734,0.45858758775604797,0.38883026689291,-0.015132228100809603
4,0.3559544235467911,0.7257692844503928,0.32030464708805084,0.5923664052797938
5,0.26230211928486824,0.8361131616389976,0.2743677832186222,0.6901288201988649
6,0.21030787378549576,0.8988379189374323,0.25822586938738823,0.6634616902626107
7,0.1543305665254593,0.9276125895432153,0.26978668943047523,0.6278872181662262
8,0.10782139748334885,0.9631774724179828,0.2722244933247566,0.63996739727502
9,0.07411475386470556,0.9753048303966929,0.28937364369630814,0.63996739727502
10,0.06429091095924377,0.9753048303966929,0.34504495561122894,0.6016742028749685
11,0.046482511796057224,0.9814225308444268,0.3012980930507183,0.63996739727502
12,0.042383565567433834,0.9875771574795098,0.3521176055073738,0.5929375676834228
13,0.0362405925989151,0.9814225308444268,0.25369133055210114,0.6614583333333334
14,0.02839435776695609,0.9875771574795098,0.25389520451426506,0.6728914923303897
15,0.02787925163283944,0.9875771574795098,0.26225726678967476,0.6614583333333334
