,train_loss,train_score,valid_loss,valid_score
1,0.6711927503347397,0.12598815766974242,0.6849493235349655,0.0
2,0.5536719262599945,0.4793944464285189,0.6080967336893082,0.0
3,0.44252584129571915,0.7308562863236037,0.5009740665555,0.4485303058010556
4,0.33702999353408813,0.7803217157275585,0.3948044553399086,0.5592676827859484
5,0.2635987438261509,0.8470839101854909,0.33714481443166733,0.6166418307968791
6,0.20532949641346931,0.873695599526595,0.33250924199819565,0.643223338923786
7,0.1331328470259905,0.9571664769885428,0.3364590145647526,0.6252158183109637
8,0.10005156509578228,0.9571664769885428,0.2690717354416847,0.6505946201934805
9,0.07716657780110836,0.9631774724179828,0.25250817835330963,0.6393191535982257
10,0.06142589449882507,0.9692233691951198,0.2341681309044361,0.6973976568361225
11,0.056434158235788345,0.9814225308444268,0.25144704803824425,0.672983270205322
12,0.033593001775443554,0.9814225308444268,0.28576524928212166,0.6166610834962741
13,0.033330796752125025,0.9875771574795098,0.2688499502837658,0.6252158183109637
14,0.023066636873409152,0.9937694097483343,0.2629241980612278,0.6340638669746456
15,0.018830803921446204,0.9937694097483343,0.274507500231266,0.6527139518645054
16,0.018252410925924778,0.9937694097483343,0.231375215575099,0.6400715564971587
17,0.01914968271739781,0.9937694097483343,0.254020675085485,0.6625572205938276
18,0.015128276776522398,1.0,0.27346693351864815,0.6505946201934805
19,0.014389676507562399,1.0,0.2809850759804249,0.6400715564971587
20,0.010637798812240362,1.0,0.24729665741324425,0.672983270205322
