,train_loss,train_score,valid_loss,valid_score
1,0.664685994386673,0.0,0.6261302381753922,0.0
2,0.5435599684715271,0.24413653763134782,0.5176556557416916,0.0
3,0.45099059492349625,0.4404881959216032,0.4239686504006386,0.3642170228128409
4,0.3523264452815056,0.6400715818999834,0.3325038328766823,0.5852252656936974
5,0.2659629061818123,0.805906034276003,0.2614489533007145,0.5811896496496133
6,0.19494109973311424,0.8637217968895974,0.28400903195142746,0.6016742028749685
7,0.14015129581093788,0.9150772842791178,0.286499485373497,0.6251050331912297
8,0.09515474364161491,0.9571664769885428,0.33172446861863136,0.5849328448987128
9,0.07125736679881811,0.9692233691951198,0.3103572204709053,0.608265263693434
10,0.05530887469649315,0.9814225308444268,0.35755201429128647,0.5705087134100852
11,0.0405237702652812,0.9875771574795098,0.3594044968485832,0.5849328448987128
12,0.02912312326952815,0.9875771574795098,0.4040289483964443,0.5636018619766345
13,0.02590998448431492,0.9875771574795098,0.37959470599889755,0.5705087134100852
14,0.024301739409565926,0.9875771574795098,0.3971055969595909,0.5705087134100852
15,0.01850141934119165,0.9875771574795098,0.4081391766667366,0.5636018619766345
16,0.019112045178189874,0.9875771574795098,0.4126172810792923,0.5636018619766345
17,0.01874060439877212,0.9875771574795098,0.4334915988147259,0.5439863956645851
