,train_loss,train_score,valid_loss,valid_score
1,0.6127230028311411,0.2588516353981612,0.7101107835769653,0.664123405083946
2,0.35037903984387714,0.7091252098615927,0.6732001900672913,0.47391869606640696
3,0.23039455711841583,0.8703711922334854,0.49975869059562683,0.47391869606640696
4,0.1781976819038391,0.8940547620901788,0.3488059937953949,0.5636018619766345
5,0.14067969967921576,0.9250384870542661,0.2621729150414467,0.5924719553724154
6,0.09573959559202194,0.9480909262799544,0.20450804382562637,0.5777547299749907
7,0.06623719880978267,0.9708391914381,0.39882150292396545,0.5777547299749907
8,0.04410093277692795,0.9824033179248569,0.4544598162174225,0.5777547299749907
9,0.03821550061305364,0.9941002434954168,0.4428431987762451,0.5285918551699038
10,0.02628545214732488,0.9941002434954168,0.2775207497179508,0.5142311233787904
11,0.016398088385661442,1.0,0.4212426245212555,0.5142311233787904
