,train_loss,train_score,valid_loss,valid_score
1,0.5889932016531626,0.2858595740644648,0.7271947662035624,0.24793932364570845
2,0.3652963737646739,0.7237792551989938,0.7049394448598226,0.3450125989946045
3,0.24530600508054098,0.8359821204103391,0.6353500485420227,0.33105540123943233
4,0.17875279486179352,0.8725931005983388,0.5930159687995911,0.34143584082329426
5,0.11929342399040858,0.9452465944188083,0.5655144254366556,0.3889721875692107
6,0.09471606959899266,0.9628009223146841,0.4795104463895162,0.4124330752480109
7,0.07027989625930786,0.9814225308444268,0.515225350856781,0.4387824883885977
8,0.04315651208162308,0.9937694097483343,0.5734194914499918,0.40273650729119465
9,0.03035559629400571,1.0,0.5974240899085999,0.38026839693906533
10,0.025360381851593655,1.0,0.6940376162528992,0.3719087634301299
11,0.0191994725416104,1.0,0.6083391110102335,0.3889721875692107
12,0.019411919948955376,1.0,0.5747460822264353,0.4225896487245397
13,0.01740729622542858,1.0,0.6150071819623312,0.42785363952665545
14,0.01657752723743518,1.0,0.5223790208498637,0.42785363952665545
15,0.01411409955471754,1.0,0.6231152613957723,0.42785363952665545
16,0.010502321956058344,1.0,0.45354515314102173,0.4332491606450983
17,0.009424620618422827,1.0,0.4383607010046641,0.4387824883885977
