,train_loss,train_score,valid_loss,valid_score
1,0.6510047763586044,0.07559289460184544,0.6490111649036407,0.0
2,0.531813308596611,0.5091120737552758,0.5450196713209152,0.0
3,0.4160006046295166,0.7126923604062416,0.4445185363292694,0.542221556668324
4,0.3095390498638153,0.8306626283123043,0.3709973990917206,0.593463140040164
5,0.22902315109968185,0.8819171036881969,0.32306402176618576,0.5355452632863152
6,0.16678506508469582,0.932726771976175,0.3437829613685608,0.4752865513439579
7,0.11076117120683193,0.9692233691951198,0.33672720938920975,0.5034368336198725
8,0.08344892226159573,0.9631774724179828,0.31985607743263245,0.5355452632863152
9,0.06255010049790144,0.9814225308444268,0.35000578314065933,0.48200130997028184
10,0.06219232175499201,0.9692233691951198,0.32395827025175095,0.5443134111742758
11,0.03785489732399583,0.9692233691951198,0.320302527397871,0.5628841571514129
12,0.02877449942752719,0.9814225308444268,0.3509787805378437,0.5355452632863152
13,0.029766299296170473,0.9814225308444268,0.3896596133708954,0.5034368336198725
14,0.026238121557980776,0.9937694097483343,0.3588365614414215,0.5189351638727756
