,train_loss,train_score,valid_loss,valid_score
1,0.15112291488246915,0.33036988305182663,0.13358656876305133,0.44139156594954404
2,0.13230617629713487,0.4222382944575112,0.12091948223039714,0.4844005125267665
3,0.12138300187585169,0.4736398975627896,0.11704161280245001,0.5224052067050894
4,0.11222828822890207,0.5182175115188448,0.11259235231169704,0.5471858759524555
5,0.1042893336145629,0.5557138184783095,0.10719677430275734,0.5429135279216127
6,0.0960682847958447,0.5951663870460144,0.12704222954789027,0.5003891025960484
