,train_loss,train_score,valid_loss,valid_score
1,0.6054742336273193,0.23318620108360696,0.734756737947464,0.4414464326564874
2,0.3842507501443227,0.6877961055566323,0.738195151090622,0.3528374160166421
3,0.2561839520931244,0.8528028654224418,0.4942552000284195,0.3814618135566235
4,0.17547284066677094,0.9174167698024717,0.4715864360332489,0.43310156216805623
5,0.14370086789131165,0.9353206844342672,0.6352683156728745,0.4235960746081079
6,0.09981880088647206,0.9480909262799544,0.6201998889446259,0.4057458677632036
7,0.06424581632018089,0.9766049484994053,0.3700655549764633,0.39734359233952654
8,0.05304300660888354,0.9882348845970288,0.5457064807415009,0.4235960746081079
9,0.033207968498269715,1.0,0.42793960869312286,0.4534435128398129
10,0.027928955232103665,1.0,0.5556569844484329,0.5007062118645611
11,0.021429287890593212,1.0,0.27036095038056374,0.5007062118645611
12,0.014530584526558718,1.0,0.4046713262796402,0.46266734535479903
13,0.013818828389048576,1.0,0.3707098960876465,0.47733772864664964
14,0.011274241531888643,1.0,0.4660077393054962,0.47733772864664964
15,0.011602764017879963,1.0,0.21940424107015133,0.5099413263667371
16,0.0073485954975088435,1.0,0.3593156039714813,0.5099413263667371
17,0.007437502965331078,1.0,0.2455086186528206,0.4567631562849093
18,0.007017507838706176,1.0,0.28394152224063873,0.4567631562849093
19,0.00759861059486866,1.0,0.14118350623175502,0.47575057789562814
20,0.005077283519009749,1.0,0.1359764877706766,0.47575057789562814
21,0.007561969105154276,1.0,0.13185439491644502,0.47575057789562814
22,0.0038023547579844794,1.0,0.28949201107025146,0.47575057789562814
23,0.0066015636548399925,1.0,0.42125776410102844,0.47575057789562814
24,0.005314523043731849,1.0,0.1636305619031191,0.4567631562849093
25,0.004860491957515478,1.0,0.3664582818746567,0.4567631562849093
