,train_loss,train_score,valid_loss,valid_score
1,0.6592148542404175,0.09728166526882823,0.6516041308641434,0.0
2,0.5264024585485458,0.5534128834021402,0.5739366859197617,0.0
3,0.4182047173380852,0.7282143287812906,0.473483107984066,0.47556060483457563
4,0.3130708411335945,0.8063242090863514,0.35925523936748505,0.4661870624348967
5,0.24443968385457993,0.8600378041868519,0.3149711638689041,0.5443134111742758
6,0.1678655669093132,0.9334586382051248,0.30335916578769684,0.553418463712477
7,0.1256743259727955,0.9446544968971894,0.3196733072400093,0.5110554767815644
8,0.0886895228177309,0.9631774724179828,0.2635830231010914,0.5628841571514129
9,0.06038902699947357,0.9753048303966929,0.2481747418642044,0.5830048040303858
10,0.04924274701625109,0.9814225308444268,0.28708504512906075,0.5727366410411474
11,0.04193299729377031,0.9937694097483343,0.3196033239364624,0.5764620746930896
12,0.026839373167604208,0.9937694097483343,0.31353940442204475,0.5871344986713599
13,0.024586486164480448,0.9937694097483343,0.3514229655265808,0.5362630658899051
14,0.01979480916634202,0.9937694097483343,0.36838604509830475,0.5214562695205918
15,0.01536409743130207,0.9937694097483343,0.4075688496232033,0.5132565065402932
16,0.017162524396553636,0.9937694097483343,0.44735680520534515,0.48982445066940583
17,0.01047165330965072,0.9937694097483343,0.43597254902124405,0.5132565065402932
18,0.012245503487065434,0.9937694097483343,0.4413863494992256,0.5195041035781273
19,0.01369605038780719,0.9937694097483343,0.3906904384493828,0.5609112290709019
20,0.008539514150470495,0.9937694097483343,0.36475784331560135,0.5689662622734246
21,0.009645212208852172,0.9937694097483343,0.34361744672060013,0.5355452632863152
22,0.009626827435567975,0.9937694097483343,0.3532929942011833,0.5355452632863152
