,train_loss,train_score,valid_loss,valid_score
1,0.5606465935707092,0.36194993015330795,0.8583648800849915,0.3165999862983172
2,0.32572710514068604,0.7327952057001721,0.82582026720047,0.31570997979404375
3,0.23245030144850412,0.8594941490160508,0.9925193786621094,0.32968586121780785
4,0.1536334753036499,0.9055791340630849,0.7352272272109985,0.36622955586795675
5,0.11119010299444199,0.9120252866323335,0.7316571474075317,0.36017728982583996
6,0.07794702053070068,0.9587309488182338,0.7846645414829254,0.36719337164057003
7,0.04977501059571902,0.9824033179248569,0.6690313518047333,0.36017728982583996
8,0.034102012713750206,0.9941002434954168,0.8672390282154083,0.35338400969116635
9,0.023545262093345325,0.9941002434954168,0.5812539756298065,0.36017728982583996
10,0.018128205711642902,1.0,0.5868287682533264,0.3744474058638557
11,0.026795532554388046,0.9941002434954168,0.42766157537698746,0.41492893278912213
12,0.016540078446269035,1.0,0.3912392258644104,0.4335160454746275
13,0.018764156848192215,1.0,0.3188709691166878,0.5010370871791437
14,0.010782399525245031,1.0,0.5888848602771759,0.5010370871791437
15,0.007604680955410004,1.0,0.4292275458574295,0.4761985195794939
16,0.0068894545547664165,1.0,0.6614803373813629,0.4882783461981246
17,0.00672910346960028,1.0,0.34045931696891785,0.5010370871791437
18,0.0052111689777423935,1.0,0.5184373259544373,0.5288932361229772
19,0.0039936706113318605,1.0,0.4997517466545105,0.5288932361229772
20,0.0050027162457505865,1.0,0.37917184829711914,0.5780094768945447
21,0.004513549696033199,1.0,0.2229334581643343,0.56049937918095
22,0.004524162815262874,1.0,0.397967204451561,0.5288932361229772
23,0.0034963820750514665,1.0,0.36255986243486404,0.4761985195794939
24,0.0035637379623949528,1.0,0.514871209859848,0.4761985195794939
25,0.002365121307472388,1.0,0.562839075922966,0.4761985195794939
26,0.0024580972579618296,1.0,0.321686502546072,0.46473441196683624
27,0.0037998007610440254,1.0,0.3240090385079384,0.46473441196683624
28,0.002958220662549138,1.0,0.3950803354382515,0.46473441196683624
29,0.0027030357935776315,1.0,0.4650232046842575,0.46473441196683624
30,0.0022491014872988067,1.0,0.4414234906435013,0.4761985195794939
