,train_loss,train_score,valid_loss,valid_score
1,0.6108712553977966,0.2407589984809261,0.6684819161891937,0.5636018619766345
2,0.33569400509198505,0.6792577914494656,0.6305039823055267,0.43624696982915667
3,0.23792004585266113,0.8131727983645296,0.5308068692684174,0.42801083784283356
4,0.15981613596280417,0.8889892552489864,0.42454975843429565,0.5048781642974013
5,0.11805437753597896,0.9248263581001583,0.5092884600162506,0.49365724849494175
6,0.0863804171482722,0.9596374079840052,0.4389777183532715,0.46305642460926566
7,0.06621280685067177,0.9767410038007758,0.6971597373485565,0.4448156500920858
8,0.04022960737347603,0.9883036912035246,0.37929993122816086,0.46305642460926566
9,0.034027369072039924,0.9941348467724344,0.3490329086780548,0.49365724849494175
10,0.029291273405154545,1.0,0.3784608840942383,0.5166897771311671
11,0.015820825472474098,1.0,0.379677951335907,0.46305642460926566
