,train_loss,train_score,valid_loss,valid_score
1,0.5698074102401733,0.45515761971141605,0.8478151559829712,0.3049538949056119
2,0.3580061693986257,0.7636067919937609,0.7739964127540588,0.38975002272469944
3,0.24047967294851938,0.8326256191221614,0.6021258533000946,0.4395039840402831
4,0.19118176400661469,0.865741148140531,0.49880674481391907,0.48341044854730425
5,0.12360194325447083,0.9181890875398396,0.34817930310964584,0.525854646498153
6,0.09073319534460704,0.9480909262799544,0.4243438094854355,0.525854646498153
7,0.056265588849782944,0.9824033179248569,0.5614899545907974,0.525854646498153
8,0.04508643349011739,0.9941002434954168,0.5165355503559113,0.5144957554275265
9,0.03524151692787806,0.9941002434954168,0.27112846076488495,0.5503495392790071
10,0.022292086233695347,1.0,0.48503635823726654,0.577615534661554
11,0.01892829438050588,1.0,0.2565515786409378,0.6251050331912297
12,0.012561093394955,1.0,0.2007184699177742,0.6431196942844082
13,0.014445894708236059,1.0,0.18876905366778374,0.7058823529411765
14,0.012010895957549414,1.0,0.2579628899693489,0.6833094209111142
15,0.009947114003201326,1.0,0.39870716631412506,0.6431196942844082
16,0.01046716763327519,1.0,0.4656170755624771,0.6251050331912297
17,0.007537445208678643,1.0,0.193313414696604,0.608265263693434
18,0.008416202540198961,1.0,0.29337508976459503,0.6431196942844082
19,0.005725101723025243,1.0,0.4257034510374069,0.6431196942844082
20,0.005736251516888539,1.0,0.25944922119379044,0.7058823529411765
21,0.0056747688601414365,1.0,0.1941127423197031,0.7058823529411765
22,0.004004433906326692,1.0,0.20551445335149765,0.6624609340663695
23,0.0053066642334063845,1.0,0.3923679292201996,0.6624609340663695
