,train_loss,train_score,valid_loss,valid_score
1,0.6108764509359995,0.2361363349076005,0.6356881260871887,0.32394177193585
2,0.3632202943166097,0.6479876772429429,0.8635216653347015,0.24421445155215898
3,0.27442683776219684,0.7871659014923486,0.9467293620109558,0.28938651797432835
4,0.17922040820121765,0.9125375165444561,0.6767310798168182,0.366672979560969
5,0.13053496678670248,0.9418842897989322,0.41664500534534454,0.4057458677632036
6,0.08798239380121231,0.9708391914381,0.5959874391555786,0.39734359233952654
7,0.06869813054800034,0.9824033179248569,0.5673361569643021,0.4057458677632036
8,0.04447377845644951,0.9824033179248569,0.7624664604663849,0.4144876215666168
9,0.03598660292724768,0.9941002434954168,0.3720818758010864,0.4534435128398129
10,0.03166034693519274,0.9941002434954168,0.39351166784763336,0.4758390974531845
11,0.01953804089377324,0.9941002434954168,0.5591078400611877,0.48793309347051234
12,0.016863937800129254,0.9941002434954168,0.6274908781051636,0.48793309347051234
13,0.016308441758155823,0.9941002434954168,0.5097244530916214,0.4758390974531845
14,0.01575389752785365,1.0,0.6233137100934982,0.4758390974531845
15,0.016568125846485298,1.0,0.5012940764427185,0.4643610034819457
16,0.008427544496953487,1.0,0.3830956518650055,0.4643610034819457
17,0.01063778530806303,1.0,0.7448147237300873,0.4758390974531845
18,0.008224201388657093,1.0,0.4871191382408142,0.4122643249643901
19,0.005532619232932727,1.0,0.6533571183681488,0.4122643249643901
20,0.007681484334170818,1.0,0.32163824141025543,0.4237968890675681
21,0.0052085321707030134,1.0,0.2610823684372008,0.4237968890675681
