,train_loss,train_score,valid_loss,valid_score
1,0.6659609228372574,0.07930515857181442,0.6638723164796829,0.0
2,0.5387706607580185,0.4276686017238498,0.5498589724302292,0.0
3,0.4314398765563965,0.618732735033372,0.4315972179174423,0.3930491888651133
4,0.33258427679538727,0.75399182714523,0.2996463477611542,0.4968954581995725
5,0.24287690594792366,0.8526051273426606,0.23559975251555443,0.5830514972498476
6,0.16606555879116058,0.9017629791626153,0.25086499378085136,0.596745010104818
7,0.1350667718797922,0.9511897312113419,0.26774733886122704,0.5603645555564457
8,0.11687513627111912,0.9571664769885428,0.27044874615967274,0.5778825823888194
9,0.07744296733289957,0.9692233691951198,0.3114384226500988,0.5520582735125914
10,0.04994585644453764,0.975076180802554,0.3508718851953745,0.5008722801238833
11,0.042117963545024395,0.9814225308444268,0.3834332674741745,0.5287431168515262
12,0.02914680913090706,0.9814225308444268,0.3782525658607483,0.5143898553985499
13,0.03108294028788805,0.9814225308444268,0.34052883461117744,0.5034368336198725
14,0.02341085532680154,0.9814225308444268,0.3562380447983742,0.5189351638727756
15,0.02091840817593038,0.9814225308444268,0.31653499230742455,0.5443134111742758
16,0.015404180623590946,0.9814225308444268,0.341762263327837,0.5443134111742758
