,train_loss,train_score,valid_loss,valid_score
1,0.6077987452348074,0.183003604348671,0.6716202696164449,0.4796832965787947
2,0.33619174361228943,0.7109690028945869,0.6518805623054504,0.3975784307647524
3,0.223102534810702,0.8611244398211764,0.5633044242858887,0.3975784307647524
4,0.15934055546919504,0.9317050452262764,0.5310753484567007,0.40173540558203125
5,0.14119853079319,0.9381598757318014,0.5960438052813212,0.4102975359464158
6,0.09406814724206924,0.9502970142326752,0.5026233394940695,0.4702106105857971
7,0.08342961221933365,0.9692233691951198,0.3992202679316203,0.4944001533099698
8,0.056232636173566185,0.9692233691951198,0.49594912926356,0.5034368336198725
9,0.04947315653165182,0.9814225308444268,0.37910763422648114,0.4889231771507513
10,0.030101732661326725,0.9875771574795098,0.31268032391866046,0.5189351638727756
11,0.022362908348441124,0.9937694097483343,0.3726544479529063,0.5110554767815644
12,0.024559862290819485,0.9937694097483343,0.36179374655087787,0.485218572682344
13,0.019321389806767304,0.9937694097483343,0.33093535900115967,0.4932079441838111
14,0.013703733682632446,0.9937694097483343,0.4839489261309306,0.5270924174778843
15,0.012260635693868002,1.0,0.3518374065558116,0.5189351638727756
16,0.01098461045573155,1.0,0.35962240894635517,0.5270924174778843
17,0.011655478738248348,1.0,0.3814937969048818,0.5034368336198725
18,0.009071490416924158,1.0,0.457421213388443,0.5034368336198725
19,0.007586103553573291,1.0,0.5021378000577291,0.5110554767815644
20,0.006200029669950406,1.0,0.4094333350658417,0.5270924174778843
21,0.005706888468315204,1.0,0.48236151536305744,0.5189351638727756
22,0.005754150139788787,1.0,0.4312341312567393,0.5443134111742758
23,0.005898875339577596,1.0,0.39163238803545636,0.5270924174778843
24,0.004750094376504421,1.0,0.36939502755800885,0.5355452632863152
25,0.004190171292672555,1.0,0.4561284879843394,0.5270924174778843
26,0.005385380703955889,1.0,0.4037025074164073,0.5443134111742758
27,0.005600797478109598,1.0,0.5236612955729166,0.5355452632863152
28,0.004296089832981427,1.0,0.31263303260008496,0.5443134111742758
29,0.0038131166559954486,1.0,0.3437723219394684,0.5100919173201363
30,0.0036706041234234967,1.0,0.4006839593251546,0.5443134111742758
31,0.006288415286689997,1.0,0.3630437950293223,0.5190289256303792
32,0.0030995706717173257,1.0,0.33670589327812195,0.5190289256303792
