,train_loss,train_score,valid_loss,valid_score
1,0.6131313244501749,0.2466305629826247,0.7333497802416483,0.2882498283568156
2,0.3690032462279002,0.683854089477128,0.6720048983891805,0.44914988060496513
3,0.24997206528981528,0.8217978233142822,0.6022853851318359,0.45864956927597605
4,0.17114728689193726,0.9092562255627332,0.49726249774297077,0.46355524515544033
5,0.1172059898575147,0.9317050452262764,0.46972201267878216,0.5132565065402932
6,0.10489194095134735,0.9393364366277243,0.4615873297055562,0.5008722801238833
7,0.06465030337373416,0.9753048303966929,0.3868408103783925,0.5195041035781273
8,0.0457418883840243,0.9875771574795098,0.4495356281598409,0.5143898553985499
9,0.031889005253712334,0.9875771574795098,0.45895758271217346,0.47601949746444544
10,0.02206510119140148,1.0,0.4863058527310689,0.4881063797123407
11,0.026510450368126232,1.0,0.49013814330101013,0.4881063797123407
12,0.01928134945531686,1.0,0.5642320215702057,0.48982445066940583
13,0.014933440213402113,0.9937694097483343,0.6484626332918803,0.49348826012935876
14,0.011349465077122053,1.0,0.5399726827939352,0.48982445066940583
15,0.012296349431077639,1.0,0.5352939367294312,0.47601949746444544
16,0.006941186264157295,1.0,0.5494827727476755,0.4819822137441151
17,0.0071777948178350925,1.0,0.5171521902084351,0.5143898553985499
