,train_loss,train_score,valid_loss,valid_score
1,0.6424120465914408,0.2819170383840981,0.9695037206013998,0.1876882903055047
2,0.36471782128016156,0.6784005252999681,0.9762674967447916,0.28976354513277214
3,0.2596920231978099,0.8223719149523913,0.7576731443405151,0.3469683448252614
4,0.15496695041656494,0.9034652232055224,0.5591717958450317,0.4031487842610523
5,0.12011787046988805,0.9071185566231289,0.5935058494408926,0.4445478466063146
6,0.08125146726767223,0.9753048303966929,0.5611288150151571,0.4192123585410357
7,0.055022058387597404,0.9814225308444268,0.495068500439326,0.4192123585410357
8,0.06531985849142075,0.9753048303966929,0.5016000668207804,0.4238108784225934
9,0.03193106253941854,0.9937694097483343,0.5177806119124094,0.4645484255868549
10,0.03303785063326359,0.9937694097483343,0.45529889067014057,0.5214562695205918
11,0.018469220648209255,1.0,0.4182720482349396,0.5689662622734246
12,0.019549822434782982,1.0,0.4213976462682088,0.5871344986713599
13,0.015602874880035719,1.0,0.4622735381126404,0.5689662622734246
14,0.017264141390721004,1.0,0.3517388204733531,0.5871344986713599
15,0.014542722453673681,1.0,0.3593209187189738,0.5871344986713599
16,0.010795050921539465,1.0,0.34715888897577923,0.5778825823888194
17,0.009029014501720667,1.0,0.4688875079154968,0.5520582735125914
18,0.008241439859072367,1.0,0.5198324670394262,0.5520582735125914
19,0.00953277526423335,1.0,0.36947542428970337,0.5287431168515262
20,0.01131428653995196,1.0,0.3479427993297577,0.5778825823888194
21,0.006420425449808438,1.0,0.3989018003145854,0.5778825823888194
22,0.005612849723547697,1.0,0.40320494771003723,0.5778825823888194
