,train_loss,train_score,valid_loss,valid_score
1,0.5819589197635651,0.2747982027929555,0.6822497248649597,0.6446078431372549
2,0.3576109707355499,0.6760128955586655,0.6609624922275543,0.44762444868307133
3,0.27441293994585675,0.7905331047138203,0.508111983537674,0.47391869606640696
4,0.1936286340157191,0.8819038625843114,0.46288643777370453,0.4933139302473538
5,0.14244323472181955,0.9181890875398396,0.45768845081329346,0.525854646498153
6,0.11535672098398209,0.9243886531229556,0.5414641499519348,0.5144957554275265
7,0.08824886381626129,0.9766049484994053,0.5539504587650299,0.4933139302473538
8,0.05208576222260793,0.9882348845970288,0.5568724870681763,0.4933139302473538
9,0.041226291408141456,0.9941002434954168,0.4645976126194,0.525854646498153
10,0.027162862941622734,1.0,0.3642922043800354,0.5503495392790071
11,0.022529677177468937,1.0,0.2686108276247978,0.5924719553724154
