,train_loss,train_score,valid_loss,valid_score
1,0.6692236959934235,0.17960530202677488,0.6869699656963348,0.0
2,0.5451747626066208,0.5482930791331408,0.6084778010845184,0.2562474045320245
3,0.42018184810876846,0.7487767802667673,0.5231997817754745,0.3917588380249249
4,0.31829380989074707,0.8125387457904408,0.4390290305018425,0.4569251597775554
5,0.23299167677760124,0.8794080883518105,0.42640794068574905,0.5325216277702775
6,0.17026423662900925,0.9276125895432153,0.44413769245147705,0.5132565065402932
7,0.12757422402501106,0.9381598757318014,0.4190678969025612,0.5071720605264959
8,0.08566918782889843,0.9631774724179828,0.3890393376350403,0.5287431168515262
9,0.06434624549001455,0.9753048303966929,0.4152546152472496,0.5287431168515262
10,0.05120028555393219,0.9814225308444268,0.44847525656223297,0.4881063797123407
11,0.03916662139818072,0.9875771574795098,0.48149385303258896,0.47894872107935343
12,0.038100064266473055,0.9875771574795098,0.5473999679088593,0.47894872107935343
13,0.022883159574121237,0.9875771574795098,0.5280728116631508,0.48982445066940583
14,0.02276296680793166,0.9875771574795098,0.46212223917245865,0.5259229283002776
15,0.01638606213964522,0.9875771574795098,0.501486711204052,0.5259229283002776
