,train_loss,train_score,valid_loss,valid_score
1,0.6696220874786377,0.055814557218594754,0.5763191282749176,0.0
2,0.5515308678150177,0.3978358723078702,0.4790283814072609,0.0
3,0.45078069567680357,0.7253043159329058,0.39853669703006744,0.491552008055482
4,0.3673528075218201,0.8605466521581154,0.3763474076986313,0.5899196114769775
5,0.3338386505842209,0.8437994428221655,0.358801431953907,0.6031483057987304
6,0.2611109852790833,0.9331361283626991,0.34586532413959503,0.6409310644865079
7,0.28002230674028394,0.944554985747142,0.32677697390317917,0.578654925565073
8,0.20505964607000352,0.9514859136040755,0.2160087190568447,0.6491216794374505
9,0.19848694801330566,0.9634021551641092,0.24152004718780518,0.578654925565073
10,0.19297027960419655,0.9514859136040755,0.21453919261693954,0.5527841276458545
11,0.1838601753115654,0.9694116958983826,0.3335845321416855,0.5153165472634581
12,0.17348865047097206,0.9694116958983826,0.3483038395643234,0.5153165472634581
13,0.25235635191202166,0.9752305287724129,0.3913082927465439,0.5153165472634581
14,0.17742526829242705,0.975456381144309,0.24366804584860802,0.4931761573309582
15,0.17110876739025116,0.9815368735540919,0.2961176075041294,0.5644143517679754
16,0.1447986677289009,0.9815368735540919,0.2348022684454918,0.5642660953974591
17,0.16471053063869476,0.9815368735540919,0.25407302752137184,0.514699097985304
18,0.10224782302975655,0.9876538476102781,0.30635106191039085,0.46079641202306826
