,train_loss,train_score,valid_loss,valid_score
1,0.6672642379999161,0.12598815766974242,0.6975246220827103,0.0
2,0.5529144704341888,0.4634068234685616,0.6003936678171158,0.1512522243965182
3,0.4440774992108345,0.730645870515607,0.49107465893030167,0.36603342347996587
4,0.34482480585575104,0.8202913182466887,0.4023827463388443,0.5695970441735402
5,0.2656906582415104,0.8344408667498865,0.3250604048371315,0.6048071199309467
6,0.17748760804533958,0.9393364366277243,0.2986525222659111,0.5966253736389256
7,0.13584174402058125,0.9452465944188083,0.3048347383737564,0.606623954262734
8,0.08701841905713081,0.9692233691951198,0.3263443149626255,0.606623954262734
9,0.06120419688522816,0.9692233691951198,0.3180651478469372,0.5966253736389256
10,0.04757527820765972,0.9753048303966929,0.3465023562312126,0.5966253736389256
11,0.03580600209534168,0.9814225308444268,0.3337043412029743,0.5966253736389256
12,0.026629513828083873,0.9814225308444268,0.3804767392575741,0.5966253736389256
13,0.02449103957042098,0.9814225308444268,0.3337961509823799,0.5726102941176471
14,0.043619124218821526,0.975076180802554,0.26698990538716316,0.6048071199309467
15,0.019701476208865643,0.9875771574795098,0.24071937799453735,0.6417397104653856
16,0.015381430042907596,0.9875771574795098,0.2995613366365433,0.6288281455225324
17,0.015000644605606794,0.9875771574795098,0.33371759951114655,0.5936033580644793
18,0.014194648596458137,0.9875771574795098,0.41001350805163383,0.5108994500173003
19,0.015269732335582376,0.9875771574795098,0.4179154969751835,0.5285918551699038
20,0.011320361285470426,0.9875771574795098,0.5163583420217037,0.5142311233787904
21,0.012437779107131064,0.9875771574795098,0.47666848450899124,0.5213012548379435
22,0.012488655745983124,0.9875771574795098,0.42475560307502747,0.5285918551699038
23,0.008949492475949228,0.9875771574795098,0.4204382821917534,0.5361155951935921
24,0.010564537718892097,0.9875771574795098,0.4370116963982582,0.5361155951935921
25,0.011254332726821303,0.9875771574795098,0.44790441915392876,0.5361155951935921
