,train_loss,train_score,valid_loss,valid_score
1,0.6811782836914062,0.055814557218594754,0.5950982570648193,0.0
2,0.5638944983482361,0.4030569111753443,0.5087733343243599,0.23570226039551584
3,0.4833030581474304,0.6991672234668551,0.46956540644168854,0.6657820083607146
4,0.4110047221183777,0.8070204776101108,0.37016167491674423,0.5575924917330947
5,0.34756661355495455,0.8881941729649486,0.3021342270076275,0.5678919051662098
6,0.3108609288930893,0.8881941729649486,0.2515152432024479,0.5766459031301908
7,0.30118254125118255,0.9338592095470355,0.2499145232141018,0.6031483057987304
8,0.25151751935482025,0.9455779434075351,0.2804824188351631,0.5644108707844233
9,0.22722225785255432,0.9634021551641092,0.4046403020620346,0.4875809527768842
10,0.22135587334632872,0.9815368735540919,0.5080137401819229,0.44073823778995425
11,0.2041122332215309,0.9815368735540919,0.4843568652868271,0.44073823778995425
12,0.1989753544330597,0.975456381144309,0.4165465906262398,0.4875809527768842
13,0.2080436773598194,0.9815368735540919,0.49603089690208435,0.46882408759000693
