,train_loss,train_score,valid_loss,valid_score
1,0.6057866676287218,0.027889301577635573,0.43928733468055725,0.0
2,0.39475357261571015,0.009940901320089384,0.18340648710727692,0.23570226039551584
3,0.3141647326675328,-0.013888135761602,0.27182817459106445,0.18257418583505539
4,0.2599488009106029,0.22069897716869114,0.23740989714860916,0.2835768012602607
5,0.23839392038908871,0.24256886087536036,0.19074637442827225,0.3087037806719773
6,0.22154650633985346,0.30527862796409155,0.2668461501598358,0.30338993810845893
7,0.21534367989410053,0.28378091843061864,0.23753045499324799,0.37263498228016567
8,0.21630794622681357,0.2947731792299964,0.1923614665865898,0.3316721427199008
9,0.21100755848667838,0.34717725887311157,0.21736985445022583,0.27245191551816983
10,0.20383953641761432,0.31973717373967153,0.13713878393173218,0.37185865053200684
11,0.19209973243149844,0.33498765936756675,0.1887003779411316,0.3443424119923317
12,0.1783647049557079,0.3787068388755156,0.2265893742442131,0.357006415771281
13,0.18698874657804315,0.3772663528205635,0.15659219026565552,0.3443424119923317
14,0.1865301118655638,0.3897853677041811,0.18155791610479355,0.30063210969499815
