,train_loss,train_score,valid_loss,valid_score
1,0.580232838789622,0.25599655287602624,0.7322973608970642,0.44620665480008115
2,0.3322298328081767,0.732840936058741,0.6799817482630411,0.4158926580943315
3,0.20226366817951202,0.8716019289105665,0.6044656038284302,0.4119079373841992
4,0.14894193907578787,0.9321266306715218,0.5748164653778076,0.4112533016442738
5,0.09849550823370616,0.9630301852061649,0.4645294149716695,0.4304510570583908
6,0.11145985871553421,0.9331361283626991,0.5928942561149597,0.39791666666666664
7,0.053783085818092026,0.9815368735540919,0.7016353805859884,0.38537538300677515
8,0.049392675360043846,0.9815368735540919,0.6897257367769877,0.3774131840071973
9,0.03955007220307986,0.9876538476102781,0.4505726893742879,0.44607229958147
10,0.024910176172852516,0.9938079899999066,0.351930171251297,0.5305618431381753
11,0.02364855632185936,0.9938079899999066,0.24883659929037094,0.5644108707844233
12,0.016725494836767513,1.0,0.3321579893430074,0.5833266377032839
13,0.020369105661908787,1.0,0.28311051428318024,0.5833266377032839
14,0.011183018485705057,1.0,0.3513595958550771,0.5554833979606764
15,0.013458850483099619,1.0,0.30790765086809796,0.5554833979606764
16,0.008804510192324718,1.0,0.4172486166159312,0.5554833979606764
17,0.009844385087490082,1.0,0.375835915406545,0.5554833979606764
18,0.008598672691732645,1.0,0.3653331796328227,0.5644108707844233
19,0.00745214382186532,1.0,0.280247762799263,0.5833266377032839
20,0.008118221225837866,1.0,0.27218832820653915,0.5833266377032839
21,0.005785924692948659,1.0,0.3308362166086833,0.5644108707844233
22,0.007309619492540757,1.0,0.4180968205134074,0.5554833979606764
