,train_loss,train_score,valid_loss,valid_score
1,0.6272774338722229,0.1667519172161769,0.9149152934551239,0.31963601590330637
2,0.35948990782101947,0.7020098282063929,0.9752941131591797,0.25902816108541965
3,0.23917890091737112,0.8326256191221614,0.8596937954425812,0.31963601590330637
4,0.18498334288597107,0.8728225153548789,0.8151351511478424,0.3389282579543282
5,0.12246869504451752,0.9313448957916327,0.861558586359024,0.38975002272469944
6,0.07836440578103065,0.9651054716602593,0.6368711888790131,0.4028522259667763
7,0.07344658672809601,0.9708391914381,0.6542205512523651,0.45605174407879523
8,0.04951030761003494,0.9824033179248569,0.5111221969127655,0.5036630526336384
9,0.0282375222692887,0.9941002434954168,0.6153088510036469,0.5036630526336384
10,0.02049550289909045,1.0,0.5345893353223801,0.5036630526336384
11,0.019701499491930008,1.0,0.91111159324646,0.5036630526336384
12,0.015873066770533722,1.0,0.5346554070711136,0.5036630526336384
13,0.01566490934540828,1.0,0.44449830800294876,0.525854646498153
14,0.008326101116836071,1.0,0.5296391546726227,0.5144957554275265
15,0.007944416409979263,1.0,0.4443579688668251,0.5144957554275265
16,0.007807422429323196,1.0,0.7319848835468292,0.5144957554275265
17,0.007157279799381892,1.0,0.5096159130334854,0.525854646498153
18,0.00656914400557677,1.0,0.5028071254491806,0.5503495392790071
19,0.004978274305661519,1.0,0.35764603316783905,0.5636018619766345
20,0.006628136150538921,1.0,0.3230498656630516,0.5503495392790071
21,0.005416216018299262,1.0,0.28407035768032074,0.5503495392790071
22,0.0037000843634208045,1.0,0.34847794473171234,0.5503495392790071
23,0.00428322268029054,1.0,0.7089390754699707,0.5503495392790071
24,0.0032734577544033527,1.0,0.2814594879746437,0.5503495392790071
25,0.0038631646893918514,1.0,0.25923497788608074,0.5503495392790071
26,0.002522654210527738,1.0,0.27572178840637207,0.5636018619766345
27,0.004922470776364207,1.0,0.48901933431625366,0.5636018619766345
28,0.0037623516594370208,1.0,0.330630823969841,0.5636018619766345
29,0.004101407170916597,1.0,0.28030481934547424,0.5636018619766345
