,train_loss,train_score,valid_loss,valid_score
1,0.597962220509847,0.29464677201224304,0.7150393724441528,0.4968539440865421
2,0.31433606147766113,0.7469375466792588,0.6870811879634857,0.44802893545763234
3,0.25677038232485455,0.7731523606134355,0.5594452321529388,0.5148193987604248
4,0.17463153103987375,0.8758776569450532,0.4467066675424576,0.5261662155060294
5,0.13058791557947794,0.9350585797116108,0.523302435874939,0.5380870867205206
6,0.10036044071118037,0.9589996891034891,0.3864133954048157,0.5380870867205206
7,0.07397262503703435,0.9766049484994053,0.5494498610496521,0.5506364037964169
8,0.05262629191080729,0.9824033179248569,0.30272726714611053,0.5261662155060294
9,0.042291559278964996,0.9941002434954168,0.5645508766174316,0.5261662155060294
10,0.02452089327077071,0.9941002434954168,0.3224358046427369,0.5148193987604248
11,0.02304053244491418,0.9941002434954168,0.5109546184539795,0.5506364037964169
12,0.015974849772950012,1.0,0.4449221342802048,0.5638760540930623
13,0.010854576093455156,1.0,0.33760493248701096,0.5778768085322478
14,0.014228442994256815,1.0,0.30174819380044937,0.5927200369557475
15,0.009607492946088314,1.0,0.25652673095464706,0.6084998469208687
16,0.012658519515146812,1.0,0.19459557440131903,0.56049937918095
17,0.008631123850742975,1.0,0.4186577945947647,0.6084998469208687
18,0.0069406529267628985,1.0,0.21320955036208034,0.5927200369557475
19,0.006113313293705384,1.0,0.32813186943531036,0.5927200369557475
20,0.005899516089508931,1.0,0.5528876781463623,0.6253257753674437
21,0.005598752293735743,1.0,0.2940671220421791,0.6253257753674437
22,0.0050798590915898485,1.0,0.21397926658391953,0.6253257753674437
23,0.004257445223629475,1.0,0.2337948903441429,0.6626527904618502
24,0.00345426588319242,1.0,0.25688130408525467,0.6626527904618502
25,0.004134263920908173,1.0,0.18318995414301753,0.6433262105174062
26,0.0038141653252144656,1.0,0.23916813731193542,0.6433262105174062
27,0.004135801922529936,1.0,0.24450282752513885,0.6433262105174062
28,0.003284959510589639,1.0,0.4716954380273819,0.6433262105174062
29,0.003612957584361235,1.0,0.5471330732107162,0.6433262105174062
30,0.003899103341003259,1.0,0.6146101206541061,0.6433262105174062
31,0.00362346643426766,1.0,0.22784849256277084,0.6626527904618502
32,0.005208897870033979,1.0,0.16766013577580452,0.6172558123259554
33,0.0021544064317519465,1.0,0.36653608083724976,0.6172558123259554
