,train_loss,train_score,valid_loss,valid_score
1,0.6275151371955872,0.21657627968116078,0.9560831586519877,0.2029586764887391
2,0.33188769221305847,0.7544931822417853,0.8758171002070109,0.3120018152885698
3,0.24235461155573526,0.8144110179279557,0.6863514184951782,0.34888028307372937
4,0.15701740980148315,0.9141727405215628,0.6431519091129303,0.36458727842131566
5,0.09463576972484589,0.9397025783047073,0.8421746293703715,0.3519295290271988
6,0.08675561100244522,0.9455779434075351,0.69941512743632,0.3519295290271988
7,0.048477490743001304,0.9815368735540919,0.654624362786611,0.4119079373841992
8,0.039285008485118546,0.9938079899999066,0.7375888029734293,0.3746054786268339
9,0.0243340606490771,0.9938079899999066,0.8149923880894979,0.3519295290271988
10,0.02185976505279541,1.0,0.8759080171585083,0.3519295290271988
11,0.014816422636310259,1.0,0.8834925492604574,0.38512302322702113
12,0.01118856699516376,1.0,0.6088533699512482,0.39791666666666664
13,0.011424409536023935,1.0,0.6185165246327718,0.4112533016442738
14,0.007828124177952608,1.0,0.4658015767733256,0.42548695354143967
15,0.007720623165369034,1.0,0.4777461489041646,0.42433421239575275
16,0.006955038911352555,1.0,0.4583456615606944,0.4477305864441581
17,0.006397981662303209,1.0,0.48128586014111835,0.48115080213831113
18,0.005366843892261386,1.0,0.3671327431996663,0.48115080213831113
19,0.005172026110813022,1.0,0.369177242120107,0.508057753499086
20,0.004320816524947683,1.0,0.37866676847139996,0.47399399394516195
21,0.00441788222330312,1.0,0.3753802875677745,0.4810862652392909
22,0.004473592697953184,1.0,0.33247609560688335,0.460464493844069
23,0.0037055342302968106,1.0,0.35194412370522815,0.47399399394516195
24,0.0038847900771846375,1.0,0.43354012568791706,0.4884144070010306
25,0.004103604471310973,1.0,0.2989143232504527,0.4810862652392909
26,0.0035871578535685935,1.0,0.3444031576315562,0.4884144070010306
27,0.0030630117592712245,1.0,0.32808810969193775,0.4810862652392909
28,0.0027591081258530417,1.0,0.36618317166964215,0.4884144070010306
29,0.0026747212978079915,1.0,0.3425055742263794,0.49599297993477515
