,train_loss,train_score,valid_loss,valid_score
1,0.6318791508674622,0.21081851067789195,0.6302632689476013,0.21479896651739627
2,0.3725182314713796,0.6633296809763305,0.5934446752071381,0.3978114304253677
3,0.2695603867371877,0.83016274479229,0.5790846049785614,0.3978114304253677
4,0.2053578495979309,0.8564149225256517,0.5036490261554718,0.38973730821338826
5,0.14403432607650757,0.9076163634147758,0.38510841131210327,0.4335160454746275
6,0.12579760203758875,0.9368979548370131,0.31520213931798935,0.4335160454746275
7,0.07850755875309308,0.9766049484994053,0.42534828186035156,0.44343893131595946
8,0.05617776761452357,0.9766049484994053,0.6122790724039078,0.4335160454746275
9,0.04342887674768766,0.9882348845970288,0.6393594443798065,0.4936612566406058
10,0.029599936679005623,0.9941002434954168,0.6165205985307693,0.5148193987604248
11,0.029281359165906906,0.9941002434954168,0.2606661655008793,0.40176063536257084
12,0.02072204959889253,1.0,0.6091800332069397,0.40176063536257084
13,0.016770176589488983,1.0,0.3952292203903198,0.40176063536257084
14,0.014652367991705736,1.0,0.4957679212093353,0.40176063536257084
15,0.01180948813756307,1.0,0.4371771812438965,0.4363747336214401
16,0.009243308566510677,1.0,0.2587326839566231,0.44928662532508584
17,0.0074874952745934325,1.0,0.3346388638019562,0.4363747336214401
18,0.00819717658062776,1.0,0.34681436419487,0.4363747336214401
19,0.006818687232832114,1.0,0.2449037805199623,0.5102413789141766
20,0.010081452472756306,1.0,0.32439465820789337,0.40176063536257084
