,train_loss,train_score,valid_loss,valid_score
1,0.5702898104985555,0.4621943265614778,0.8330039978027344,0.3440262670177817
2,0.2933657268683116,0.7925517051394271,0.7767471373081207,0.4028522259667763
3,0.20616476237773895,0.8609473790915472,0.49177466332912445,0.45605174407879523
4,0.13778633872667947,0.9243886531229556,0.5073614716529846,0.47391869606640696
5,0.08840039124091466,0.9537318909284785,0.5087584257125854,0.4648082538023267
6,0.06290153165658315,0.9708391914381,0.4737243950366974,0.4648082538023267
7,0.042683261136213936,0.9882348845970288,0.412139855325222,0.48341044854730425
8,0.025388893360892933,1.0,0.38287559896707535,0.4933139302473538
9,0.0200964134807388,0.9941002434954168,0.35702821612358093,0.525854646498153
10,0.013597524104019007,1.0,0.36018848419189453,0.525854646498153
11,0.008914106991142035,1.0,0.3182612806558609,0.5377877706628422
12,0.007986297830939293,1.0,0.5693871676921844,0.5503495392790071
13,0.009277533429364363,1.0,0.3087938651442528,0.5602287114655289
14,0.008584680035710335,1.0,0.2935255393385887,0.6431196942844082
15,0.007468898159762223,1.0,0.3863295614719391,0.6431196942844082
16,0.005100561461100976,1.0,0.25522879883646965,0.6431196942844082
17,0.004301365775366624,1.0,0.3011147156357765,0.6624609340663695
18,0.005493497864032785,1.0,0.5923332571983337,0.6833094209111142
19,0.0038397984268764653,1.0,0.41960592567920685,0.6833094209111142
20,0.003838097909465432,1.0,0.48812320828437805,0.6170343137254902
21,0.003671805839985609,1.0,0.22700437158346176,0.6170343137254902
22,0.003528270870447159,1.0,0.5953676626086235,0.5966253736389256
23,0.0038334235238532224,1.0,0.1825694595463574,0.5966253736389256
24,0.0035738094399372735,1.0,0.2171708084642887,0.5966253736389256
25,0.003199216676875949,1.0,0.31065209209918976,0.5479899574712892
26,0.0031010762322694063,1.0,0.1891469471156597,0.47575057789562814
27,0.004273107275366783,1.0,0.3149167597293854,0.5195718646428538
28,0.0027336025765786567,1.0,0.2953750938177109,0.47575057789562814
