,train_loss,train_score,valid_loss,valid_score
1,0.5888636906941732,0.3558863041125235,0.8817990124225616,0.24932683899102215
2,0.3434250553448995,0.706758366885431,0.8716636598110199,0.3389282579543282
3,0.25210318466027576,0.7841599532608999,0.7031014561653137,0.3962029078465307
4,0.17500642438729605,0.889460083706025,0.5576440542936325,0.4167891976696585
5,0.13143039246400198,0.9306246992794481,0.5808314979076385,0.4648082538023267
6,0.08538277447223663,0.9475587393582686,0.4637833684682846,0.48341044854730425
7,0.055738091468811035,0.9708391914381,0.5085331201553345,0.4144876215666168
8,0.04198192929228147,0.9824033179248569,0.5392825901508331,0.4144876215666168
9,0.03341269493103027,0.9941002434954168,0.4343092441558838,0.4430380116181478
10,0.024373835573593777,0.9941002434954168,0.5322195589542389,0.4534435128398129
11,0.017209427741666634,0.9941002434954168,0.6304951608181,0.4643610034819457
12,0.01523019839078188,1.0,0.24415145441889763,0.5142311233787904
13,0.010526348215838274,1.0,0.35460779070854187,0.5777547299749907
14,0.0071882753012080984,1.0,0.5450898259878159,0.5285918551699038
15,0.0070177797848979635,1.0,0.439486563205719,0.5777547299749907
16,0.0051773676338295145,1.0,0.46344253420829773,0.5602287114655289
17,0.006467383820563555,1.0,0.23867743834853172,0.5438861892730144
18,0.004698177954802911,1.0,0.3822847604751587,0.5438861892730144
19,0.006414176896214485,1.0,0.6790904104709625,0.5007062118645611
20,0.004346584125111501,1.0,0.564706563949585,0.5007062118645611
21,0.003152600179115931,1.0,0.5486399233341217,0.5007062118645611
22,0.00427746563218534,1.0,0.344922810792923,0.5777547299749907
23,0.004287460508445899,1.0,0.19410080835223198,0.6634616902626107
24,0.0037369380394617715,1.0,0.17383469501510262,0.5966253736389256
25,0.0038219878915697336,1.0,0.4342142343521118,0.6392167586576692
26,0.0035646435183783374,1.0,0.19001958146691322,0.6392167586576692
27,0.0036845022502044835,1.0,0.28409966826438904,0.6392167586576692
28,0.00452434675147136,1.0,0.15189520549029112,0.6634616902626107
29,0.00316748950475206,1.0,0.43534332513809204,0.6392167586576692
30,0.002742747349354128,1.0,0.4371096268296242,0.6392167586576692
31,0.0022993419940272966,1.0,0.28283466398715973,0.6634616902626107
32,0.0020221970432127514,1.0,0.28757907450199127,0.6634616902626107
33,0.002864863956347108,1.0,0.30618904531002045,0.6634616902626107
