,train_loss,train_score,valid_loss,valid_score
1,0.5840016802151998,0.3444011571898322,0.6656920611858368,0.4213324203089069
2,0.350932498772939,0.7126259565786249,0.5869269073009491,0.525854646498153
3,0.24929188191890717,0.8326256191221614,0.5013721138238907,0.48341044854730425
4,0.17677836120128632,0.8902116343966842,0.35190512984991074,0.5503495392790071
5,0.12859366337458292,0.9418842897989322,0.30647918581962585,0.6624609340663695
6,0.088283471763134,0.9537318909284785,0.532942607998848,0.608265263693434
7,0.0699058473110199,0.9705671333715453,0.38360586762428284,0.6251050331912297
8,0.04806808878978094,0.9882348845970288,0.2719465419650078,0.6431196942844082
9,0.028688495978713036,0.9882348845970288,0.26084088534116745,0.6431196942844082
10,0.022459677730997402,0.9941002434954168,0.23395445197820663,0.6624609340663695
11,0.01818789665897687,1.0,0.22771387547254562,0.6624609340663695
12,0.018883417050043743,1.0,0.3657262474298477,0.6624609340663695
13,0.010964445148905119,1.0,0.36986592411994934,0.608265263693434
14,0.009832976385951042,1.0,0.5882337391376495,0.577615534661554
15,0.008555154937009016,1.0,0.3360821083188057,0.608265263693434
