,train_loss,train_score,valid_loss,valid_score
1,0.6717416246732076,0.377615957976137,1.1225654482841492,0.0840969355368056
2,0.36920730272928876,0.734056959382227,1.1789843440055847,0.18948418223996677
3,0.24348308642705283,0.783373524566052,1.0853163599967957,0.31058109753422425
4,0.19476206600666046,0.8673284331522074,1.0012269020080566,0.3440262670177817
5,0.13655334462722143,0.9250384870542661,1.0225440859794617,0.42410405962884296
6,0.09230281785130501,0.9424797909900143,0.6694332957267761,0.47391869606640696
7,0.07480037957429886,0.9537318909284785,0.8346832692623138,0.4648082538023267
8,0.05106999849279722,0.9824033179248569,0.5730897188186646,0.47391869606640696
9,0.03857286957403024,0.9882348845970288,0.3627244457602501,0.5144957554275265
10,0.027733923867344856,0.9941002434954168,0.3762454688549042,0.5377877706628422
11,0.023611573191980522,0.9941002434954168,0.6310826689004898,0.608265263693434
12,0.01757683791220188,1.0,0.5719139128923416,0.5777547299749907
13,0.0143358763307333,1.0,0.1938559077680111,0.5777547299749907
14,0.01173788464317719,1.0,0.26673049479722977,0.5777547299749907
15,0.012279473866025606,1.0,0.5074775516986847,0.5777547299749907
16,0.010609942333151897,1.0,0.2857913672924042,0.5777547299749907
17,0.01010611622283856,1.0,0.2481997385621071,0.5602287114655289
18,0.01026143009463946,1.0,0.46030375361442566,0.6170343137254902
19,0.007376755587756634,1.0,0.308252215385437,0.5966253736389256
20,0.0068389672475556535,1.0,0.4208672195672989,0.5777547299749907
21,0.007972659698377052,1.0,0.2041933760046959,0.5777547299749907
22,0.0051220743140826626,1.0,0.2889472246170044,0.5777547299749907
23,0.006724358070641756,1.0,0.21037879213690758,0.5966253736389256
24,0.005768317108352979,1.0,0.23951057344675064,0.5966253736389256
25,0.004905878255764644,1.0,0.3202879875898361,0.5966253736389256
26,0.006744380729893844,1.0,0.15085869189351797,0.5966253736389256
27,0.006257430339852969,1.0,0.1694107772782445,0.5777547299749907
28,0.005197357541571061,1.0,0.32282932102680206,0.5777547299749907
