,train_loss,train_score,valid_loss,valid_score
1,0.6071290771166483,0.2856591146697421,0.8149788677692413,0.33178344441917496
2,0.34643154342969257,0.6904761904761905,0.6429026126861572,0.33178344441917496
3,0.24084298809369406,0.8193641358574979,0.446959912776947,0.34953103682127784
4,0.17438852041959763,0.8772145631264833,0.6119225323200226,0.36907119129136307
5,0.12154831737279892,0.9296691481959191,0.45415690541267395,0.36907119129136307
6,0.07457231109340985,0.9767410038007758,0.47120150923728943,0.35905560783691276
7,0.052142512053251266,0.9883036912035246,0.3095044940710068,0.3907849789186796
8,0.04982045665383339,0.9825059384426867,0.5778396427631378,0.3796283011826483
9,0.028490980466206867,0.9883036912035246,0.4550360292196274,0.3907849789186796
10,0.022915697035690148,0.9883036912035246,0.4856030344963074,0.4026083101346738
11,0.01451731069634358,1.0,0.3075854927301407,0.4285804643485892
12,0.013386850245296955,1.0,0.39182886481285095,0.44292861559616115
13,0.008771720652778944,1.0,0.46933043003082275,0.45834924851410563
14,0.015456204147388538,1.0,0.27487823739647865,0.44292861559616115
15,0.011883754593630632,1.0,0.600501537322998,0.4285804643485892
16,0.005999783985316753,1.0,0.3326946049928665,0.4285804643485892
17,0.008462792417655388,1.0,0.4365158826112747,0.4151763331157281
18,0.006125100112209718,1.0,0.8719435930252075,0.4285804643485892
19,0.005882107187062502,1.0,0.44022704660892487,0.4151763331157281
20,0.003970853829135497,1.0,0.283923726528883,0.4151763331157281
21,0.004139009164646268,1.0,0.34219686686992645,0.4151763331157281
22,0.00421122081267337,1.0,0.5943123400211334,0.4151763331157281
23,0.0035603244323283434,1.0,0.5818099230527878,0.4026083101346738
