,train_loss,train_score,valid_loss,valid_score
1,0.5976701180140177,0.2805391532592265,0.794933021068573,0.525854646498153
2,0.3187960982322693,0.7384092543775129,0.7173835635185242,0.4028522259667763
3,0.25192410747210187,0.8230040525200983,0.5958554446697235,0.44762444868307133
4,0.16453411181767783,0.9069145158583156,0.4366026669740677,0.4933139302473538
5,0.1497131735086441,0.8883363181483769,0.27935606986284256,0.577615534661554
6,0.08952830483516057,0.959403223600247,0.2689010798931122,0.577615534661554
7,0.06750238438447316,0.9766049484994053,0.3974751979112625,0.5503495392790071
8,0.04439699153105418,0.9941002434954168,0.36318792402744293,0.5503495392790071
9,0.03553507601221403,0.9882348845970288,0.3761828541755676,0.5377877706628422
10,0.025890696172912914,0.9941002434954168,0.45764920115470886,0.5036630526336384
11,0.021915871029098827,0.9941002434954168,0.6640588939189911,0.5036630526336384
12,0.017644853952030342,1.0,0.7272456288337708,0.525854646498153
13,0.011615303034583727,1.0,0.48969653248786926,0.5377877706628422
14,0.009286892289916674,1.0,0.3323546573519707,0.5503495392790071
15,0.00792262190952897,1.0,0.5919870585203171,0.577615534661554
