,train_loss,train_score,valid_loss,valid_score
1,0.642610232035319,0.22654578499881634,0.8229743540287018,0.4359902913851654
2,0.3483286301294963,0.768799968166877,0.8084032237529755,0.3834824944236852
3,0.2702510903278987,0.8134468340382204,0.5899807214736938,0.43310156216805623
4,0.22167402505874634,0.8326256191221614,0.3631264716386795,0.5142311233787904
5,0.15617560595273972,0.894493885280747,0.3027510419487953,0.5007062118645611
6,0.11528510848681132,0.9475587393582686,0.48955318331718445,0.4758390974531845
7,0.07757029806574185,0.959403223600247,0.3858240097761154,0.5142311233787904
8,0.04663753385345141,0.9766049484994053,0.3313218355178833,0.5438861892730144
9,0.03792803982893626,0.9941002434954168,0.4631460905075073,0.48793309347051234
10,0.031608713790774345,0.9941002434954168,0.2965238243341446,0.48793309347051234
11,0.019992200036843617,0.9941002434954168,0.3465017080307007,0.5007062118645611
12,0.019748468572894733,0.9941002434954168,0.5120633542537689,0.5007062118645611
13,0.015628842016061146,1.0,0.2599031422287226,0.5142311233787904
14,0.010993333533406258,1.0,0.24847381561994553,0.5142311233787904
15,0.011649532554050287,1.0,0.22422436252236366,0.5438861892730144
16,0.007099909552683433,1.0,0.4009057879447937,0.5602287114655289
17,0.008792580415805181,1.0,0.3934621512889862,0.5966253736389256
18,0.008325832895934582,1.0,0.14926038309931755,0.6170343137254902
19,0.008776274199287096,1.0,0.3438798636198044,0.5777547299749907
20,0.005751951442410548,1.0,0.24983853846788406,0.5777547299749907
21,0.00603782432153821,1.0,0.24918976426124573,0.5777547299749907
22,0.004408273768300812,1.0,0.24650684744119644,0.5777547299749907
23,0.005845686110357444,1.0,0.37739382684230804,0.5777547299749907
24,0.0049706208519637585,1.0,0.3503726124763489,0.5602287114655289
25,0.00843003485351801,1.0,0.22333331033587456,0.5966253736389256
26,0.005973542885233958,1.0,0.18320888630114496,0.5602287114655289
27,0.0056426057902475195,1.0,0.18128994689323008,0.5602287114655289
28,0.004341600928455591,1.0,0.40268588066101074,0.5602287114655289
