,train_loss,train_score,valid_loss,valid_score
1,0.6321078737576803,0.23541180771537917,0.8950717449188232,0.3446063105406779
2,0.35402945677439374,0.7147312542189274,0.7634908556938171,0.36622955586795675
3,0.2463091512521108,0.8283059174013561,0.6609411537647247,0.39024263801242065
4,0.18906880418459573,0.9001808023903553,0.4397379159927368,0.47428918630884087
5,0.13275795181592306,0.9243886531229556,0.3309932202100754,0.5638760540930623
6,0.09974551449219386,0.959403223600247,0.3613996356725693,0.6433262105174062
7,0.06208015978336334,0.9651054716602593,0.22855504974722862,0.6433262105174062
8,0.053954847157001495,0.9824033179248569,0.3387495428323746,0.6433262105174062
9,0.03815219302972158,0.9824033179248569,0.27911321073770523,0.5638760540930623
10,0.036671027541160583,0.9882348845970288,0.37479034066200256,0.5927200369557475
11,0.026231152936816216,0.9941002434954168,0.22147152945399284,0.6253257753674437
12,0.01791705470532179,0.9941002434954168,0.1734265862032771,0.6433262105174062
13,0.013796782121062279,1.0,0.3345261961221695,0.6253257753674437
14,0.013823772159715494,1.0,0.1978015322238207,0.6433262105174062
15,0.012666100015242895,1.0,0.2098485492169857,0.6433262105174062
16,0.009516763345648846,1.0,0.1949371467344463,0.6433262105174062
