,train_loss,train_score,valid_loss,valid_score
1,0.5844917992750803,0.36393013212130526,0.7577195763587952,0.3800357299290467
2,0.34059248367945355,0.7926170117483821,0.6634724736213684,0.39350015531594973
3,0.22604807217915854,0.8511127195627419,0.6222029725710551,0.4238108784225934
4,0.14546120166778564,0.9202069495335419,0.45404918988545734,0.4944001533099698
5,0.12504192938407263,0.9452465944188083,0.32032812635103863,0.5440298285169028
6,0.09868984669446945,0.9511897312113419,0.41224069396654767,0.5689662622734246
7,0.06526495019594829,0.9631774724179828,0.33070958654085797,0.5930610702436184
8,0.04407484084367752,0.9875771574795098,0.37173500657081604,0.5462964156993987
9,0.03469538067777952,0.9875771574795098,0.43414684136708576,0.5143898553985499
10,0.024176953981320064,1.0,0.4169556498527527,0.5214562695205918
11,0.018258775894840557,1.0,0.45867349704106647,0.5440298285169028
12,0.02947951853275299,1.0,0.3854130953550339,0.5362630658899051
13,0.012436312933762869,1.0,0.37097911536693573,0.5214562695205918
14,0.015053783853848776,1.0,0.34039994577566784,0.5778825823888194
15,0.00771726140131553,1.0,0.3933379848798116,0.5871344986713599
16,0.00773644292106231,1.0,0.41274038950602215,0.5778825823888194
17,0.007935615722090006,1.0,0.45215334991614026,0.5871344986713599
