,train_loss,train_score,valid_loss,valid_score
1,0.6773696690797806,0.055989251095585425,0.5551076084375381,0.0
2,0.5574121922254562,0.24700771787671946,0.5237191915512085,0.0
3,0.44116540253162384,0.6067618395694334,0.44526873528957367,0.36429087000773963
4,0.3310503512620926,0.80171880134948,0.34420203417539597,0.6650161530203285
5,0.24125124141573906,0.8919710610425508,0.29329413548111916,0.6615543135926922
6,0.1640542931854725,0.9571664769885428,0.2795960195362568,0.5930610702436184
7,0.10901696048676968,0.9692233691951198,0.24204475805163383,0.596745010104818
8,0.10547410696744919,0.9628009223146841,0.27230627089738846,0.6108401070689651
9,0.06301358714699745,0.9875771574795098,0.2897617556154728,0.6017939472401159
10,0.04635637905448675,0.9875771574795098,0.2825150489807129,0.6017939472401159
11,0.038864799309521914,0.9875771574795098,0.27483341842889786,0.6017939472401159
12,0.03242302360013127,0.9875771574795098,0.2956889979541302,0.5930610702436184
13,0.029715341050177813,0.9875771574795098,0.38514552265405655,0.5846228234139333
14,0.025916559621691704,0.9875771574795098,0.3899388089776039,0.5846228234139333
