,train_loss,train_score,valid_loss,valid_score
1,0.6355599363644918,0.26427498905736396,0.9066613018512726,0.38975002272469944
2,0.32114558418591815,0.7590828726415233,0.794763833284378,0.3773900815565891
3,0.24164160589377084,0.7990926575755659,0.9641174972057343,0.4028522259667763
4,0.16202267011006674,0.9243886531229556,0.8817127048969269,0.4167891976696585
5,0.10323149959246318,0.9480909262799544,0.5873213559389114,0.431670023615175
6,0.09441142777601878,0.9537318909284785,0.6430377662181854,0.45605174407879523
7,0.055758025497198105,0.9824033179248569,0.8619527816772461,0.45605174407879523
8,0.035273696606357895,0.9882348845970288,0.7626317739486694,0.44762444868307133
9,0.023007776588201523,1.0,0.4330147057771683,0.48341044854730425
10,0.017408729220430057,1.0,0.6334085762500763,0.5144957554275265
11,0.015395449474453926,1.0,0.4137450382113457,0.5036630526336384
12,0.011064958448211351,1.0,0.8392403423786163,0.525854646498153
13,0.010075128947695097,1.0,0.4007764607667923,0.5503495392790071
14,0.010128298308700323,1.0,0.7392454296350479,0.5924719553724154
15,0.0070111121361454325,1.0,0.552044466137886,0.6431196942844082
16,0.005621100155015786,1.0,0.2904255539178848,0.6624609340663695
17,0.006500697694718838,1.0,0.24939952418208122,0.6624609340663695
18,0.005163172259926796,1.0,0.21342594735324383,0.6624609340663695
19,0.009017648175358772,0.9941002434954168,0.7376261651515961,0.6624609340663695
20,0.004553223804881175,1.0,0.21959689632058144,0.5966253736389256
21,0.004296188630784552,1.0,0.2022121623158455,0.5966253736389256
22,0.0031907498681296906,1.0,0.34042128920555115,0.5966253736389256
23,0.003978977523123224,1.0,0.31463630497455597,0.5966253736389256
24,0.003933031655227144,1.0,0.6016512364149094,0.5966253736389256
25,0.0033256028157969317,1.0,0.18845431180670857,0.5966253736389256
26,0.0033462148470183215,1.0,0.5994380712509155,0.5966253736389256
