,train_loss,train_score,valid_loss,valid_score
1,0.588216096162796,0.29904998630487023,0.5666189193725586,-0.03712389877067985
2,0.34062058726946515,0.7469375466792588,0.6465178430080414,0.4241973658260398
3,0.24726357062657675,0.8445202708239066,0.5036231726408005,0.4062004732300889
4,0.18670031428337097,0.8673284331522074,0.542692244052887,0.44343893131595946
5,0.12304755796988805,0.9300366886693859,0.7099519371986389,0.3720584638714941
6,0.09026884784301122,0.9537318909284785,0.5613138973712921,0.3381117601513369
7,0.06402004261811574,0.9766049484994053,0.6081995964050293,0.3630334812883295
8,0.04850603515903155,0.9882348845970288,0.5858621001243591,0.35438677650625133
9,0.0394406629105409,1.0,0.571651428937912,0.3460884507581996
10,0.022968638067444164,1.0,0.6335989832878113,0.330432696269795
11,0.01693649807324012,1.0,0.5817367881536484,0.35438677650625133
12,0.017803044989705086,1.0,0.5378865897655487,0.3814952786625637
13,0.012990581492582956,1.0,0.81507807970047,0.39138173721315184
14,0.010469586278001467,1.0,0.4994339495897293,0.3273227511456478
