,train_loss,train_score,valid_loss,valid_score
1,0.6748167425394058,0.0,0.5209081321954727,0.0
2,0.5678044259548187,0.07930515857181442,0.46747610718011856,0.0
3,0.4762384444475174,0.33909081143141073,0.4013656675815582,0.0
4,0.37947899103164673,0.611642281234086,0.3186129331588745,0.6446886446886447
5,0.2808445245027542,0.8198287805213585,0.2813197150826454,0.641837866581253
6,0.20930688828229904,0.8851483970098256,0.27423031628131866,0.6340638669746456
7,0.14621032774448395,0.9692233691951198,0.27119144424796104,0.6083829962530759
8,0.10438648425042629,0.9631774724179828,0.27152716740965843,0.6166610834962741
9,0.0922847930341959,0.9692233691951198,0.30163657665252686,0.5706431022305851
10,0.06013906188309193,0.9753048303966929,0.34403664618730545,0.5706431022305851
11,0.057255083695054054,0.9753048303966929,0.24930046871304512,0.6400715564971587
12,0.05237743817269802,0.9631774724179828,0.24991140887141228,0.6505946201934805
13,0.032773240469396114,0.9814225308444268,0.33626093342900276,0.6003661886212118
14,0.03423549281433225,0.9812691656005564,0.400152362883091,0.5441335104671947
15,0.024961733492091298,0.9875771574795098,0.27944108098745346,0.6108401070689651
16,0.03589983796700835,0.9753048303966929,0.2717105709016323,0.6067393886724467
17,0.02095490274950862,0.9814225308444268,0.4145452007651329,0.5393094725068078
18,0.03240187163464725,0.9812691656005564,0.43728405609726906,0.5259229283002776
19,0.014923932729288936,0.9875771574795098,0.32717810571193695,0.5778825823888194
20,0.01859931298531592,0.9875771574795098,0.29194891080260277,0.5727366410411474
21,0.04736871528439224,0.9631774724179828,0.3805421069264412,0.5534931594531418
22,0.018134465673938394,0.9875771574795098,0.4374306946992874,0.5570259934121394
