,train_loss,train_score,valid_loss,valid_score
1,0.5946000119050344,0.23970216768552738,0.606311708688736,0.5206094054756417
2,0.3432167371114095,0.6998627038997312,0.5532122552394867,0.5479899574712892
3,0.22727001706759134,0.8427336805621943,0.5050041675567627,0.5966253736389256
4,0.15959268311659494,0.9013195514887721,0.39173296093940735,0.6624609340663695
5,0.11737646907567978,0.9238697708743119,0.34864771366119385,0.5602287114655289
6,0.07575069119532903,0.9708391914381,0.29433025419712067,0.5438861892730144
7,0.05476110428571701,0.9882348845970288,0.30163200199604034,0.5285918551699038
8,0.03397946059703827,0.9941002434954168,0.3943944573402405,0.5007062118645611
9,0.021517851079503696,1.0,0.3769184798002243,0.4758390974531845
10,0.016733404869834583,1.0,0.4770950525999069,0.4758390974531845
11,0.014220778519908587,1.0,0.4799935966730118,0.4758390974531845
12,0.010334969187776247,1.0,0.46816425025463104,0.48793309347051234
13,0.008761718403548002,1.0,0.33338743448257446,0.48793309347051234
14,0.0073051550425589085,1.0,0.5202858597040176,0.5142311233787904
