,train_loss,train_score,valid_loss,valid_score
1,0.6606850475072861,0.0,0.6722929030656815,0.0
2,0.5282506868243217,0.3333333333333333,0.49871502816677094,0.0
3,0.42497263848781586,0.5194624816493197,0.3695935755968094,0.4251332205967769
4,0.326511450111866,0.7156354824301902,0.2981821969151497,0.5011944326051185
5,0.2785709649324417,0.7365895075034008,0.2646887041628361,0.5828829440020626
6,0.17648786306381226,0.9025419790150203,0.2470039278268814,0.5870107242849829
7,0.12372922152280807,0.9452465944188083,0.285486064851284,0.5924719553724154
8,0.10063900426030159,0.9692233691951198,0.2770478017628193,0.5684285594316689
9,0.07274290826171637,0.9692233691951198,0.32381103187799454,0.577615534661554
10,0.051404083147645,0.9753048303966929,0.34581979364156723,0.5636018619766345
11,0.04735552053898573,0.9875771574795098,0.4300163462758064,0.5377877706628422
12,0.030271393712610006,0.9814225308444268,0.4102613180875778,0.5503495392790071
13,0.0223806940484792,0.9875771574795098,0.3846171163022518,0.5391608732630575
14,0.022039696108549833,0.9875771574795098,0.4018147736787796,0.5142311233787904
15,0.02125670714303851,0.9875771574795098,0.3972523398697376,0.5705087134100852
16,0.016428089700639248,0.9875771574795098,0.44808661192655563,0.5568851831988673
17,0.013805481838062406,0.9875771574795098,0.47802233695983887,0.5636018619766345
