,train_loss,train_score,valid_loss,valid_score
1,0.5808540383974711,0.3300046200970223,1.0999216437339783,0.1368949942788826
2,0.30009761949380237,0.7406186479796196,0.9591465592384338,0.29764253996014733
3,0.20861043532689413,0.8427336805621943,0.5959501564502716,0.4028522259667763
4,0.1468497117360433,0.913179019271519,0.5518121868371964,0.3739401181083479
5,0.10013604660828908,0.9306246992794481,0.5030277669429779,0.4235960746081079
6,0.060843431701262794,0.9766049484994053,0.610016405582428,0.39734359233952654
7,0.03985899003843466,0.9941002434954168,0.43783633410930634,0.43310156216805623
8,0.030592540899912517,0.9941002434954168,0.4533985108137131,0.4430380116181478
9,0.024649258082111675,0.9941002434954168,0.4395347088575363,0.4534435128398129
10,0.018948284598688286,1.0,0.38533109426498413,0.48793309347051234
11,0.014802005141973495,0.9941002434954168,0.3085094690322876,0.5142311233787904
12,0.010128477898736795,1.0,0.30133359134197235,0.5285918551699038
13,0.007049361399064462,1.0,0.41329698264598846,0.5966253736389256
14,0.008282287822415432,1.0,0.23648059368133545,0.6392167586576692
15,0.0058530960232019424,1.0,0.1765920016914606,0.5966253736389256
16,0.005619943297157685,1.0,0.23692385852336884,0.6634616902626107
17,0.005109756253659725,1.0,0.1230543190613389,0.6634616902626107
18,0.0048935987676183386,1.0,0.1402004100382328,0.6634616902626107
19,0.00479324550057451,1.0,0.15110934898257256,0.6901288201988649
20,0.003635432726393143,1.0,0.32454508543014526,0.6901288201988649
21,0.0038634623245646558,1.0,0.41061315685510635,0.6901288201988649
22,0.0029017309037347636,1.0,0.40770407766103745,0.6901288201988649
23,0.0028240696992725134,1.0,0.3226575329899788,0.6901288201988649
24,0.0026144228565196195,1.0,0.12923250906169415,0.6901288201988649
25,0.002399393357336521,1.0,0.1090774058829993,0.6901288201988649
26,0.002563837372387449,1.0,0.3815636709332466,0.6901288201988649
27,0.0033018200968702636,1.0,0.10944774933159351,0.6196222237042267
28,0.004294323269277811,1.0,0.26938559859991074,0.6634616902626107
29,0.004578349568570654,1.0,0.12244024779647589,0.6634616902626107
