,train_loss,train_score,valid_loss,valid_score
1,0.6614435315132141,0.09728166526882823,0.6239620000123978,0.0
2,0.5255989357829094,0.5237748906299554,0.5968325734138489,0.0
3,0.41118451207876205,0.7750202644166216,0.5590275228023529,0.5451899216924528
4,0.3066115975379944,0.8988379189374323,0.5122415721416473,0.5763311985578294
5,0.24643097445368767,0.9160133513055991,0.46578483283519745,0.5391608732630575
6,0.1854528672993183,0.9511897312113419,0.46884775906801224,0.5257674777235735
7,0.13177652843296528,0.9814225308444268,0.4249576926231384,0.5391608732630575
8,0.09347222000360489,0.9814225308444268,0.47262004762887955,0.5193452708028489
9,0.09973757155239582,0.975076180802554,0.36870188638567924,0.5461512891098178
10,0.06058494187891483,0.9814225308444268,0.33717161789536476,0.5438861892730144
11,0.04941170942038298,0.9814225308444268,0.3381657190620899,0.5688343878237554
12,0.0334987910464406,0.9814225308444268,0.35666945576667786,0.5361155951935921
13,0.034212201833724976,0.9875771574795098,0.4218428507447243,0.5073697333209228
14,0.027545887511223555,0.9814225308444268,0.5586402043700218,0.507006542232159
