,train_loss,train_score,valid_loss,valid_score
1,0.5810108284155527,0.3174906374651838,0.6397421061992645,0.40794809407948096
2,0.3309326271216075,0.7343537038231921,0.6333422362804413,0.4882783461981246
3,0.23908536632855734,0.8207309674204162,0.5088134855031967,0.4936612566406058
4,0.15794544915358225,0.8776006159232781,0.38548048585653305,0.4335160454746275
5,0.11511615415414174,0.9532636867319125,0.3513265624642372,0.45383074708429655
6,0.07988493144512177,0.9589996891034891,0.47812584042549133,0.45383074708429655
7,0.057742261638243995,0.9882348845970288,0.5273094773292542,0.44343893131595946
8,0.03560773469507694,0.9941002434954168,0.360771507024765,0.47428918630884087
9,0.02962849661707878,0.9941002434954168,0.682033121585846,0.4936612566406058
10,0.026691570257147152,0.9941002434954168,0.7819786369800568,0.5039986096609256
11,0.021218373129765194,1.0,0.4973823130130768,0.4240240165734286
12,0.012525804651280245,1.0,0.6455431878566742,0.4240240165734286
13,0.010685352608561516,1.0,0.6419617235660553,0.44343893131595946
14,0.008057057081411282,1.0,0.8135272860527039,0.4335160454746275
15,0.009887760505080223,1.0,0.8086467981338501,0.46473441196683624
16,0.004956619658817847,1.0,0.9478467702865601,0.4761985195794939
17,0.0066043186622361345,1.0,0.584938257932663,0.4761985195794939
18,0.0057564300174514456,1.0,0.39688125252723694,0.4761985195794939
19,0.005197504380096992,1.0,0.38537415862083435,0.4761985195794939
20,0.00456751751092573,1.0,0.4626046270132065,0.4241973658260398
