,train_loss,train_score,valid_loss,valid_score
1,0.6630940586328506,0.1495467059229195,0.7153080701828003,0.0
2,0.5399777665734291,0.567787244009988,0.6432442218065262,0.1512522243965182
3,0.42458826303482056,0.7750202644166216,0.5739065557718277,0.4414464326564874
4,0.3241690397262573,0.873695599526595,0.499521441757679,0.6107241726050883
5,0.25022798776626587,0.9150772842791178,0.4164281189441681,0.5870107242849829
6,0.1883813589811325,0.9334586382051248,0.4030614346265793,0.5607731514183623
7,0.14644505269825459,0.9446544968971894,0.3584952652454376,0.5607731514183623
8,0.09152774140238762,0.9753048303966929,0.3169095143675804,0.5777547299749907
9,0.0795895978808403,0.9814225308444268,0.3472698703408241,0.5519185088503615
10,0.05753571726381779,0.9814225308444268,0.3713949844241142,0.5361155951935921
11,0.04802436847239733,0.9814225308444268,0.4079900458455086,0.5213012548379435
12,0.037099155597388744,0.9814225308444268,0.4089212641119957,0.5684285594316689
13,0.029629360884428024,0.9814225308444268,0.4163329675793648,0.5391608732630575
14,0.025832867715507746,0.9814225308444268,0.41173969581723213,0.5391608732630575
