,train_loss,train_score,valid_loss,valid_score
1,0.6605934500694275,0.0,0.5599833726882935,0.0
2,0.5484275370836258,0.15437142997862394,0.5112806037068367,0.0
3,0.45462262630462646,0.46852435673832216,0.4285442680120468,0.07582465843181822
4,0.3396656811237335,0.6944887043282709,0.33938243985176086,0.4078144078144078
5,0.24807767197489738,0.8597269536210952,0.2905018590390682,0.5079109252354275
6,0.18956155329942703,0.9160133513055991,0.2895941659808159,0.5520582735125914
7,0.1479020155966282,0.9276125895432153,0.34593843668699265,0.5287431168515262
8,0.10546726547181606,0.938674076853298,0.3495752401649952,0.5287431168515262
9,0.08403579704463482,0.9753048303966929,0.26862290874123573,0.48391896848960253
10,0.05801704991608858,0.9753048303966929,0.2796167880296707,0.48391896848960253
11,0.0494416868314147,0.9814225308444268,0.28793385066092014,0.48391896848960253
12,0.03548999596387148,0.9875771574795098,0.29189523309469223,0.5100919173201363
13,0.03070640843361616,0.9875771574795098,0.28853103518486023,0.5014923236771917
14,0.023229817859828472,0.9875771574795098,0.3690592907369137,0.5440298285169028
15,0.02373994095250964,0.9875771574795098,0.42188503593206406,0.5362630658899051
16,0.017830678494647145,0.9875771574795098,0.39920173585414886,0.5362630658899051
