,train_loss,train_score,valid_loss,valid_score
1,0.6763830065727234,0.0,0.6527284383773804,0.0
2,0.5702887713909149,0.5314892139278095,0.6504246145486832,0.22213082915965962
3,0.4836610794067383,0.8316538596479827,0.5886959284543991,0.5311325403737385
4,0.43386778235435486,0.9051016735969626,0.5532231330871582,0.5038378351241242
5,0.37867926359176635,0.9031332183667847,0.5572071522474289,0.5477225575051662
6,0.32812113463878634,0.9331361283626991,0.5371818244457245,0.4884144070010306
7,0.2940739274024963,0.9514859136040755,0.5245394557714462,0.4671241904209606
8,0.24398582875728608,0.9514859136040755,0.4949207603931427,0.4671241904209606
9,0.24339363127946853,0.9455779434075351,0.5295966789126396,0.5477225575051662
10,0.20486804693937302,0.975456381144309,0.503199465572834,0.5038378351241242
11,0.21990712136030197,0.9691123561673313,0.4369288608431816,0.5119662654015451
12,0.19317062720656394,0.9694116958983826,0.48299624770879745,0.5554833979606764
13,0.1859452337026596,0.975456381144309,0.46633990854024887,0.5644108707844233
14,0.2340156726539135,0.9815368735540919,0.4586419388651848,0.5468792582251799
15,0.14275246113538742,0.9694116958983826,0.4550221189856529,0.5468792582251799
16,0.1607384815812111,0.975456381144309,0.47031520307064056,0.4875809527768842
17,0.08192867264151574,0.9876538476102781,0.44977694749832153,0.5010235425246347
18,0.16507958769798278,0.9813853901249078,0.3447795435786247,0.5468792582251799
19,0.20077811256051065,0.9813853901249078,0.4224434271454811,0.5305618431381753
20,0.16635284200310707,0.9876538476102781,0.4554950222373009,0.5477225575051662
21,0.16925719007849693,0.9815368735540919,0.49093667417764664,0.520397179026005
22,0.1549494531005621,0.9815368735540919,0.49122947454452515,0.5305618431381753
23,0.1699919283390045,0.9876538476102781,0.49952949583530426,0.5010235425246347
