,train_loss,train_score,valid_loss,valid_score
1,0.5828918615976969,0.29893647809266516,0.7371493577957153,0.5602287114655289
2,0.32440443833669025,0.7605335839116417,0.6752035617828369,0.3773900815565891
3,0.204306090871493,0.8720235648494905,0.6452634930610657,0.3962029078465307
4,0.15839944779872894,0.9116416797650452,0.7159018218517303,0.42410405962884296
5,0.0999761496980985,0.9243886531229556,0.6975589394569397,0.44762444868307133
6,0.07233948012193044,0.9708391914381,0.9701524674892426,0.47391869606640696
7,0.050151812533537544,0.9824033179248569,0.4541581943631172,0.47391869606640696
8,0.03222179226577282,0.9882348845970288,0.7902750670909882,0.4648082538023267
9,0.025312714278697968,0.9941002434954168,0.7098504304885864,0.4648082538023267
10,0.016638355950514477,1.0,0.5609878748655319,0.4648082538023267
11,0.014590097591280937,1.0,0.4694242924451828,0.4648082538023267
