,train_loss,train_score,valid_loss,valid_score
1,0.6007776260375977,0.2881769890388444,0.6845418214797974,0.5281862745098039
2,0.33520418405532837,0.7672515275855444,0.7552901208400726,0.4395039840402831
3,0.23982075850168863,0.8316847989130757,0.5834919214248657,0.45605174407879523
4,0.1818160911401113,0.9006863799659567,0.6678404211997986,0.47391869606640696
5,0.12102015068133672,0.9475587393582686,0.3558359593153,0.5144957554275265
6,0.08653121441602707,0.9480909262799544,0.3186006471514702,0.48793309347051234
7,0.06824057176709175,0.9651054716602593,0.46725620329380035,0.4643610034819457
8,0.044889457523822784,0.9824033179248569,0.48930858075618744,0.4534435128398129
9,0.028092098111907642,0.9941002434954168,0.4782990515232086,0.48793309347051234
10,0.020521176358064015,1.0,0.3282448351383209,0.48793309347051234
11,0.023250915420552094,1.0,0.3222169056534767,0.5438861892730144
12,0.015746768563985825,1.0,0.3934360295534134,0.5438861892730144
13,0.011333422424892584,1.0,0.4412841200828552,0.5602287114655289
14,0.013082040473818779,1.0,0.30300288647413254,0.5602287114655289
15,0.013743015627066294,0.9882348845970288,0.2600620072335005,0.5438861892730144
16,0.008095859549939632,1.0,0.6436563432216644,0.5142311233787904
17,0.006953882829596599,1.0,0.3279775343835354,0.5007062118645611
18,0.007694024282197158,1.0,0.5214529931545258,0.5142311233787904
19,0.006180730493118365,1.0,0.4470820277929306,0.5285918551699038
20,0.006478309631347656,1.0,0.5290909260511398,0.5438861892730144
21,0.004651693472017844,1.0,0.3599126636981964,0.5438861892730144
22,0.0044584721326828,1.0,0.3147623836994171,0.5438861892730144
23,0.004173720410714547,1.0,0.2182945660315454,0.5602287114655289
