,train_loss,train_score,valid_loss,valid_score
1,0.5931952099005381,0.3134936043664126,0.7381156384944916,0.5007062118645611
2,0.32698606451352435,0.7395561843719102,0.6514636874198914,0.4395039840402831
3,0.2175083508094152,0.8846976516182106,0.7152075469493866,0.45605174407879523
4,0.15059621135393778,0.9194806296032042,0.699308842420578,0.4933139302473538
5,0.10855272163947423,0.9313448957916327,0.4463028907775879,0.5503495392790071
6,0.07316580166419347,0.9708391914381,0.3301238529384136,0.5503495392790071
7,0.049355700612068176,0.9824033179248569,0.4706885665655136,0.525854646498153
8,0.02872546948492527,0.9941002434954168,0.36346300691366196,0.525854646498153
9,0.023857445145646732,0.9941002434954168,0.343505147844553,0.525854646498153
10,0.01658548383663098,1.0,0.7440054267644882,0.525854646498153
11,0.017487231952448685,1.0,0.4154910743236542,0.5377877706628422
12,0.011797433408598105,1.0,0.4197976291179657,0.5503495392790071
13,0.009507636539638042,1.0,0.7683036178350449,0.5636018619766345
14,0.010598255942265192,1.0,0.4493797868490219,0.5503495392790071
15,0.0065510414230326814,1.0,0.5445491820573807,0.5636018619766345
16,0.006389168091118336,1.0,0.5893650203943253,0.577615534661554
17,0.007884905518343052,1.0,0.2756535969674587,0.5924719553724154
18,0.004698538221418858,1.0,0.21511602262035012,0.608265263693434
19,0.004954383165265123,1.0,0.4423177242279053,0.6624609340663695
20,0.007663433750470479,1.0,0.36952461302280426,0.6431196942844082
21,0.006319223980729778,1.0,0.20162472501397133,0.6431196942844082
22,0.004320384856934349,1.0,0.31432436406612396,0.6251050331912297
23,0.005079226413120826,1.0,0.27102339267730713,0.6251050331912297
24,0.00377248995937407,1.0,0.19211271591484547,0.6431196942844082
25,0.005128179909661412,1.0,0.17692377138882875,0.6170343137254902
26,0.004810436706369122,1.0,0.486905038356781,0.5479899574712892
27,0.005827792454510927,1.0,0.17293374938890338,0.6170343137254902
28,0.004519362468272448,1.0,0.30587221682071686,0.6431196942844082
29,0.003821508182833592,1.0,0.3232424110174179,0.6431196942844082
