,train_loss,train_score,valid_loss,valid_score
1,0.6082724332809448,0.2221079985075453,0.7504147092501322,0.5110554767815644
2,0.34787145256996155,0.6948822928339646,0.7329635421435038,0.40173540558203125
3,0.27089746793111164,0.7868173740419682,0.5635614196459452,0.4192123585410357
4,0.18248304724693298,0.8886114594211221,0.47468586762746173,0.47601949746444544
5,0.1256635238726934,0.9334586382051248,0.42165565490722656,0.47601949746444544
6,0.0952749028801918,0.9571664769885428,0.5007092555363973,0.4382182885875124
7,0.06536011149485906,0.9753048303966929,0.437584509452184,0.4483773774034979
8,0.05016054709752401,0.9753048303966929,0.4733501672744751,0.4536378766290918
9,0.03046519433458646,0.9937694097483343,0.416630079348882,0.4752865513439579
10,0.026796267678340275,1.0,0.2826088567574819,0.5189351638727756
11,0.025002514322598774,0.9937694097483343,0.28599800169467926,0.5189351638727756
12,0.014917904200653235,1.0,0.30272671580314636,0.5189351638727756
13,0.011643401036659876,1.0,0.444987674554189,0.4932079441838111
14,0.013706781590978304,1.0,0.3285340517759323,0.5014923236771917
15,0.009720185461143652,1.0,0.30995264649391174,0.485218572682344
16,0.007401053328067064,1.0,0.4461217870314916,0.4932079441838111
17,0.0066251202176014585,1.0,0.35582002997398376,0.4932079441838111
18,0.015324372798204422,1.0,0.4486614366372426,0.5380155709429176
19,0.00793365358064572,1.0,0.26382627586523694,0.5481221566878905
20,0.006563951106121142,1.0,0.2917519112428029,0.5481221566878905
21,0.005562343712275227,1.0,0.2286862979332606,0.5124418872855993
22,0.004584007275601228,1.0,0.27994121114412945,0.533683257035416
23,0.0058182901702821255,1.0,0.310304656624794,0.533683257035416
24,0.00586982537060976,1.0,0.19745609909296036,0.533683257035416
25,0.002652427259211739,1.0,0.2512875149647395,0.5697286875911557
26,0.00556156225502491,1.0,0.31814848879973096,0.5380155709429176
27,0.0032047457449759045,1.0,0.24782808621724448,0.5380155709429176
28,0.0044485813317199545,1.0,0.2725524554649989,0.5380155709429176
29,0.004576613816122214,1.0,0.33381785949071247,0.5481221566878905
30,0.0031738298324247203,1.0,0.2958666980266571,0.5228155443854323
31,0.0027292365363488593,1.0,0.23562097052733103,0.545088413499075
32,0.0031429032484690347,1.0,0.20579560846090317,0.545088413499075
33,0.0024823672138154507,1.0,0.21570318937301636,0.545088413499075
34,0.005341898727541168,1.0,0.25130649904410046,0.5228155443854323
35,0.0035012427251785994,1.0,0.2116562332957983,0.5481221566878905
