,train_loss,train_score,valid_loss,valid_score
1,0.5981265306472778,0.2681511458660129,0.7527860005696615,0.4812405247327725
2,0.3612422049045563,0.7253646297923867,0.6420401930809021,0.4536378766290918
3,0.2783379554748535,0.7909649964604158,0.4876589874426524,0.4752865513439579
4,0.18833977977434793,0.8590903648420307,0.39600421984990436,0.5270924174778843
5,0.14587360620498657,0.932726771976175,0.2861706217130025,0.5830048040303858
6,0.10211087018251419,0.9506686740748921,0.25812047719955444,0.533683257035416
7,0.06225395699342092,0.9753048303966929,0.2527746210495631,0.5100919173201363
8,0.05040697753429413,0.9814225308444268,0.33065911134084064,0.47750577218910545
9,0.040901124477386475,0.9812691656005564,0.30145831406116486,0.5014923236771917
10,0.029018679012854893,0.9937694097483343,0.2801298499107361,0.47517369410934535
11,0.025157309447725613,0.9937694097483343,0.32580949862798053,0.47517369410934535
12,0.021541958674788475,0.9937694097483343,0.34133273363113403,0.48391896848960253
13,0.015234321976701418,0.9937694097483343,0.2878958731889725,0.45087062508130693
14,0.016079742771883804,0.9937694097483343,0.40451736251513165,0.485218572682344
15,0.013470028216640154,1.0,0.27590034902095795,0.4932079441838111
