,train_loss,train_score,valid_loss,valid_score
1,0.6257990797360738,0.2641254441570219,0.7342929244041443,0.2896018352230736
2,0.4139411151409149,0.6053155593629874,0.6479666431744894,0.5636018619766345
3,0.2872510254383087,0.7347661117433616,0.4843394060929616,0.5924719553724154
4,0.20727458596229553,0.8693182879212226,0.3158326546351115,0.5763311985578294
5,0.1539719750483831,0.8977036934213125,0.32939407229423523,0.5684285594316689
6,0.1210068091750145,0.9321425168058358,0.3529050648212433,0.577615534661554
7,0.07580328608552615,0.9753048303966929,0.30744857092698413,0.5705087134100852
8,0.06157483905553818,0.9814225308444268,0.34611640373865765,0.5568851831988673
9,0.04832695300380389,0.9814225308444268,0.38529759645462036,0.5503495392790071
10,0.034246922781070076,0.9814225308444268,0.46028295159339905,0.5705087134100852
11,0.027954378475745518,0.9875771574795098,0.4237210849920909,0.5849328448987128
12,0.024089359988768894,0.9875771574795098,0.43955105543136597,0.5636018619766345
13,0.019695470730463665,0.9937694097483343,0.4642428159713745,0.5568851831988673
