,train_loss,train_score,valid_loss,valid_score
1,0.5896576046943665,0.32208016421988495,0.6908003389835358,0.2501496080403598
2,0.3427879412968953,0.7223151185146152,0.7576483488082886,0.28888563436362574
3,0.2618722716967265,0.8143085364345367,0.6545881032943726,0.28888563436362574
4,0.168205127120018,0.889460083706025,0.6888629198074341,0.31529917843017563
5,0.10934174060821533,0.9243886531229556,0.5649523437023163,0.28888563436362574
6,0.07723437498013179,0.9651054716602593,1.0547649264335632,0.28888563436362574
7,0.04786699637770653,0.9824033179248569,0.7771919369697571,0.27682510025980206
8,0.041933869322141014,0.9824033179248569,0.9124801754951477,0.28276992137502566
9,0.030502270286281902,1.0,0.8565062582492828,0.31529917843017563
10,0.01907652523368597,1.0,0.736572802066803,0.353878218968862
11,0.014450090316434702,1.0,0.6230754852294922,0.4122643249643901
12,0.012757182431717714,1.0,0.6515363156795502,0.4122643249643901
13,0.010101883361736933,1.0,1.0726715326309204,0.3909342363010492
14,0.010200308946271738,1.0,0.6166079789400101,0.3909342363010492
15,0.008390969596803188,1.0,0.7462628781795502,0.40132865562736186
16,0.007916527256990472,1.0,0.7546082735061646,0.40132865562736186
17,0.00780341075733304,1.0,0.6479477286338806,0.4237968890675681
18,0.005680566498388846,1.0,0.8444485068321228,0.4237968890675681
19,0.0046744888337949915,1.0,0.8111938834190369,0.3577494593915404
20,0.0063797578526039915,1.0,0.3959524780511856,0.3577494593915404
21,0.005447541053096454,1.0,0.7950056195259094,0.3577494593915404
22,0.0037436367323001227,1.0,0.5215305536985397,0.3577494593915404
23,0.003349516773596406,1.0,0.7296745777130127,0.3692450381228434
24,0.004707033668334286,1.0,0.8722412586212158,0.3577494593915404
25,0.004106292811532815,1.0,0.7541972994804382,0.3577494593915404
26,0.00322768185287714,1.0,0.5085567831993103,0.3692450381228434
27,0.005509720494349797,1.0,0.422231025993824,0.3577494593915404
