,train_loss,train_score,valid_loss,valid_score
1,0.6048051913579305,0.25626540041165413,0.7608428001403809,-0.03712389877067985
2,0.3791979451974233,0.6406584348272965,0.7548781037330627,0.40332300621335776
3,0.2723909715811412,0.8152884507920062,0.5904637575149536,0.36719337164057003
4,0.20321892201900482,0.8950594241477494,0.4876887798309326,0.4062004732300889
5,0.15709758549928665,0.894493885280747,0.4162207990884781,0.44343893131595946
6,0.13302638133366904,0.9306246992794481,0.30567361414432526,0.4761985195794939
7,0.10145783424377441,0.9414219018035658,0.26386432722210884,0.46473441196683624
8,0.057841011633475624,0.9882348845970288,0.41167357563972473,0.44343893131595946
9,0.055468751738468804,0.9882348845970288,0.6214842796325684,0.4335160454746275
10,0.042661244670550026,0.9941002434954168,0.4436349421739578,0.45383074708429655
11,0.03544425840179125,0.9941002434954168,0.32673806697130203,0.46473441196683624
12,0.024428007503350575,1.0,0.33314040303230286,0.4761985195794939
13,0.020137059812744457,1.0,0.3547648414969444,0.45383074708429655
14,0.01619472789267699,1.0,0.3904445916414261,0.44343893131595946
15,0.01692565344274044,1.0,0.5037622451782227,0.4761985195794939
16,0.010146477570136389,1.0,0.3466719016432762,0.4761985195794939
