,train_loss,train_score,valid_loss,valid_score
1,0.5974739789962769,0.2930973221789247,0.7148562669754028,0.21955882779568026
2,0.31723729769388836,0.7022602074068441,0.7898084223270416,0.32231168892335577
3,0.19720577696959177,0.880204225929142,0.7213084399700165,0.33420785683917403
4,0.15047081311543783,0.9203230604082056,0.5957558751106262,0.33420785683917403
5,0.10617827375729878,0.9537318909284785,0.6630130410194397,0.3281779047337568
6,0.07569757103919983,0.959403223600247,0.5854994356632233,0.36017728982583996
7,0.05516745522618294,0.9824033179248569,0.5227895975112915,0.36719337164057003
8,0.03186402469873428,0.9882348845970288,0.6253950595855713,0.4062004732300889
9,0.030217988416552544,1.0,0.4317474514245987,0.4335160454746275
10,0.01851854845881462,1.0,0.432967409491539,0.4335160454746275
11,0.016094171131650608,1.0,0.46980272233486176,0.4335160454746275
12,0.009906796117623648,1.0,0.6501880288124084,0.4335160454746275
13,0.009012879493335882,1.0,0.4246228039264679,0.4240240165734286
14,0.007512361121674378,1.0,0.33571724221110344,0.45383074708429655
15,0.008294493580857912,1.0,0.5228155255317688,0.46473441196683624
16,0.007240444887429476,1.0,0.8258019685745239,0.4882783461981246
17,0.006370973618080218,1.0,0.788143664598465,0.4882783461981246
18,0.006537929022063811,1.0,0.4079042375087738,0.5145473852885938
19,0.004010508147378762,1.0,0.32630253583192825,0.5145473852885938
20,0.004115507394696276,1.0,0.2974005490541458,0.5288932361229772
21,0.004723274614661932,1.0,0.5076853632926941,0.5288932361229772
22,0.003647647254789869,1.0,0.2802530452609062,0.5288932361229772
23,0.005985293226937453,1.0,0.47099028527736664,0.5010370871791437
24,0.0032705954120804868,1.0,0.2891651913523674,0.5145473852885938
25,0.0037532074687381587,1.0,0.43760253489017487,0.4761985195794939
26,0.0027798212443788848,1.0,0.3214775621891022,0.4882783461981246
27,0.004254666545117895,1.0,0.3513927459716797,0.4882783461981246
28,0.003788203466683626,1.0,0.27480632439255714,0.5010370871791437
29,0.0022596881026402116,1.0,0.3663846105337143,0.5010370871791437
30,0.0042707430354009075,1.0,0.6493872851133347,0.5010370871791437
