,train_loss,train_score,valid_loss,valid_score
1,0.6839853525161743,0.14542364406717512,0.5819718837738037,-0.030422771786806378
2,0.41346466541290283,0.5739123684294533,0.6048562526702881,0.608265263693434
3,0.2723172704378764,0.807125215186327,0.40569232404232025,0.5636018619766345
4,0.20716242988904318,0.8700662268449247,0.3178233951330185,0.5602287114655289
5,0.15660519897937775,0.9113862106049877,0.20516937226057053,0.608265263693434
6,0.11280982941389084,0.9187696075688819,0.2962404638528824,0.577615534661554
7,0.07869584858417511,0.959403223600247,0.35833458602428436,0.5636018619766345
8,0.0644666999578476,0.982265716787138,0.274971179664135,0.5636018619766345
9,0.039918689678112663,0.9941002434954168,0.19403168559074402,0.6251050331912297
10,0.03689292445778847,0.9882348845970288,0.12077470868825912,0.757317246446102
11,0.025470163052280743,1.0,0.1472557596862316,0.6624609340663695
12,0.019724681973457336,1.0,0.25738006085157394,0.6431196942844082
13,0.015962191857397556,1.0,0.3322290778160095,0.5924719553724154
14,0.013941431418061256,1.0,0.3449701964855194,0.608265263693434
15,0.012707189656794071,1.0,0.4012836590409279,0.608265263693434
16,0.007506690764178832,1.0,0.3031149357557297,0.608265263693434
17,0.00946248167504867,1.0,0.23273202031850815,0.6251050331912297
18,0.006921306562920411,1.0,0.18172895535826683,0.6431196942844082
19,0.006617668550461531,1.0,0.25159985572099686,0.7058823529411765
20,0.006955926306545734,1.0,0.15272866562008858,0.6833094209111142
