,train_loss,train_score,valid_loss,valid_score
1,0.5830413699150085,0.35975311233691215,0.9067651033401489,0.3440262670177817
2,0.3332611322402954,0.7319250547113999,0.8920822143554688,0.36007202160720253
3,0.21951991816361746,0.8402239881553324,0.6025206744670868,0.4167891976696585
4,0.156083881855011,0.8957520972263474,0.5347938537597656,0.45605174407879523
5,0.12863869220018387,0.9418842897989322,0.568607747554779,0.45605174407879523
6,0.08724163721005122,0.9537318909284785,0.5331514179706573,0.4395039840402831
7,0.052538519725203514,0.9651054716602593,0.5501974076032639,0.45605174407879523
8,0.0326342781384786,0.9941002434954168,0.3971656300127506,0.4648082538023267
9,0.022855286176006,0.9882348845970288,0.9795071482658386,0.5036630526336384
10,0.01911570007602374,1.0,0.66086345911026,0.5377877706628422
11,0.016458803166945774,1.0,0.3128913715481758,0.5377877706628422
12,0.011929452419281006,1.0,0.5607257187366486,0.5503495392790071
13,0.01137695275247097,1.0,0.43504054844379425,0.5636018619766345
14,0.008933356342216333,1.0,0.3040163591504097,0.5636018619766345
15,0.007054618249336879,1.0,0.25915294606238604,0.5636018619766345
16,0.004954221037526925,1.0,0.5800202339887619,0.577615534661554
17,0.004647877610599001,1.0,0.28205086290836334,0.5602287114655289
18,0.00948358125363787,1.0,0.2687123790383339,0.5281862745098039
19,0.003981166674445073,1.0,0.6930051743984222,0.5438861892730144
20,0.0036628246307373047,1.0,0.3398904949426651,0.5777547299749907
21,0.003681361752872666,1.0,0.31337711960077286,0.5966253736389256
22,0.0030713165954997144,1.0,0.47717228531837463,0.5777547299749907
23,0.003213061640659968,1.0,0.24072738364338875,0.5777547299749907
24,0.0031311282267173133,1.0,0.25884711742401123,0.5777547299749907
25,0.0024985315588613353,1.0,0.44172947108745575,0.5966253736389256
26,0.0022011475327114263,1.0,0.5948296636343002,0.5966253736389256
27,0.0024170908145606518,1.0,0.49840641021728516,0.5479899574712892
28,0.0028232053543130555,1.0,0.4357697367668152,0.47575057789562814
29,0.0038973052287474275,1.0,0.24902573972940445,0.47575057789562814
30,0.003747653060903152,1.0,0.4700060188770294,0.5281862745098039
31,0.0022969989804551005,1.0,0.3615904152393341,0.49304852588361187
