,train_loss,train_score,valid_loss,valid_score
1,0.669652670621872,0.055989251095585425,0.7006946355104446,0.0
2,0.5597046464681625,0.4693936521282212,0.6267424672842026,0.0
3,0.4547826647758484,0.7410726286765899,0.56985242664814,0.4088996530008273
4,0.3624403029680252,0.858150917550382,0.5232539772987366,0.5871344986713599
5,0.2786828428506851,0.9209289920547203,0.45461248606443405,0.5846228234139333
6,0.2154279462993145,0.9393364366277243,0.3857688754796982,0.6108401070689651
7,0.16212734580039978,0.9571664769885428,0.36315103620290756,0.5534931594531418
8,0.12147725746035576,0.9692233691951198,0.34742307662963867,0.5764620746930896
9,0.09282760322093964,0.9692233691951198,0.2847435735166073,0.6108401070689651
10,0.06928920559585094,0.9692233691951198,0.2808720991015434,0.629955586168444
11,0.05822163354605436,0.9753048303966929,0.2681093327701092,0.6202199014913234
12,0.04891036543995142,0.9814225308444268,0.29345011338591576,0.6017939472401159
13,0.03839186718687415,0.9814225308444268,0.4931856021285057,0.5132565065402932
14,0.03261268511414528,0.9814225308444268,0.5263691544532776,0.49546288592681587
15,0.026119183283299208,0.9814225308444268,0.5016522780060768,0.5259229283002776
16,0.028067382983863354,0.9814225308444268,0.41751188039779663,0.5393094725068078
17,0.02114751818589866,0.9875771574795098,0.4045186713337898,0.5534931594531418
18,0.019970953930169344,0.9875771574795098,0.4270886853337288,0.5534931594531418
19,0.02250190102495253,0.9875771574795098,0.3931185156106949,0.568563056552301
20,0.020073891384527087,0.9875771574795098,0.38848624378442764,0.5846228234139333
