,train_loss,train_score,valid_loss,valid_score
1,0.657818153500557,0.0,0.5696732997894287,0.0
2,0.5242204889655113,0.44277422266101185,0.4919406697154045,0.0
3,0.4079292342066765,0.7259267073311578,0.4065691605210304,0.49973661150196996
4,0.29329754412174225,0.8725931005983388,0.3544018268585205,0.593463140040164
5,0.21238619834184647,0.9446544968971894,0.3539392501115799,0.5190289256303792
6,0.15460500866174698,0.9631774724179828,0.33845025300979614,0.5689662622734246
7,0.10488107986748219,0.9814225308444268,0.3412235751748085,0.5287431168515262
8,0.07580889202654362,0.9814225308444268,0.33011292666196823,0.5689662622734246
9,0.05372646916657686,0.9875771574795098,0.37921958416700363,0.5287431168515262
10,0.05117941368371248,0.9814225308444268,0.4819244146347046,0.4645484255868549
11,0.035359596367925406,0.9875771574795098,0.6417333334684372,0.4432392468712848
12,0.034458354115486145,0.9812691656005564,0.5177561640739441,0.4645484255868549
13,0.02504195272922516,0.9875771574795098,0.3959737569093704,0.5075321491867127
14,0.022589051397517323,0.9875771574795098,0.3681289926171303,0.4960640570867206
