,train_loss,train_score,valid_loss,valid_score
1,0.5962631702423096,0.264575131106459,0.552287737528483,0.2953766544881277
2,0.30709486206372577,0.7516232279446501,0.4844742516676585,0.6279940371178538
3,0.2630680501461029,0.8132854875821756,0.35113464792569477,0.6017939472401159
4,0.13287571320931116,0.9276125895432153,0.29609236617883045,0.6400715564971587
5,0.13406680027643839,0.9034652232055224,0.25696010639270145,0.5764620746930896
6,0.0849172572294871,0.9452465944188083,0.38271116216977435,0.5325216277702775
7,0.060808215290308,0.9692233691951198,0.44857438405354816,0.4737000698838302
8,0.06674423068761826,0.9814225308444268,0.4067182044188182,0.5012432116470543
9,0.031208833679556847,1.0,0.3616144061088562,0.5609112290709019
10,0.051668815314769745,0.9814225308444268,0.3997693459192912,0.5393094725068078
11,0.01838844921439886,1.0,0.532018224398295,0.418783556603021
12,0.017559882253408432,1.0,0.6001735130945841,0.4069536975193566
13,0.017714378734429676,1.0,0.7464497089385986,0.43128918931735816
14,0.011909995538492998,1.0,0.634891519943873,0.44914988060496513
