,train_loss,train_score,valid_loss,valid_score
1,0.5799638132254282,0.3291091890434819,0.7443081736564636,0.3115557630088911
2,0.3047250459591548,0.7175937767305169,0.7606673836708069,0.28276992137502566
3,0.19869673252105713,0.8640601296632852,0.7935257852077484,0.2710407692022019
4,0.11747837563355763,0.9532636867319125,0.838931530714035,0.2951835383580207
5,0.07828162734707196,0.959403223600247,1.208652913570404,0.3224608291466229
6,0.0601012147963047,0.9824033179248569,0.6776493936777115,0.3083762521764126
7,0.041534826159477234,0.9941002434954168,0.9566079378128052,0.3298789308767264
8,0.02659549688299497,0.9941002434954168,0.6895852088928223,0.34556479458592937
9,0.02013678289949894,1.0,0.9554541110992432,0.353878218968862
10,0.016129632480442524,1.0,0.7835673093795776,0.34556479458592937
11,0.016119414940476418,1.0,0.7658544182777405,0.3298789308767264
12,0.012931251587967077,1.0,0.9583265781402588,0.33757303946000017
13,0.008325389586389065,1.0,0.9704259932041168,0.353878218968862
14,0.008569686052699884,1.0,1.2543933689594269,0.3715802678087691
15,0.0077017418419321375,1.0,0.5371337831020355,0.3909342363010492
16,0.007285034283995628,1.0,0.8183418810367584,0.3810323791814727
17,0.007280960213392973,1.0,0.6144951432943344,0.3810323791814727
18,0.005871105628708999,1.0,0.44295908138155937,0.3810323791814727
19,0.004491581969584028,1.0,0.9207416772842407,0.3810323791814727
20,0.007835758694758018,1.0,0.9498515725135803,0.3909342363010492
21,0.0055019436404109,1.0,0.3780400432879105,0.40132865562736186
22,0.004352963374306758,1.0,0.6223884224891663,0.40132865562736186
23,0.0040227094044288,1.0,0.6946400701999664,0.40132865562736186
24,0.004230714403092861,1.0,0.4726642295718193,0.40132865562736186
25,0.007624035545935233,1.0,0.835302323102951,0.40132865562736186
26,0.006574955148001512,1.0,0.9410337209701538,0.40132865562736186
27,0.004337787472953399,1.0,0.9245694577693939,0.40132865562736186
28,0.004317449949060877,1.0,0.7146234214305878,0.40132865562736186
29,0.003306459945936998,1.0,0.6154009103775024,0.40132865562736186
30,0.0034658595298727355,1.0,0.719762921333313,0.40132865562736186
31,0.0030116285973538956,1.0,0.6308018565177917,0.3909342363010492
