,train_loss,train_score,valid_loss,valid_score
1,0.6591466218233109,0.07559289460184544,0.6861861944198608,0.0
2,0.55254727602005,0.4992472653769007,0.6400337666273117,0.22868941946384982
3,0.44408245384693146,0.7600924984884502,0.5834537148475647,0.542221556668324
4,0.3459552451968193,0.9045340337332909,0.5111323595046997,0.6554179903487103
5,0.2700982317328453,0.9452465944188083,0.46537870168685913,0.643223338923786
6,0.20139003172516823,0.9571664769885428,0.40926144272089005,0.6003661886212118
7,0.1568000428378582,0.9753048303966929,0.3774350956082344,0.6083829962530759
8,0.10909494943916798,0.9814225308444268,0.3089829571545124,0.6727766736655282
9,0.09352665580809116,0.9814225308444268,0.3417586609721184,0.6833981028894995
10,0.06945382617413998,0.9875771574795098,0.3721767757087946,0.6340638669746456
11,0.0563614834100008,0.9875771574795098,0.4180160462856293,0.5570259934121394
12,0.06319904420524836,0.9814225308444268,0.4497143626213074,0.5504935156161409
13,0.034717841539531946,0.9875771574795098,0.674275629222393,0.43971262586738785
14,0.03523182449862361,0.9875771574795098,0.6116896122694016,0.43971262586738785
15,0.025599675253033638,0.9814225308444268,0.2838253155350685,0.596745010104818
16,0.021647580666467547,0.9875771574795098,0.26693104580044746,0.593720655143058
17,0.024300420423969626,0.9937694097483343,0.3302353508770466,0.6017939472401159
18,0.020608117571100593,0.9937694097483343,0.37315914407372475,0.5930610702436184
19,0.017438462236896157,0.9937694097483343,0.3216230869293213,0.5846228234139333
