,train_loss,train_score,valid_loss,valid_score
1,0.6235196193059286,0.24124895481858194,0.8000792066256205,0.2880304440158356
2,0.35317083199818927,0.7130784470244116,0.7923880219459534,0.3744065512977156
3,0.25275686383247375,0.8359821204103391,0.6907248894373575,0.4097099789582415
4,0.1721992939710617,0.8805902292011419,0.605660637219747,0.45605174407879523
5,0.12479223062594731,0.9102589898327994,0.50731893380483,0.4883086914557844
6,0.06928793340921402,0.9753048303966929,0.43647463123003644,0.525854646498153
7,0.05296435828010241,0.9753048303966929,0.5443560381730398,0.509016411208285
8,0.04835085694988569,0.9875771574795098,0.5794481138388315,0.525854646498153
9,0.029295463114976883,0.9937694097483343,0.4905637204647064,0.5439863956645851
10,0.02573598052064578,1.0,0.48047157128651935,0.5705087134100852
11,0.02548212558031082,1.0,0.3988277514775594,0.6251050331912297
12,0.014400880162914595,1.0,0.36629290878772736,0.5777547299749907
13,0.012161192173759142,1.0,0.34076448281606037,0.5281862745098039
14,0.012131725437939167,1.0,0.2666986013452212,0.5777547299749907
15,0.009865264718731245,1.0,0.28080979237953824,0.5929375676834228
16,0.009822013787925243,1.0,0.4838712116082509,0.5924719553724154
17,0.010918798390775919,1.0,0.43469831347465515,0.5849328448987128
18,0.007259696411589782,1.0,0.4531984527905782,0.5849328448987128
19,0.004847032483667135,1.0,0.31220726917187375,0.5924719553724154
20,0.006200057920068502,1.0,0.4294180671374003,0.600245047998781
21,0.013174015407760939,1.0,0.34832895795504254,0.584495611232122
