,train_loss,train_score,valid_loss,valid_score
1,0.5847223997116089,0.25223266530042215,0.7682490646839142,0.3577494593915404
2,0.35749195019404095,0.706758366885431,0.6445338428020477,0.31750746912015265
3,0.2509573698043823,0.8326256191221614,0.3401019722223282,0.4567631562849093
4,0.17223519086837769,0.8957520972263474,0.30079175531864166,0.47575057789562814
5,0.13044405231873193,0.9357142551162902,0.33712832629680634,0.46266734535479903
6,0.09045821925004323,0.9651054716602593,0.3995767682790756,0.4489184466463736
7,0.0634525256852309,0.9766049484994053,0.43282105028629303,0.48793309347051234
8,0.04807444413503011,0.9708391914381,0.47610391676425934,0.4758390974531845
9,0.03610354786117872,0.9882348845970288,0.33683617413043976,0.4758390974531845
10,0.02578945892552535,0.9941002434954168,0.4982415437698364,0.48793309347051234
11,0.02190725939969222,1.0,0.4723190665245056,0.5142311233787904
12,0.016828832527001698,1.0,0.27550965920090675,0.5285918551699038
13,0.013547825937469801,1.0,0.2737044543027878,0.5142311233787904
14,0.012787577075262865,1.0,0.4131987392902374,0.5285918551699038
15,0.01561199501156807,1.0,0.2708401530981064,0.5602287114655289
16,0.007010701500500242,1.0,0.33561769127845764,0.5479899574712892
17,0.007620018751670917,1.0,0.2835827171802521,0.5933506007319062
18,0.008275075815618038,1.0,0.1976782251149416,0.6634616902626107
19,0.0054614669643342495,1.0,0.30887144804000854,0.6170343137254902
20,0.006402708124369383,1.0,0.19330167910084128,0.6170343137254902
21,0.005742365339150031,1.0,0.36235934495925903,0.6170343137254902
22,0.00600790682559212,1.0,0.2777379900217056,0.6170343137254902
23,0.006673197261989117,1.0,0.4523073583841324,0.5479899574712892
24,0.004606141708791256,1.0,0.2706974074244499,0.5099413263667371
25,0.005687487777322531,1.0,0.2454950325191021,0.5777547299749907
26,0.006449209836622079,1.0,0.2561945244669914,0.6170343137254902
27,0.005158540016661088,1.0,0.3801218420267105,0.6392167586576692
28,0.005158706645791729,1.0,0.3142661899328232,0.6392167586576692
