,train_loss,train_score,valid_loss,valid_score
1,0.5504002372423807,0.4380612452434269,0.7350684702396393,0.48793309347051234
2,0.32758209109306335,0.7365797702451333,0.6117253303527832,0.48341044854730425
3,0.22994703551133475,0.8308641921035719,0.5243005454540253,0.525854646498153
4,0.1513161857922872,0.9250384870542661,0.3674728274345398,0.5636018619766345
5,0.1213977908094724,0.959403223600247,0.32200516015291214,0.525854646498153
6,0.07345843811829884,0.9651054716602593,0.35270096361637115,0.5503495392790071
7,0.05437310039997101,0.9766049484994053,0.3032452017068863,0.5503495392790071
8,0.05203374971946081,0.9766049484994053,0.29470717906951904,0.5636018619766345
9,0.02942706582446893,0.9882348845970288,0.4370729327201843,0.5924719553724154
10,0.02360703671971957,0.9882348845970288,0.37294788658618927,0.608265263693434
11,0.017945307306945324,0.9941002434954168,0.3605581521987915,0.6431196942844082
12,0.015214928425848484,0.9941002434954168,0.16771754063665867,0.6624609340663695
13,0.011570554537077745,1.0,0.14712868444621563,0.6833094209111142
14,0.00968411254386107,1.0,0.19983667135238647,0.7058823529411765
15,0.011002107833822569,1.0,0.13684488460421562,0.757317246446102
16,0.009075696269671122,1.0,0.28750016540288925,0.7304435598440492
17,0.007165482112516959,1.0,0.18448074907064438,0.6624609340663695
18,0.0062332140902678175,1.0,0.18900343775749207,0.6431196942844082
19,0.005313505573819081,1.0,0.20498283579945564,0.6431196942844082
20,0.005067635327577591,1.0,0.20373930409550667,0.6624609340663695
21,0.004452056251466274,1.0,0.17062862031161785,0.6833094209111142
22,0.003944456189249952,1.0,0.16904060170054436,0.7058823529411765
23,0.004933559335768223,1.0,0.14573990926146507,0.7304435598440492
24,0.003692572470754385,1.0,0.42871949821710587,0.7304435598440492
25,0.004068451933562756,1.0,0.1308961813338101,0.7304435598440492
