,train_loss,train_score,valid_loss,valid_score
1,0.6046377221743265,0.29802958940808477,0.9468251764774323,0.23513117962251964
2,0.3515889048576355,0.7016014959060827,0.8937183618545532,0.32430436217807973
3,0.2657514115174611,0.7979583877950543,0.6778257191181183,0.47391869606640696
4,0.22116570671399435,0.8239288738843521,0.4676159769296646,0.5377877706628422
5,0.1337206314007441,0.913179019271519,0.5345416069030762,0.5144957554275265
6,0.0979542260368665,0.9475587393582686,0.48283712565898895,0.4933139302473538
7,0.07906011988719304,0.9647673127600186,0.6005752682685852,0.4933139302473538
8,0.04388161997000376,0.9941002434954168,0.48731084167957306,0.47391869606640696
9,0.03447184214989344,1.0,0.730840802192688,0.4933139302473538
10,0.022556071480115254,1.0,0.5693593919277191,0.5036630526336384
11,0.025299421201149624,0.9941002434954168,0.3674391582608223,0.525854646498153
12,0.014889719896018505,1.0,0.5225585997104645,0.5636018619766345
13,0.01209465724726518,1.0,0.5920678824186325,0.5924719553724154
14,0.006907057793190082,1.0,0.5575403571128845,0.5924719553724154
15,0.009350132662802935,1.0,0.3126640096306801,0.5924719553724154
16,0.006371862565477689,1.0,0.6899815946817398,0.5924719553724154
17,0.008276060844461123,1.0,0.24416348710656166,0.6251050331912297
18,0.006184533548851808,1.0,0.2755299434065819,0.6431196942844082
19,0.005312959818790357,1.0,0.68038010597229,0.6431196942844082
20,0.004965869088967641,1.0,0.22423282824456692,0.6431196942844082
21,0.004103086267908414,1.0,0.5626285225152969,0.6624609340663695
22,0.0044841217653204994,1.0,0.23904937505722046,0.6624609340663695
23,0.005087671025345723,1.0,0.4114856719970703,0.6833094209111142
24,0.005345811213677128,1.0,0.3763115406036377,0.7058823529411765
25,0.0028345882892608643,1.0,0.5811774879693985,0.6833094209111142
26,0.0033458604011684656,1.0,0.6647348403930664,0.6833094209111142
27,0.0032290156620244184,1.0,0.43907496333122253,0.6624609340663695
28,0.003533922523880998,1.0,0.18632651679217815,0.6833094209111142
29,0.0025970309507101774,1.0,0.6220363229513168,0.6624609340663695
30,0.003638720683132609,1.0,0.633208878338337,0.6833094209111142
31,0.002372313989326358,1.0,0.17640662286430597,0.6833094209111142
32,0.0024261410192896924,1.0,0.20000985264778137,0.6624609340663695
33,0.0032227926421910524,1.0,0.4789943993091583,0.6251050331912297
34,0.003090633312240243,1.0,0.25954464823007584,0.6431196942844082
