,train_loss,train_score,valid_loss,valid_score
1,0.5849932829538981,0.25771218075691216,0.7881689071655273,0.42063572619174633
2,0.35678455233573914,0.7089842668175945,0.7631654938062032,0.3519295290271988
3,0.23853068053722382,0.8408481688242478,0.6280880570411682,0.38155867060383064
4,0.18425144255161285,0.9194142866202887,0.4766378104686737,0.43333333333333335
5,0.15000919004281363,0.9201247529086886,0.37614331642786664,0.44073823778995425
6,0.09424582620461781,0.9566878387805706,0.39502612749735516,0.4674089760987577
7,0.0749640626211961,0.9691123561673313,0.4801543553670247,0.4622041018165893
8,0.048612176130215325,0.9876538476102781,0.5456563631693522,0.43788674636350927
9,0.03869940402607123,0.9876538476102781,0.5491501192251841,0.43788674636350927
10,0.031844938173890114,0.9938079899999066,0.5620790918668112,0.4674089760987577
11,0.01990936944882075,0.9938079899999066,0.4541553457578023,0.5140924322644369
12,0.018209550219277542,0.9938079899999066,0.3908479114373525,0.5010235425246347
13,0.015156603107849756,1.0,0.31591923038164776,0.4810862652392909
14,0.0144142284989357,1.0,0.47520049413045246,0.4671241904209606
15,0.017734898254275322,1.0,0.49139251311620075,0.4875809527768842
16,0.010479434703787168,1.0,0.47752342621485394,0.5014858873767987
17,0.009116761231174072,1.0,0.49092423915863037,0.5014858873767987
18,0.008005365108450254,1.0,0.5453628400961558,0.5014858873767987
19,0.006702271911005179,1.0,0.4261219998200734,0.4895422586062462
20,0.009371644662072262,1.0,0.521585206190745,0.4895422586062462
21,0.0056716577770809335,1.0,0.5178096890449524,0.4875809527768842
