,train_loss,train_score,valid_loss,valid_score
1,0.6607260555028915,0.0,0.645460456609726,0.0
2,0.5507181286811829,0.26782235448020775,0.5236410647630692,0.0
3,0.45384349673986435,0.4788537175841803,0.41649405658245087,0.40515265251628246
4,0.3642967790365219,0.6607158652139772,0.3041812777519226,0.32310400653513444
5,0.296954408288002,0.7383940066194871,0.25345394387841225,0.4941092237104394
6,0.23907260596752167,0.8344408667498865,0.23185919970273972,0.533683257035416
7,0.1950514130294323,0.8805902292011419,0.2464006096124649,0.5628841571514129
8,0.13941483199596405,0.9393364366277243,0.22644910961389542,0.5355452632863152
9,0.1102586816996336,0.9571664769885428,0.25925537571310997,0.5764620746930896
10,0.08331132307648659,0.9753048303966929,0.33693069964647293,0.5706431022305851
11,0.06757676415145397,0.9814225308444268,0.29155996441841125,0.5034368336198725
12,0.05581717751920223,0.9814225308444268,0.30547014996409416,0.5110554767815644
13,0.04280385281890631,0.9875771574795098,0.2959781847894192,0.5603645555564457
14,0.04662016220390797,0.9875771574795098,0.2930848356336355,0.5189351638727756
15,0.03446315275505185,0.9875771574795098,0.35104914009571075,0.5214562695205918
16,0.034114745911210775,0.9875771574795098,0.4719611555337906,0.49546288592681587
17,0.02637302945367992,0.9875771574795098,0.4446262717247009,0.5195041035781273
18,0.02891394356265664,0.9875771574795098,0.45553457736968994,0.5504935156161409
19,0.024302163626998663,0.9875771574795098,0.4264955371618271,0.5504935156161409
