,train_loss,train_score,valid_loss,valid_score
1,0.6722664833068848,0.09728166526882823,0.6705836057662964,0.0
2,0.5631477981805801,0.46437164603475267,0.5987001955509186,0.0
3,0.4657743275165558,0.6772364935579487,0.5253237932920456,0.36429087000773963
4,0.3681219592690468,0.7600924984884502,0.4445456862449646,0.5830514972498476
5,0.2990392819046974,0.8611244398211764,0.3881474435329437,0.5481221566878905
6,0.22614265978336334,0.908399345904316,0.28131798654794693,0.6490245337351653
7,0.15951738506555557,0.9276125895432153,0.27919598296284676,0.5380155709429176
8,0.12304783053696156,0.9571664769885428,0.3668101280927658,0.5189351638727756
9,0.08983360789716244,0.9692233691951198,0.29597357660532,0.528327804765375
10,0.0656307078897953,0.9814225308444268,0.2986401952803135,0.528327804765375
11,0.051065376959741116,0.9814225308444268,0.3401622772216797,0.485218572682344
12,0.03940665349364281,0.9875771574795098,0.35825370252132416,0.47005268005053724
13,0.04314824100583792,0.9875771574795098,0.3783852905035019,0.462843838722842
14,0.025676066521555185,0.9875771574795098,0.27732918970286846,0.5228155443854323
15,0.04586236085742712,0.9631774724179828,0.3591402433812618,0.5014923236771917
16,0.03677470353432,0.9875,0.6305252760648727,0.4238108784225934
