,train_loss,train_score,valid_loss,valid_score
1,0.6044700145721436,0.2809539888078655,0.9934093952178955,0.20808157759152882
2,0.3325587610403697,0.7275308805609848,0.7649596631526947,0.29833538647891555
3,0.23085452616214752,0.8618593998759695,0.5810117870569229,0.3719886075536624
4,0.14691034207741419,0.9006863799659567,0.5760863572359085,0.3839860094774972
5,0.10822694251934688,0.9300366886693859,0.802329033613205,0.40332300621335776
6,0.08221160123745601,0.9708391914381,0.7775534391403198,0.44802893545763234
7,0.04627133160829544,0.9882348845970288,0.6527774333953857,0.4936612566406058
8,0.03618243709206581,0.9882348845970288,0.32004034891724586,0.5148193987604248
9,0.03338944353163242,0.9941002434954168,0.5750457346439362,0.5261662155060294
10,0.018728503957390785,1.0,0.369745135307312,0.5927200369557475
11,0.015214210065702597,1.0,0.5055276155471802,0.5778768085322478
12,0.0121322904403011,1.0,0.5043473243713379,0.5927200369557475
13,0.008862588554620743,1.0,0.26306845992803574,0.6433262105174062
14,0.005967036200066407,1.0,0.2240244559943676,0.6433262105174062
15,0.006198474516471227,1.0,0.3281555771827698,0.6433262105174062
16,0.0047269840724766254,1.0,0.41956430673599243,0.6433262105174062
17,0.006154473560551803,1.0,0.32044966518878937,0.6433262105174062
18,0.005016531174381574,1.0,0.2930033355951309,0.6433262105174062
19,0.004546210325012605,1.0,0.32651735842227936,0.6433262105174062
20,0.007767754141241312,1.0,0.6567600145936012,0.6433262105174062
21,0.0037140399993707738,1.0,0.5450253933668137,0.6626527904618502
22,0.004406229437639316,1.0,0.2308715432882309,0.6626527904618502
23,0.003046060058598717,1.0,0.24483709782361984,0.6834861261734088
24,0.0038665300235152245,1.0,0.2260698899626732,0.6626527904618502
25,0.0022587147541344166,1.0,0.4141305983066559,0.6433262105174062
26,0.003078394802287221,1.0,0.2708072289824486,0.6626527904618502
27,0.0029726242646574974,1.0,0.18325290270149708,0.6433262105174062
28,0.003455833299085498,1.0,0.17315073497593403,0.6626527904618502
29,0.00263765174895525,1.0,0.17686326801776886,0.6626527904618502
30,0.0028742870781570673,1.0,0.18878641165792942,0.6626527904618502
31,0.0022954674592862525,1.0,0.170050292275846,0.6626527904618502
32,0.0019287776279573639,1.0,0.5278665274381638,0.6626527904618502
33,0.002516164599607388,1.0,0.39882632344961166,0.6626527904618502
