,train_loss,train_score,valid_loss,valid_score
1,0.6406757434209188,0.17705013195704258,0.6628162860870361,0.32394177193585
2,0.3813585340976715,0.6132670635441546,0.6750948131084442,0.4933139302473538
3,0.24683537582556406,0.8490722428282155,0.6756314337253571,0.4648082538023267
4,0.16796448826789856,0.9300366886693859,0.5506755411624908,0.4648082538023267
5,0.12175807605187099,0.9300366886693859,0.4453183561563492,0.4648082538023267
6,0.09351389606793721,0.959403223600247,0.709393709897995,0.48341044854730425
7,0.06158470859130224,0.9824033179248569,0.3662267029285431,0.5144957554275265
8,0.043764859437942505,0.9882348845970288,0.5579757392406464,0.5503495392790071
9,0.032563248028357826,0.9941002434954168,0.6690618395805359,0.5503495392790071
10,0.0257511834303538,0.9941002434954168,0.8781078308820724,0.5377877706628422
11,0.023405519624551136,1.0,0.6125253438949585,0.5636018619766345
12,0.020534775219857693,1.0,0.4513186663389206,0.577615534661554
13,0.01243680746604999,1.0,0.3772105351090431,0.5636018619766345
14,0.012131350114941597,1.0,0.4341247230768204,0.5636018619766345
15,0.009791290387511253,1.0,0.502367302775383,0.5636018619766345
16,0.0075170307730635,1.0,0.3508247956633568,0.5636018619766345
17,0.007566717608521382,1.0,0.40532641112804413,0.577615534661554
18,0.007415727556993564,1.0,0.2634427361190319,0.577615534661554
19,0.005570008264233668,1.0,0.23962537851184607,0.5636018619766345
20,0.004399118013679981,1.0,0.3069758787751198,0.5636018619766345
21,0.00556534241574506,1.0,0.5078529566526413,0.5636018619766345
22,0.003907499369233847,1.0,0.46538418531417847,0.5636018619766345
