,train_loss,train_score,valid_loss,valid_score
1,0.5576916933059692,0.38634556974669615,0.7903144359588623,0.23144807485748592
2,0.3245897789796193,0.7006490497453707,0.8070079982280731,0.3110342453731521
3,0.2480965554714203,0.8245665000957767,0.5641228258609772,0.34679966007684204
4,0.1590104103088379,0.9001808023903553,0.5626460909843445,0.4062004732300889
5,0.11490860829750697,0.9306246992794481,0.44890445470809937,0.4240240165734286
6,0.08625331769386928,0.9651054716602593,0.7868920713663101,0.47428918630884087
7,0.055514068653186165,0.9824033179248569,0.597898006439209,0.4564449834761722
8,0.038411284486452736,0.9824033179248569,0.6207604110240936,0.43991964688915264
9,0.04837540785471598,0.9824033179248569,0.985282301902771,0.36719337164057003
10,0.026030529911319416,0.9941002434954168,0.7850122153759003,0.3744474058638557
11,0.022915342822670937,0.9941002434954168,0.42079103738069534,0.3744474058638557
12,0.016826368868350983,1.0,0.7064471542835236,0.4062004732300889
13,0.014108745691676935,1.0,0.4068610146641731,0.4240240165734286
14,0.009236622136086226,1.0,0.5696569681167603,0.4335160454746275
15,0.00890590250492096,1.0,0.5218942612409592,0.4240240165734286
16,0.005825397403289874,1.0,0.6797868609428406,0.4335160454746275
