,train_loss,train_score,valid_loss,valid_score
1,0.603437602519989,0.27122540144832413,0.7759896516799927,0.31750746912015265
2,0.3262460033098857,0.7126259565786249,0.8000979125499725,0.21569863017316265
3,0.2136085480451584,0.8352558796330154,0.7582467794418335,0.21569863017316265
4,0.16358952224254608,0.8935536980488105,0.7232753336429596,0.2599159128871644
5,0.10621986289819081,0.9532636867319125,1.0478253066539764,0.3083762521764126
6,0.06824326515197754,0.9881656804733728,0.8352696597576141,0.3083762521764126
7,0.054650891572237015,0.9824033179248569,0.694976270198822,0.3224608291466229
8,0.029048306867480278,0.9941002434954168,0.5765601992607117,0.3715802678087691
9,0.027818728238344193,1.0,0.7397039532661438,0.3810323791814727
10,0.016354580720265705,1.0,0.839557409286499,0.36254007170247404
11,0.017443286255002022,1.0,1.0302661657333374,0.3298789308767264
12,0.010376186420520147,1.0,0.6209661066532135,0.3298789308767264
13,0.010712384556730589,1.0,0.7230583727359772,0.3298789308767264
14,0.009877011179924011,1.0,1.0065206289291382,0.353878218968862
15,0.011191736751546463,1.0,0.8333875834941864,0.3715802678087691
16,0.009369622295101484,1.0,0.4815014600753784,0.40132865562736186
17,0.005760891828685999,1.0,0.40612516924738884,0.4237968890675681
18,0.005620934224377076,1.0,0.4038641154766083,0.4237968890675681
19,0.004733298517142733,1.0,0.6034424602985382,0.4122643249643901
20,0.004174901793400447,1.0,0.5620350986719131,0.4237968890675681
21,0.006733112658063571,1.0,0.44006176479160786,0.3909342363010492
22,0.0032163039625932774,1.0,0.5606884658336639,0.3909342363010492
23,0.003180393483489752,1.0,0.5981149673461914,0.4122643249643901
24,0.003647908723602692,1.0,0.6601471602916718,0.3909342363010492
25,0.004044447559863329,1.0,0.4707980677485466,0.40132865562736186
26,0.00288201371828715,1.0,0.8727594912052155,0.40132865562736186
27,0.0038012495109190545,1.0,0.8196096420288086,0.3810323791814727
