,train_loss,train_score,valid_loss,valid_score
1,0.6690399944782257,0.055989251095585425,0.6476082056760788,0.0
2,0.5421741381287575,0.4555734516094202,0.5848587155342102,0.0
3,0.43952231854200363,0.7280713544892813,0.5067209899425507,0.48029351682830784
4,0.3490610048174858,0.8273427531991743,0.4641255885362625,0.6289312348319852
5,0.25901464372873306,0.9276125895432153,0.4445853680372238,0.5362630658899051
6,0.20169293880462646,0.9571664769885428,0.4523911848664284,0.5071720605264959
7,0.16612929478287697,0.9506686740748921,0.4143058508634567,0.5325216277702775
8,0.11478926241397858,0.9753048303966929,0.4349096715450287,0.49546288592681587
9,0.08716815151274204,0.9814225308444268,0.4274764209985733,0.4645484255868549
10,0.06152521539479494,0.9814225308444268,0.36055412143468857,0.5143898553985499
11,0.05319095030426979,0.9875771574795098,0.3441586270928383,0.5362630658899051
12,0.04021554393693805,0.9875771574795098,0.36202315241098404,0.5764620746930896
13,0.032535616774111986,0.9875771574795098,0.3730315491557121,0.5764620746930896
14,0.027242855867370963,0.9875771574795098,0.3861350268125534,0.5764620746930896
