,train_loss,train_score,valid_loss,valid_score
1,0.6614189147949219,0.10647942749999,0.7418048828840256,0.0
2,0.5684397459030152,0.5464603257736499,0.6921751201152802,0.151925333604641
3,0.5533042907714844,0.8200162370652094,0.6245802789926529,0.5241783994430029
4,0.4716647922992706,0.8840533850378602,0.4963914453983307,0.5477225575051662
5,0.40422122478485106,0.879106357807855,0.40511777251958847,0.5575924917330947
6,0.3416969358921051,0.9148097947734568,0.2983091361820698,0.6141296055506469
7,0.29643450677394867,0.927256186539082,0.37479493767023087,0.5575924917330947
8,0.24966367781162263,0.9455779434075351,0.32947494834661484,0.5575924917330947
9,0.20605197846889495,0.9694116958983826,0.29373594373464584,0.5575924917330947
10,0.21185685843229293,0.9752305287724129,0.28667132183909416,0.5678919051662098
11,0.2551781862974167,0.9815368735540919,0.26434364169836044,0.578654925565073
12,0.20073437243700026,0.9815368735540919,0.2666904143989086,0.6038318690963269
13,0.21012184843420983,0.9752305287724129,0.1963932067155838,0.6017285556144979
14,0.17854027152061464,0.975456381144309,0.18691035732626915,0.5899196114769775
15,0.14076227992773055,0.9815368735540919,0.20246273279190063,0.5899196114769775
16,0.19331721514463424,0.9815368735540919,0.21988721378147602,0.6038318690963269
