,train_loss,train_score,valid_loss,valid_score
1,0.5747559368610382,0.2708333333333333,0.6514257391293844,0.18649298426002434
2,0.35043807824452716,0.7124854449837156,0.6273792584737142,0.4502898311244038
3,0.229038933912913,0.8433445005002784,0.5448500514030457,0.5259229283002776
4,0.18086796005566916,0.8977036934213125,0.5015175938606262,0.5012432116470543
5,0.12102002898852031,0.9268119508060213,0.4080246488253276,0.5534931594531418
6,0.10414854437112808,0.9511897312113419,0.42467211683591205,0.5440298285169028
7,0.07238959024349849,0.9631774724179828,0.33605368932088214,0.5270924174778843
8,0.057290500650803246,0.9814225308444268,0.38270347317059833,0.5270924174778843
9,0.054357009629408516,0.9814225308444268,0.3440711299578349,0.5110554767815644
10,0.03020915761590004,0.9875771574795098,0.33681634068489075,0.5287431168515262
11,0.026476120576262474,1.0,0.3728361328442891,0.5143898553985499
12,0.01804063841700554,1.0,0.34276015559832257,0.47750577218910545
13,0.013341477140784264,1.0,0.32691189646720886,0.4932079441838111
14,0.011436757321159044,1.0,0.3290455142656962,0.48391896848960253
15,0.012164832403262457,1.0,0.35270347197850543,0.48391896848960253
