,train_loss,train_score,valid_loss,valid_score
1,0.6122858623663584,0.2588516353981612,0.7378578186035156,0.40872284975993384
2,0.3299255271752675,0.7620843834841933,0.7812077105045319,0.3779044929290259
3,0.23499789337317148,0.8481278065573064,0.7314216792583466,0.4320968005261913
4,0.14994807541370392,0.8920988776308871,0.5988209247589111,0.44343893131595946
5,0.125112717350324,0.9258200997725515,0.502108246088028,0.4651901645809404
6,0.08990489194790523,0.9537318909284785,0.6024903655052185,0.43991964688915264
7,0.05385294804970423,0.9766049484994053,0.6388922929763794,0.4062004732300889
8,0.04100331664085388,0.9824033179248569,0.45344461500644684,0.4335160454746275
9,0.026082901284098625,1.0,0.33129023760557175,0.44343893131595946
10,0.022765334074695904,1.0,0.4173753410577774,0.4335160454746275
11,0.018638804244498413,1.0,0.6818125247955322,0.47428918630884087
12,0.013335566346844038,1.0,0.3726065158843994,0.4936612566406058
13,0.012167867583533129,1.0,0.36287882551550865,0.4936612566406058
14,0.02228875644505024,1.0,0.35614489018917084,0.4882783461981246
15,0.011039183475077152,1.0,0.3339715227484703,0.4882783461981246
16,0.008504335458079973,1.0,0.3031325861811638,0.5145473852885938
17,0.010691876523196697,1.0,0.455027312040329,0.5010370871791437
18,0.009694188678016266,1.0,0.5191580653190613,0.4882783461981246
19,0.007502458834399779,1.0,0.9050074219703674,0.45383074708429655
20,0.007255339063704014,1.0,0.6977984607219696,0.4761985195794939
21,0.005795350375895699,1.0,0.3911963030695915,0.4761985195794939
22,0.006643488847961028,1.0,0.46627970039844513,0.4761985195794939
23,0.004320579503352444,1.0,0.8367654532194138,0.4882783461981246
24,0.00418381563698252,1.0,0.5880296975374222,0.5010370871791437
25,0.004687357073028882,1.0,0.5422980636358261,0.5010370871791437
26,0.003713976126164198,1.0,0.25461575854569674,0.5145473852885938
