,train_loss,train_score,valid_loss,valid_score
1,0.5434410174687704,0.3559974132352947,0.7816477417945862,0.5142311233787904
2,0.31292039155960083,0.7327624696590547,0.7063441872596741,0.4167891976696585
3,0.22430752714474997,0.8217780411620709,0.7780851423740387,0.42410405962884296
4,0.15798461437225342,0.8792096445652514,0.5172096490859985,0.4933139302473538
5,0.1207178384065628,0.936239789701455,0.3797692358493805,0.5377877706628422
6,0.07068954159816106,0.9537318909284785,0.5675221383571625,0.5636018619766345
7,0.052064125736554466,0.9824033179248569,0.338935524225235,0.5503495392790071
8,0.03371385112404823,0.9824033179248569,0.3014073669910431,0.5377877706628422
9,0.029126284644007683,0.9941002434954168,0.2882801182568073,0.5503495392790071
10,0.03610303563376268,0.982265716787138,0.2148567959666252,0.6833094209111142
11,0.012100658689936003,1.0,0.31727277487516403,0.6901288201988649
12,0.010988877154886723,1.0,0.1821993701159954,0.6901288201988649
13,0.009071223437786102,1.0,0.15603722911328077,0.6634616902626107
14,0.011604112262527147,1.0,0.38391442596912384,0.6392167586576692
15,0.005454506414632003,1.0,0.2580575793981552,0.6833094209111142
16,0.0062784189358353615,1.0,0.469324991106987,0.6624609340663695
17,0.00698929854358236,1.0,0.4877000153064728,0.6624609340663695
18,0.005263344074289004,1.0,0.21097421552985907,0.5966253736389256
19,0.0039039559196680784,1.0,0.38942109048366547,0.6170343137254902
20,0.004527740413323045,1.0,0.3650358021259308,0.6634616902626107
21,0.0035389058757573366,1.0,0.17781080165877938,0.6392167586576692
