,train_loss,train_score,valid_loss,valid_score
1,0.6810009002685546,0.09697622757528539,0.673299640417099,0.0
2,0.5766224026679992,0.4517539514526256,0.6546025276184082,0.40967324519935133
3,0.5130864083766937,0.7631829295470014,0.6262407004833221,0.5644143517679754
4,0.40445017218589785,0.8639541907600722,0.5987714529037476,0.5119662654015451
5,0.43209373354911806,0.8948415654446609,0.5599166825413704,0.4540034830713326
6,0.37605737447738646,0.9566878387805706,0.48272988945245743,0.460464493844069
7,0.3678963094949722,0.937888198757764,0.4697839617729187,0.42994599252156734
8,0.29602364301681516,0.9634021551641092,0.41981881856918335,0.5311325403737385
9,0.27227466702461245,0.9634021551641092,0.41725315898656845,0.47416217324557325
10,0.25400563031435014,0.9694116958983826,0.48413923382759094,0.37848905962255797
11,0.22038333266973495,0.9634021551641092,0.4465993046760559,0.435437406256083
12,0.1926880568265915,0.9694116958983826,0.45854494720697403,0.5825315001937224
13,0.18450900465250014,0.975456381144309,0.42779362201690674,0.4698428336470819
14,0.21630669459700586,0.975456381144309,0.4043687731027603,0.39555369430313186
15,0.18058746978640555,0.9815368735540919,0.44232912361621857,0.3976325253508425
16,0.18722540959715844,0.9876538476102781,0.5041610896587372,0.35002633399027344
17,0.16090904101729392,1.0,0.43477242439985275,0.4755842500042811
18,0.2052913412451744,0.9876538476102781,0.35850393772125244,0.4360877699910695
19,0.1603962652385235,0.9876538476102781,0.36496641486883163,0.38525706426470974
20,0.16371359080076217,0.9876538476102781,0.4070514589548111,0.4188743596433979
21,0.13581968396902083,0.9938079899999066,0.3873463124036789,0.3976325253508425
22,0.18709979318082332,0.9938079899999066,0.35464686900377274,0.39555369430313186
