,train_loss,train_score,valid_loss,valid_score
1,0.5819487969080607,0.3912303982179758,0.7326579391956329,0.4968539440865421
2,0.35170215368270874,0.6983562428302014,0.6756701171398163,0.4936612566406058
3,0.24259069561958313,0.8271904719714515,0.5665759742259979,0.5148193987604248
4,0.17984100182851157,0.8769841068089579,0.47287170588970184,0.5380870867205206
5,0.11156536887089412,0.959403223600247,0.6195165365934372,0.5380870867205206
6,0.08454771091540654,0.9537318909284785,0.5206396877765656,0.5261662155060294
7,0.060487800588210426,0.9766049484994053,0.48677100241184235,0.5380870867205206
8,0.03984891623258591,0.9766049484994053,0.47444944083690643,0.4761985195794939
9,0.029970773806174595,0.9882348845970288,0.27704244665801525,0.4882783461981246
10,0.022600648924708366,1.0,0.7225069105625153,0.5288932361229772
11,0.022334882368644077,1.0,0.32765451818704605,0.544172385853091
12,0.013579094472030798,1.0,0.27345532923936844,0.47767254784449387
13,0.014556663110852242,1.0,0.2572109904140234,0.47767254784449387
14,0.00877391453832388,1.0,0.3696035295724869,0.49336616332723926
15,0.007327989054222901,1.0,0.2229039343073964,0.49336616332723926
16,0.009963222313672304,1.0,0.5665981471538544,0.47767254784449387
17,0.008254420788337788,1.0,0.4276583045721054,0.5102413789141766
18,0.006989792765428622,1.0,0.5623497068881989,0.5102413789141766
19,0.004545158085723718,1.0,0.4784701019525528,0.49336616332723926
20,0.004888593684881926,1.0,0.3287198096513748,0.5284682767598574
21,0.00531926363085707,1.0,0.20290301367640495,0.5284682767598574
