,train_loss,train_score,valid_loss,valid_score
1,0.5956988135973612,0.24467726152216657,0.8070676624774933,0.34679966007684204
2,0.36316776275634766,0.6752661128648465,0.9269695281982422,0.2489735745755615
3,0.24352469543615976,0.8198035875000317,0.9093643426895142,0.2709140227101156
4,0.1944300631682078,0.8819038625843114,0.7975980341434479,0.30030942705661423
5,0.13395597785711288,0.9300366886693859,0.6668522655963898,0.36719337164057003
6,0.1078548530737559,0.9418842897989322,0.3270002752542496,0.44343893131595946
7,0.06525878235697746,0.9651054716602593,0.3503870517015457,0.4761985195794939
8,0.0474905992547671,0.9824033179248569,0.33945854008197784,0.46473441196683624
9,0.03903688366214434,1.0,0.4438503533601761,0.3978114304253677
10,0.02524098257223765,1.0,0.4465084373950958,0.38195598133963804
11,0.019253241829574108,1.0,0.33663157001137733,0.4062004732300889
12,0.019677895742158096,1.0,0.5947831571102142,0.4335160454746275
13,0.015433413907885551,1.0,0.3137676268815994,0.44343893131595946
14,0.011874642223119736,1.0,0.45867565274238586,0.4761985195794939
15,0.011167900636792183,1.0,0.6098644733428955,0.4882783461981246
16,0.00852972703675429,1.0,0.35721662640571594,0.4761985195794939
17,0.009922970086336136,1.0,0.38746175169944763,0.4761985195794939
18,0.007548548436413209,1.0,0.3051966428756714,0.4761985195794939
19,0.006498729654898246,1.0,0.3619692921638489,0.4882783461981246
20,0.0070556892702976865,1.0,0.30141177773475647,0.5010370871791437
21,0.006727626236776511,1.0,0.36145617067813873,0.544172385853091
22,0.007006571472932895,1.0,0.4539598524570465,0.5288932361229772
23,0.0048363544046878815,1.0,0.3346172422170639,0.544172385853091
24,0.007720056300361951,1.0,0.25607074052095413,0.544172385853091
25,0.005865545788158973,1.0,0.5074895322322845,0.5145473852885938
26,0.0041237780048201484,1.0,0.4617867171764374,0.4882783461981246
27,0.006122584609935681,1.0,0.4043019562959671,0.5010370871791437
28,0.005769768574585517,1.0,0.4541154205799103,0.5010370871791437
29,0.006385554326698184,1.0,0.31865718960762024,0.544172385853091
30,0.0034457344251374402,1.0,0.3988497257232666,0.5288932361229772
31,0.004310720444967349,1.0,0.2568099722266197,0.4761985195794939
