,train_loss,train_score,valid_loss,valid_score
1,0.6692855954170227,0.0,0.5763197094202042,0.0
2,0.5624649971723557,0.22941573387056174,0.5214352011680603,0.0
3,0.46068060398101807,0.5091120737552758,0.42858802527189255,0.2562474045320245
4,0.3647194504737854,0.7383940066194871,0.3392704650759697,0.4088996530008273
5,0.27295782044529915,0.8707707839849465,0.2959080785512924,0.5321460109913101
6,0.19892863184213638,0.932726771976175,0.2635347805917263,0.5481221566878905
7,0.14006903395056725,0.9511897312113419,0.2531551904976368,0.5727366410411474
8,0.1258513145148754,0.9334586382051248,0.36152731254696846,0.5287431168515262
9,0.07924025692045689,0.9511897312113419,0.38349638506770134,0.5143898553985499
10,0.07314184121787548,0.9571664769885428,0.2971951365470886,0.553418463712477
11,0.055410707369446754,0.9692233691951198,0.33813050389289856,0.47750577218910545
12,0.04436492780223489,0.9875771574795098,0.3170323893427849,0.528327804765375
13,0.036908958572894335,0.9875771574795098,0.2822601906955242,0.5830048040303858
14,0.0327172726392746,0.9875771574795098,0.29518088325858116,0.553418463712477
15,0.024868812412023544,0.9875771574795098,0.3929411880671978,0.48200130997028184
16,0.024225430563092232,0.9875771574795098,0.45523500442504883,0.4881063797123407
17,0.02325323224067688,0.9875771574795098,0.49177324771881104,0.47601949746444544
18,0.03368029976263642,0.975076180802554,0.327427264302969,0.5380155709429176
19,0.02019797172397375,0.9875771574795098,0.3164633475244045,0.5586808296732301
20,0.021744297817349434,0.9937694097483343,0.3291025795042515,0.5628841571514129
21,0.015585332410410047,0.9937694097483343,0.3997410833835602,0.5270924174778843
22,0.024119464796967804,0.9753048303966929,0.6244334056973457,0.4737000698838302
23,0.02965998067520559,0.9875,0.6905688866972923,0.44914988060496513
