,train_loss,train_score,valid_loss,valid_score
1,0.6049751738707224,0.2573638121607276,0.8698617219924927,0.29703473543339126
2,0.3345949053764343,0.7332965192650518,0.8218425114949545,0.3545917287778257
3,0.22005967299143472,0.8510644963469901,0.7415356834729513,0.39295262399668784
4,0.13886704792579016,0.9142874649843183,0.6296747525533041,0.44762444868307133
5,0.10863019526004791,0.932726771976175,0.5391413072745005,0.47391869606640696
6,0.06846573452154796,0.9692233691951198,0.4871694544951121,0.4933139302473538
7,0.05523424595594406,0.9814225308444268,0.5062105059623718,0.5144957554275265
8,0.030798257639010746,0.9875771574795098,0.3892688552538554,0.5503495392790071
9,0.027401722967624664,1.0,0.41845908761024475,0.5636018619766345
10,0.01978059858083725,1.0,0.44253886739412945,0.5636018619766345
11,0.013311006439228853,1.0,0.4552379051844279,0.5257674777235735
12,0.01904863988359769,1.0,0.41702933112780255,0.5391608732630575
13,0.009350098359088102,1.0,0.5292198459307352,0.507006542232159
14,0.009670471462110678,1.0,0.5448990960915884,0.5377877706628422
15,0.010104894017179808,1.0,0.4808850785096486,0.5439863956645851
16,0.006571879765639703,1.0,0.4843302071094513,0.5317461901087653
17,0.006156820959101121,1.0,0.41347969075043994,0.5377877706628422
18,0.01011655107140541,0.9937694097483343,0.38660379747549695,0.5636018619766345
19,0.005656183852503697,1.0,0.3190810928742091,0.5607731514183623
