,train_loss,train_score,valid_loss,valid_score
1,0.584127793709437,0.35602557189421996,0.6340793073177338,0.2505272279832519
2,0.3289543688297272,0.7257946509373269,0.551194965839386,0.4882783461981246
3,0.24434385200341543,0.8069954997672732,0.47153253853321075,0.46473441196683624
4,0.18582651019096375,0.8888352433874573,0.6224738210439682,0.5010370871791437
5,0.12656858066717783,0.9243886531229556,0.44472870230674744,0.44343893131595946
6,0.08877951403458913,0.9651054716602593,0.3792267441749573,0.4240240165734286
7,0.04880201816558838,0.9941002434954168,0.4107259288430214,0.41492893278912213
8,0.05291600897908211,0.9882348845970288,0.4509074091911316,0.4240240165734286
9,0.02324518747627735,1.0,0.5086633414030075,0.45383074708429655
10,0.019372778323789436,1.0,0.32339429669082165,0.45383074708429655
11,0.023178530856966972,1.0,0.5810101628303528,0.45383074708429655
12,0.010994616895914078,1.0,0.31378402188420296,0.4761985195794939
13,0.014579299526909987,1.0,0.2596601862460375,0.4882783461981246
14,0.010646088359256586,1.0,0.4885387718677521,0.5010370871791437
