,train_loss,train_score,valid_loss,valid_score
1,0.6019936402638754,0.28771766882421795,0.777205765247345,0.3810323791814727
2,0.36935490369796753,0.6998627038997312,0.7076241075992584,0.3216992036554248
3,0.24617562194665274,0.79358044421255,0.6408669054508209,0.3596437989934318
4,0.188887690504392,0.8761231727612123,0.4596962630748749,0.3739401181083479
5,0.1190601314107577,0.9357142551162902,0.3018604554235935,0.4144876215666168
6,0.09174550324678421,0.959403223600247,0.3195859119296074,0.4430380116181478
7,0.05602845549583435,0.9766049484994053,0.2882222421467304,0.3810323791814727
8,0.04219281921784083,0.9941002434954168,0.4447414427995682,0.3909342363010492
9,0.0347535473604997,0.9882348845970288,0.5310078561306,0.4237968890675681
10,0.02704981155693531,1.0,0.3676779568195343,0.4122643249643901
11,0.017995399112502735,1.0,0.6485445201396942,0.4122643249643901
12,0.016121261442701023,1.0,0.37316664308309555,0.40132865562736186
13,0.01192293098817269,1.0,0.40136540681123734,0.3810323791814727
14,0.013757948453227678,1.0,0.43402549624443054,0.4122643249643901
15,0.008857811645915111,1.0,0.5553569495677948,0.4359902913851654
16,0.008744041590640942,1.0,0.40934644639492035,0.3692450381228434
