,train_loss,train_score,valid_loss,valid_score
1,0.6677946746349335,0.0,0.5554908215999603,0.0
2,0.5691348612308502,0.2057796804180728,0.5359003245830536,0.0
3,0.4495959058403969,0.6062354060275328,0.4777045398950577,0.2953766544881277
4,0.36098092049360275,0.7565094411533276,0.40004652738571167,0.3009852227799678
5,0.2730380967259407,0.8526051273426606,0.32529256492853165,0.5079109252354275
6,0.2073887623846531,0.9045340337332909,0.2883859723806381,0.528327804765375
7,0.14967982843518257,0.9276125895432153,0.27477195113897324,0.5100919173201363
8,0.10631116293370724,0.9631774724179828,0.26372644677758217,0.528327804765375
9,0.08260575495660305,0.9814225308444268,0.2512509189546108,0.4930263378554495
10,0.061064666137099266,0.9875771574795098,0.2397218868136406,0.545088413499075
11,0.04831824544817209,0.9875771574795098,0.24526748061180115,0.545088413499075
12,0.038810224272310734,0.9875771574795098,0.306790042668581,0.5380155709429176
13,0.030763220973312855,0.9875771574795098,0.332096591591835,0.47750577218910545
14,0.024209189927205443,0.9875771574795098,0.39872683584690094,0.5008722801238833
15,0.02337883273139596,0.9875771574795098,0.41576626896858215,0.4944001533099698
16,0.022646281868219376,0.9875771574795098,0.38383835554122925,0.5075321491867127
17,0.021371828159317374,0.9875771574795098,0.3511885106563568,0.5034368336198725
18,0.01911330339498818,0.9875771574795098,0.3119363784790039,0.5014923236771917
19,0.01521956454962492,0.9875771574795098,0.2896251678466797,0.528327804765375
20,0.019844169728457928,0.9875771574795098,0.3119911849498749,0.5014923236771917
