,train_loss,train_score,valid_loss,valid_score
1,0.6624044179916382,0.11215443081840884,0.634435772895813,0.0
2,0.5757749676704407,0.507095780392685,0.6113885790109634,0.26458063752458105
3,0.484588497877121,0.7122357696998804,0.5395750254392624,0.6657820083607146
4,0.4470517814159393,0.8262558989310511,0.5127483680844307,0.5644143517679754
5,0.38199849128723146,0.8770580193070292,0.49809805303812027,0.5119662654015451
6,0.33307177722454073,0.916515138991168,0.43595273047685623,0.5228131351835151
7,0.2912581622600555,0.9331361283626991,0.40883488953113556,0.5291512996637923
8,0.27074821591377257,0.9574271077563381,0.40383125841617584,0.4884144070010306
9,0.2397756114602089,0.922266074754828,0.3749076575040817,0.5119662654015451
10,0.24033206105232238,0.9574271077563381,0.42330459505319595,0.48115080213831113
11,0.20097292512655257,0.9574271077563381,0.31113380938768387,0.5385782357877609
12,0.23653912395238877,0.9514859136040755,0.2974313162267208,0.5468792582251799
13,0.18568242639303206,0.9634021551641092,0.3291536569595337,0.5153165472634581
