,train_loss,train_score,valid_loss,valid_score
1,0.5895585119724274,0.34259064465292866,0.8268704116344452,0.36007202160720253
2,0.33867905537287396,0.7398424647244785,0.782073587179184,0.4097099789582415
3,0.25461913148562115,0.7633123893259137,0.5771643817424774,0.4395039840402831
4,0.17148380974928537,0.8950594241477494,0.45411017537117004,0.4933139302473538
5,0.11279457310835521,0.9418842897989322,0.4995712339878082,0.4648082538023267
6,0.07550334433714549,0.9766049484994053,0.5068492144346237,0.4097099789582415
7,0.05014211684465408,0.9941002434954168,0.6921051144599915,0.3962029078465307
8,0.04218948259949684,0.9941002434954168,0.8056585788726807,0.42410405962884296
9,0.022540508459011715,1.0,0.43925559520721436,0.47391869606640696
10,0.024025691052277882,0.9941002434954168,0.749550849199295,0.4648082538023267
11,0.014145316866536936,1.0,0.8612979054450989,0.431670023615175
12,0.012828766368329525,1.0,0.5487885773181915,0.44762444868307133
13,0.010002036578953266,1.0,0.7520517408847809,0.4648082538023267
14,0.008907529215017954,1.0,0.3542701117694378,0.47391869606640696
