,train_loss,train_score,valid_loss,valid_score
1,0.291426534679803,0.35738103602851723,0.15270236879587173,0.21479896651739627
2,0.10277172736823559,0.6696039317523672,0.2715260162949562,0.4598040377013014
3,0.062052232467315414,0.7903234711171176,0.17700081318616867,0.6069760478911923
4,0.030581144700673493,0.9386481698258199,0.1430368274450302,0.36436419163815403
5,0.020392126954075964,0.9518498633594963,0.10679657431319356,0.3059033683942098
6,0.015274021435867657,0.9649683603372625,0.11369087488856167,0.40794809407948096
7,0.012351735770194367,0.9777535734070026,0.12039399007335305,0.4215183189656002
8,0.013957633848556063,0.9745835260592586,0.19106867909431458,0.5639749554641788
9,0.012541214702650905,0.9747863628779931,0.13083421532064676,0.4215183189656002
10,0.007161383718167516,0.9905108071072594,0.22322503477334976,0.3773201887684738
11,0.008562286490235816,0.9873429004802634,0.12758036970626563,0.4215183189656002
12,0.007984388302164998,0.9810043063774839,0.12137497565709054,0.4215183189656002
13,0.004272474304095588,1.0,0.15020316652953625,0.4803638831815326
