,train_loss,train_score,valid_loss,valid_score
1,0.5728683670361837,0.3420376898833451,0.6924293637275696,0.5936033580644793
2,0.3069220185279846,0.7641868178404587,0.6849961280822754,0.4648082538023267
3,0.22419134279092154,0.8524007579586302,0.4770086507002513,0.48964907966898297
4,0.15802637736002603,0.8951673046482754,0.39742735028266907,0.5438861892730144
5,0.12017831703027089,0.932726771976175,0.36348070700963336,0.5441740081192443
6,0.10564106454451878,0.9511897312113419,0.32596535980701447,0.5532833500028314
7,0.06158117577433586,0.9571664769885428,0.33621568481127423,0.5726102941176471
8,0.04729810357093811,0.9753048303966929,0.32222165664037067,0.5966253736389256
9,0.034845031797885895,0.9875771574795098,0.3398018976052602,0.6278872181662262
10,0.02646668069064617,0.9875771574795098,0.30434327324231464,0.5966253736389256
11,0.021969844897588093,0.9937694097483343,0.401214341322581,0.5777547299749907
12,0.0203293872376283,1.0,0.33070134619871777,0.5602287114655289
13,0.014141929025451342,0.9937694097483343,0.3563626706600189,0.5777547299749907
14,0.01185580218831698,1.0,0.3490558962027232,0.5936033580644793
15,0.010452086726824442,1.0,0.30964767932891846,0.6048071199309467
16,0.00786835684751471,1.0,0.4478459556897481,0.6048071199309467
17,0.010555888526141644,1.0,0.3423096040884654,0.6392167586576692
18,0.0065268838467697305,1.0,0.3629983365535736,0.6392167586576692
19,0.00808252627030015,1.0,0.3258226563533147,0.6392167586576692
20,0.008509010386963686,1.0,0.33129069209098816,0.6392167586576692
21,0.00515744819616278,1.0,0.2848298375805219,0.6278872181662262
22,0.004283402270327012,1.0,0.2644539624452591,0.6278872181662262
23,0.004661638910571734,1.0,0.3002612342437108,0.6278872181662262
24,0.003848396552105745,1.0,0.2840052197376887,0.6278872181662262
25,0.005789578737070163,1.0,0.24276458472013474,0.6392167586576692
26,0.004649087243402998,1.0,0.28319785992304486,0.6278872181662262
27,0.003810505149886012,1.0,0.3508477012316386,0.6392167586576692
