,train_loss,train_score,valid_loss,valid_score
1,0.6755131959915162,0.07535405389549925,0.664290577173233,0.0
2,0.6199813604354858,0.4462258226859698,0.6635780781507492,0.4631510861170775
3,0.5409246444702148,0.6986523926231927,0.6142966896295547,0.6031483057987304
4,0.45909608006477354,0.8070204776101108,0.5670978277921677,0.5119662654015451
5,0.39156930446624755,0.886945831978436,0.5469613373279572,0.4477305864441581
6,0.3772138774394989,0.9155902282752921,0.537510834634304,0.4629100498862757
7,0.27735601365566254,0.9574271077563381,0.46901658922433853,0.5153165472634581
8,0.33002559542655946,0.9569833408227624,0.47308795899152756,0.44607229958147
9,0.2598623752593994,0.9694116958983826,0.48295047879219055,0.42548695354143967
10,0.28577773123979566,0.9509711596136046,0.4511164724826813,0.43553304444319946
11,0.24202167242765427,0.975456381144309,0.3765621855854988,0.508057753499086
12,0.2075426161289215,0.9694116958983826,0.3820188418030739,0.5311325403737385
13,0.21547589004039763,0.9815368735540919,0.38635463267564774,0.4934904442163177
