,train_loss,train_score,valid_loss,valid_score
1,0.6632184684276581,0.055989251095585425,0.5684671998023987,0.0
2,0.5394953116774559,0.3833450208596965,0.509025476872921,0.0
3,0.4293246939778328,0.674199862463242,0.44564273208379745,0.21464955649580056
4,0.32987943291664124,0.827170191868511,0.3936895355582237,0.5569583092414332
5,0.25731565430760384,0.8988379189374323,0.35058046132326126,0.5726102941176471
6,0.20025387406349182,0.9217976907429088,0.320029653608799,0.606623954262734
7,0.1371572632342577,0.9452465944188083,0.29108376801013947,0.6278872181662262
8,0.1099062878638506,0.9571664769885428,0.26994775235652924,0.6170343137254902
9,0.07467783149331808,0.9753048303966929,0.3004150241613388,0.6298474404507214
10,0.0535285621881485,0.9814225308444268,0.2520355358719826,0.6170343137254902
11,0.04382840357720852,0.9875771574795098,0.2502453029155731,0.6278872181662262
12,0.031837593764066696,0.9875771574795098,0.2729940824210644,0.5966253736389256
13,0.029249861370772123,0.9875771574795098,0.27064355090260506,0.606623954262734
14,0.024857805110514164,0.9875771574795098,0.31499721854925156,0.6107241726050883
15,0.023874382954090834,0.9937694097483343,0.27984659001231194,0.6201078320206801
16,0.018919717287644744,0.9937694097483343,0.2983182966709137,0.6298474404507214
17,0.013860312523320317,0.9937694097483343,0.33039457723498344,0.6016742028749685
18,0.015292513417080045,0.9937694097483343,0.35714445263147354,0.6016742028749685
19,0.0175750229973346,0.9937694097483343,0.3062349334359169,0.5966253736389256
