,train_loss,train_score,valid_loss,valid_score
1,0.5636274417241415,0.3838134003133485,0.6525077025095621,0.342238701167079
2,0.3175719479719798,0.736363238372587,0.6227647066116333,0.31913840944727356
3,0.22407768170038858,0.8658208389052923,0.5473110179106394,0.3855607029751095
4,0.14947026471296945,0.9017629791626153,0.44588638345400494,0.4562786788496621
5,0.11372726162274678,0.9442111532158908,0.5093043943246206,0.38126472854846366
6,0.06936544676621755,0.9814225308444268,0.46014126141866046,0.3694165442420786
7,0.047795272121826805,0.9875771574795098,0.4711553653081258,0.39115885346645596
8,0.028873220706979435,1.0,0.707609087228775,0.38126472854846366
9,0.023181133593122166,1.0,0.5633115371068319,0.3962877107043995
10,0.022152038911978405,1.0,0.45650872588157654,0.4124732825364668
11,0.015955890839298565,1.0,0.48324912786483765,0.4015454793127499
12,0.015493747467796007,1.0,0.45504334072271985,0.40693843407609076
13,0.008896943181753159,1.0,0.5640424489974976,0.4124732825364668
14,0.009653644636273384,1.0,0.5844148993492126,0.4124732825364668
