,train_loss,train_score,valid_loss,valid_score
1,0.5719792544841766,0.3766588923446067,0.7801560759544373,0.7304435598440492
2,0.33459041515986127,0.6774083408748385,0.7728691697120667,0.3834824944236852
3,0.22040180365244547,0.8490722428282155,0.6979837715625763,0.3714632972805431
4,0.18258943657080332,0.8879626750958233,0.5855878293514252,0.4097099789582415
5,0.13327042758464813,0.9300366886693859,0.6983454525470734,0.42410405962884296
6,0.09457824875911076,0.959403223600247,0.8681215047836304,0.4167891976696585
7,0.06151879330476125,0.9766049484994053,0.6928261518478394,0.42410405962884296
8,0.03498195794721445,0.9882348845970288,0.7478633224964142,0.4395039840402831
9,0.024099343145887058,1.0,0.6398094594478607,0.4395039840402831
10,0.021481162557999294,1.0,0.9516010284423828,0.45605174407879523
11,0.014695944574971994,1.0,0.722600668668747,0.45605174407879523
