,train_loss,train_score,valid_loss,valid_score
1,0.6473037749528885,0.1886761921960959,0.6700035929679871,0.0
2,0.5252798944711685,0.6026717232523572,0.6204056739807129,0.21464955649580056
3,0.4314635992050171,0.7944077330633319,0.5674049407243729,0.5206947230886889
4,0.3573952689766884,0.8909170951054457,0.5066130384802818,0.6417397104653856
5,0.27506087720394135,0.9196305367144824,0.4467310234904289,0.6288281455225324
6,0.2472296766936779,0.9252891980686574,0.36439263075590134,0.6288281455225324
7,0.17163901031017303,0.9753048303966929,0.326623797416687,0.6048071199309467
8,0.13438807241618633,0.9814225308444268,0.2950983867049217,0.6170343137254902
9,0.10570208914577961,0.9814225308444268,0.2832757532596588,0.6170343137254902
10,0.07544596865773201,0.9875771574795098,0.26029402762651443,0.6170343137254902
11,0.06913111358880997,0.9875771574795098,0.24030448123812675,0.6392167586576692
12,0.04821256222203374,0.9875771574795098,0.23203592747449875,0.6510608289973957
13,0.03911722917109728,0.9875771574795098,0.22270647808909416,0.6510608289973957
14,0.0320390616543591,0.9875771574795098,0.2503984346985817,0.6278872181662262
15,0.02786891208961606,1.0,0.2918606325984001,0.6201078320206801
16,0.023560861591249704,1.0,0.3142901510000229,0.5929375676834228
17,0.02140139159746468,1.0,0.2865712642669678,0.5929375676834228
18,0.018500303849577904,1.0,0.2820628844201565,0.5929375676834228
19,0.018202138599008322,1.0,0.2586243636906147,0.606623954262734
20,0.016430719988420606,1.0,0.23971959203481674,0.6278872181662262
21,0.015022790292277932,1.0,0.26600753143429756,0.6170343137254902
22,0.012919640634208918,1.0,0.29827744979411364,0.6107241726050883
