,train_loss,train_score,valid_loss,valid_score
1,0.6266769965489706,0.23679004669221954,0.9448332190513611,0.26627685093627235
2,0.33273568749427795,0.7343537038231921,0.8296565413475037,0.34924535550111524
3,0.23758757611115774,0.8152884507920062,0.5775519758462906,0.34623995016663356
4,0.15962573885917664,0.9094102633174024,0.5954302549362183,0.4430380116181478
5,0.11730094750722249,0.9480909262799544,0.5377123653888702,0.4643610034819457
6,0.08642793943484624,0.9766049484994053,0.31316835433244705,0.5142311233787904
7,0.05839203670620918,0.9824033179248569,0.332087017595768,0.4758390974531845
8,0.048641360054413475,0.9766049484994053,0.4442467987537384,0.4430380116181478
9,0.035919000705083214,0.9882348845970288,0.5847078263759613,0.4643610034819457
10,0.027065100148320198,0.9882348845970288,0.3763849288225174,0.4758390974531845
11,0.01695072992394368,1.0,0.45239436626434326,0.5007062118645611
12,0.015215910660723845,1.0,0.37502291798591614,0.5285918551699038
13,0.01294112391769886,1.0,0.41917839646339417,0.5142311233787904
14,0.011232294763127962,1.0,0.4414105862379074,0.5142311233787904
15,0.009433833882212639,1.0,0.31292209029197693,0.5142311233787904
16,0.006729364239921172,1.0,0.29502396285533905,0.5285918551699038
17,0.008103789451221624,1.0,0.21257717162370682,0.5438861892730144
18,0.0066578928381204605,1.0,0.2910904064774513,0.5777547299749907
19,0.007280570998166998,1.0,0.2097543478012085,0.5602287114655289
20,0.00942555566628774,1.0,0.3182467967271805,0.5602287114655289
21,0.005912668847789367,1.0,0.32591554522514343,0.46266734535479903
22,0.006250267848372459,1.0,0.3813059478998184,0.4359902913851654
23,0.0044052220570544405,1.0,0.1989647252485156,0.48793309347051234
24,0.004523768865813811,1.0,0.23128782957792282,0.5007062118645611
25,0.004782694935177763,1.0,0.24718669801950455,0.5602287114655289
26,0.0043931829277426004,1.0,0.15028596157208085,0.5602287114655289
27,0.004497285777082046,1.0,0.38484688103199005,0.49304852588361187
28,0.004424569274609287,1.0,0.4205850511789322,0.5479899574712892
