,train_loss,train_score,valid_loss,valid_score
1,0.6785096526145935,0.12009611535381536,0.7138030529022217,0.0
2,0.5761826485395432,0.5097475058154177,0.6876662820577621,0.3239747380756531
3,0.4644310250878334,0.7462028278336501,0.5814471542835236,0.5659482654278798
4,0.34895507991313934,0.8470839101854909,0.46406522393226624,0.6490245337351653
5,0.26765936240553856,0.8862667592320136,0.39138561487197876,0.5443134111742758
6,0.20490429550409317,0.9160133513055991,0.4256587475538254,0.4944001533099698
7,0.14093814603984356,0.9571664769885428,0.40009771287441254,0.4944001533099698
8,0.11527419090270996,0.9502970142326752,0.3434716835618019,0.553418463712477
9,0.07642609905451536,0.9571664769885428,0.3061876781284809,0.5628841571514129
10,0.06087171379476786,0.9753048303966929,0.38112878054380417,0.5110554767815644
11,0.04274686612188816,0.9753048303966929,0.431164275854826,0.4944001533099698
12,0.03716084687039256,0.9753048303966929,0.4218728840351105,0.4624350877409587
13,0.03171802731230855,0.9814225308444268,0.4506012797355652,0.4624350877409587
14,0.03086361289024353,0.9875771574795098,0.472030907869339,0.4624350877409587
