,train_loss,train_score,valid_loss,valid_score
1,0.4339588907631961,0.2929582678060021,0.18058883398771286,0.4802226442686963
2,0.14369997856291858,0.5607507226057862,0.1032913587987423,0.0
3,0.08749332770027897,0.7318823810852785,0.08732589706778526,0.4597218847784075
4,0.0653794143687595,0.8019389498162003,0.1050124280154705,0.6088057104059632
5,0.04024654008786787,0.905204790354218,0.17858776450157166,0.5637897751785399
6,0.020767922216857023,0.9680924910140172,0.07369511388242245,0.734630886692453
7,0.013496584004976532,0.996844608052066,0.06660229107365012,0.664123405083946
8,0.01044105719351633,0.9873326888219456,0.06570598226971924,0.664123405083946
9,0.007750993488695134,1.0,0.18704647943377495,0.734630886692453
10,0.007225174774331125,1.0,0.1261659413576126,0.664123405083946
11,0.00924559870988808,0.9905238361417523,0.19800971448421478,0.734630886692453
12,0.0074783453971824865,1.0,0.11896077543497086,0.5261437908496732
13,0.006046509116210721,0.9905110284248133,0.18736252188682556,0.5637897751785399
14,0.004476183697327294,1.0,0.3642794191837311,0.6547396453187238
15,0.003779237910004502,1.0,0.09699281601933762,0.6088057104059632
16,0.0038501315337436445,0.996844608052066,0.175412617623806,0.6088057104059632
