,train_loss,train_score,valid_loss,valid_score
1,0.6360601484775543,0.34073143323507094,0.8100238740444183,0.43310156216805623
2,0.3565588593482971,0.7591735442255089,0.7460249364376068,0.42410405962884296
3,0.24933986365795135,0.7925517051394271,0.5738789737224579,0.4395039840402831
4,0.18654938538869223,0.8832043324371832,0.6941777765750885,0.45605174407879523
5,0.13317889968554178,0.936239789701455,0.5548531264066696,0.45605174407879523
6,0.09507336467504501,0.9647673127600186,0.5877921283245087,0.45605174407879523
7,0.06324805567661922,0.9766049484994053,0.584749847650528,0.45605174407879523
8,0.03801546742518743,0.9882348845970288,0.7140571475028992,0.48341044854730425
9,0.029655036826928455,0.9882348845970288,0.8634396195411682,0.5144957554275265
10,0.022884922722975414,0.9941002434954168,0.4432874470949173,0.525854646498153
11,0.01687344443053007,1.0,0.9204822480678558,0.5636018619766345
12,0.012149636633694172,1.0,0.553096279501915,0.5142311233787904
13,0.01330446545034647,1.0,0.5645798891782761,0.5142311233787904
14,0.009927723867197832,1.0,0.3831922709941864,0.5924719553724154
15,0.009270413468281427,1.0,0.2956249751150608,0.608265263693434
16,0.00632469713067015,1.0,0.30549872666597366,0.6251050331912297
17,0.0069717420265078545,1.0,0.28479133546352386,0.5602287114655289
18,0.006076035089790821,1.0,0.21155342366546392,0.5777547299749907
19,0.004750054795295,1.0,0.28594207018613815,0.5777547299749907
20,0.006352784112095833,1.0,0.3718702048063278,0.5777547299749907
21,0.005118669165919225,1.0,0.29272574186325073,0.6170343137254902
22,0.006077977130189538,1.0,0.22468961030244827,0.6170343137254902
23,0.005602180724963546,1.0,0.17211545538157225,0.6170343137254902
24,0.004087929148226976,1.0,0.19599371030926704,0.6170343137254902
25,0.004395362144956986,1.0,0.3659224361181259,0.6170343137254902
26,0.003049477313955625,1.0,0.523177444934845,0.6170343137254902
