,train_loss,train_score,valid_loss,valid_score
1,0.6276442607243856,0.32823685175628037,1.1002867817878723,0.12760480823976342
2,0.3221134841442108,0.7343537038231921,0.9738124907016754,0.28218504708131503
3,0.23239369690418243,0.8152047480596408,0.6581552922725677,0.43991964688915264
4,0.15606515109539032,0.9139506113139291,0.5195168554782867,0.4651901645809404
5,0.12643213321765265,0.9250384870542661,0.55768121778965,0.48376941482004465
6,0.09468495597441991,0.9368979548370131,0.26174725219607353,0.5039986096609256
7,0.05496010432640711,0.9766049484994053,0.3021416887640953,0.5506364037964169
8,0.04623816659053167,0.9824033179248569,0.2628443166613579,0.6433262105174062
9,0.03306576423346996,0.9941002434954168,0.3126499131321907,0.6394207872485165
10,0.023326325540741284,0.9941002434954168,0.25067437440156937,0.6636475659325125
11,0.022517120155195396,1.0,0.22302210330963135,0.6636475659325125
12,0.012160124257206917,1.0,0.23178517073392868,0.6902957463175692
13,0.011047033282617727,1.0,0.185439832508564,0.6902957463175692
14,0.011125264999767145,1.0,0.14047791808843613,0.7198196218645297
15,0.012475022425254187,1.0,0.09451661538332701,0.7198196218645297
16,0.007803227131565412,1.0,0.17020562291145325,0.5742172747580728
17,0.007055406458675861,1.0,0.15875377506017685,0.6821139570163466
18,0.008412994754811129,1.0,0.27045705169439316,0.6821139570163466
19,0.005009126849472523,1.0,0.23302335292100906,0.7198196218645297
20,0.005104806274175644,1.0,0.09283574391156435,0.7198196218645297
21,0.0074719709033767385,1.0,0.09396076900884509,0.7198196218645297
22,0.0038181437800327935,1.0,0.097855718806386,0.7198196218645297
23,0.005703019754340251,1.0,0.12233959510922432,0.7198196218645297
24,0.003534662382056316,1.0,0.0945260226726532,0.7198196218645297
