,train_loss,train_score,valid_loss,valid_score
1,0.5959911048412323,0.26855305688363895,0.5792381167411804,0.0
2,0.3388316035270691,0.7226468947547301,0.5029498636722565,0.42361900528456065
3,0.24120973547299704,0.8471034807625617,0.5738528072834015,0.4761985195794939
4,0.1747461756070455,0.894493885280747,0.38010869920253754,0.45383074708429655
5,0.13089539110660553,0.9181890875398396,0.3627474009990692,0.45383074708429655
6,0.08516405522823334,0.9587309488182338,0.2791220471262932,0.5145473852885938
7,0.061655898888905845,0.9824033179248569,0.3595673441886902,0.544172385853091
8,0.04529311756292979,0.9882348845970288,0.34778928756713867,0.46473441196683624
9,0.03661916280786196,0.9941002434954168,0.40766194462776184,0.45383074708429655
10,0.023722734302282333,0.9941002434954168,0.4268321394920349,0.46473441196683624
11,0.022518031919995945,0.9941002434954168,0.4678165167570114,0.45383074708429655
12,0.016573331008354824,1.0,0.5432958006858826,0.45383074708429655
13,0.01379489836593469,1.0,0.5133939981460571,0.44343893131595946
14,0.01106171744565169,1.0,0.773544579744339,0.45383074708429655
15,0.013598586432635784,1.0,0.6739464700222015,0.45383074708429655
16,0.006628729247798522,1.0,0.5906204879283905,0.45383074708429655
17,0.006651371251791716,1.0,0.641307920217514,0.46473441196683624
