,train_loss,train_score,valid_loss,valid_score
1,0.6645287871360779,0.055989251095585425,0.6722584068775177,0.0
2,0.5698775053024292,0.3275155507547072,0.5693674087524414,0.0
3,0.4503728672862053,0.5482930791331408,0.4339437708258629,0.09220523833098405
4,0.34046465158462524,0.7287664087133129,0.3244728073477745,0.42142570469148355
5,0.26938285678625107,0.805906034276003,0.26388031989336014,0.4518395079055139
6,0.19647712633013725,0.8652363144144037,0.2620564438402653,0.5570799469398551
7,0.12920589372515678,0.9276125895432153,0.24785194545984268,0.5697286875911557
8,0.11874265223741531,0.9256510773887108,0.23525689542293549,0.4860592681371314
9,0.06442266702651978,0.9631774724179828,0.27256398648023605,0.5481221566878905
10,0.05486667528748512,0.9631774724179828,0.29855285957455635,0.5778825823888194
11,0.04706738516688347,0.9631774724179828,0.3542771451175213,0.5689662622734246
12,0.032737839967012405,0.9875771574795098,0.3361404947936535,0.5270924174778843
13,0.027864497154951096,0.9875771574795098,0.3403317742049694,0.5100919173201363
14,0.025778545765206218,0.9875771574795098,0.31636015325784683,0.4113266613223878
15,0.015093833673745394,0.9937694097483343,0.32278624922037125,0.4199640025103376
16,0.0192476746160537,0.9937694097483343,0.3944924920797348,0.41585014868302334
17,0.016084021190181375,0.9937694097483343,0.36738674342632294,0.45087062508130693
18,0.012311494210734963,0.9937694097483343,0.33051807433366776,0.4480371047679814
19,0.009634420974180102,0.9937694097483343,0.34336888045072556,0.4480371047679814
20,0.013858213205821812,0.9937694097483343,0.3496837094426155,0.4113266613223878
