,train_loss,train_score,valid_loss,valid_score
1,0.6231841643651327,0.2527950265408459,0.6967678070068359,0.13067522679195281
2,0.3298398454984029,0.7125541331564312,0.7602581679821014,0.3630334812883295
3,0.21800778806209564,0.8575075212125957,0.644422858953476,0.4651901645809404
4,0.15609400471051535,0.9300366886693859,0.6472812294960022,0.4240240165734286
5,0.10367899884780248,0.9537318909284785,0.5957772135734558,0.3720584638714941
6,0.06847117096185684,0.9708391914381,0.6146601438522339,0.4936612566406058
7,0.045927515253424644,0.9766049484994053,0.5928532481193542,0.5039986096609256
8,0.030265530571341515,0.9941002434954168,0.5837468355894089,0.44343893131595946
9,0.027234797676404316,0.9941002434954168,0.7515802085399628,0.4240240165734286
10,0.021258180029690266,0.9941002434954168,0.6998829543590546,0.4240240165734286
11,0.01727008819580078,1.0,0.9481712877750397,0.4936612566406058
12,0.01046930563946565,1.0,0.5921398550271988,0.5039986096609256
13,0.009701358154416084,1.0,0.7823080718517303,0.5261662155060294
14,0.009759117538730303,1.0,0.6516453325748444,0.5261662155060294
15,0.008382268870870272,1.0,0.7193106710910797,0.5261662155060294
16,0.007051510581125815,1.0,0.5752871483564377,0.5148193987604248
17,0.008675744757056236,1.0,0.7639854550361633,0.5148193987604248
18,0.004972076664368312,1.0,0.5313182920217514,0.45383074708429655
19,0.006204497690002124,1.0,0.8823426365852356,0.40176063536257084
20,0.005042228692521651,1.0,0.9448515772819519,0.40176063536257084
21,0.005087967341144879,1.0,0.7785132527351379,0.40176063536257084
22,0.004038040681431691,1.0,0.9404687583446503,0.40176063536257084
23,0.004186105060701569,1.0,0.7556952238082886,0.40176063536257084
