,train_loss,train_score,valid_loss,valid_score
1,0.605055183172226,0.2992765032301801,0.9406508207321167,0.25902816108541965
2,0.32695114612579346,0.7317709684295625,0.9007770419120789,0.32430436217807973
3,0.23528350392977396,0.799682703426537,0.7736552655696869,0.3545917287778257
4,0.1653038114309311,0.8957520972263474,0.7394141256809235,0.47391869606640696
5,0.10529669622580211,0.913179019271519,0.4132128208875656,0.525854646498153
6,0.07554617524147034,0.9537318909284785,0.33528314530849457,0.5377877706628422
7,0.04697764044006666,0.9882348845970288,0.3530409336090088,0.5503495392790071
8,0.031731229896346726,0.9941002434954168,0.30854498594999313,0.5377877706628422
9,0.027199216187000275,0.9941002434954168,0.5176167637109756,0.5377877706628422
10,0.015910616454978783,1.0,0.4231100529432297,0.5503495392790071
11,0.013850647956132889,1.0,0.2537969574332237,0.577615534661554
12,0.011676703890164694,1.0,0.3649071604013443,0.5924719553724154
13,0.008278602423767248,1.0,0.4761449992656708,0.5924719553724154
14,0.009693858834604422,1.0,0.4271925836801529,0.5924719553724154
15,0.006945434026420116,1.0,0.4865712523460388,0.608265263693434
16,0.005282183177769184,1.0,0.25684038549661636,0.6624609340663695
17,0.004340633284300566,1.0,0.5605340600013733,0.6431196942844082
18,0.0050451600303252535,1.0,0.2825729623436928,0.6431196942844082
19,0.0042221518233418465,1.0,0.451061487197876,0.6431196942844082
20,0.004402343882247806,1.0,0.1923846062272787,0.6624609340663695
21,0.004581271825979154,1.0,0.38181185722351074,0.6392167586576692
22,0.0028500407158086696,1.0,0.17073167487978935,0.6392167586576692
23,0.004744784285624822,1.0,0.1884927861392498,0.5966253736389256
24,0.003724788703645269,1.0,0.18332559615373611,0.6392167586576692
25,0.0031567735131829977,1.0,0.46189693361520767,0.6392167586576692
26,0.0027500820190956197,1.0,0.15833899262361228,0.6392167586576692
