,train_loss,train_score,valid_loss,valid_score
1,0.6194968024889628,0.29128763250176765,0.7427647113800049,0.2683870161053685
2,0.3926876187324524,0.7003737206238427,0.721462219953537,0.431670023615175
3,0.3070424099763234,0.7645095721079945,0.5484382212162018,0.4235960746081079
4,0.21717687447865805,0.8490722428282155,0.31836390495300293,0.47733772864664964
5,0.1613024945060412,0.8728225153548789,0.3611324578523636,0.47733772864664964
6,0.1450541615486145,0.9250384870542661,0.265437550842762,0.4359902913851654
7,0.08414805680513382,0.9651054716602593,0.40307891368865967,0.4237968890675681
8,0.06951846927404404,0.9708391914381,0.30397193878889084,0.4359902913851654
9,0.054324809461832047,0.9824033179248569,0.3719382882118225,0.4489184466463736
10,0.038359880447387695,0.9941002434954168,0.3804938495159149,0.5142311233787904
11,0.031334287176529564,0.9941002434954168,0.3190022259950638,0.5285918551699038
12,0.023588328311840694,0.9941002434954168,0.30698536336421967,0.5602287114655289
13,0.019470396141211193,1.0,0.24062930792570114,0.5966253736389256
14,0.017554303010304768,1.0,0.1627912987023592,0.5966253736389256
15,0.01798230254401763,1.0,0.23861470073461533,0.5966253736389256
16,0.012274908212323984,1.0,0.27524474263191223,0.5602287114655289
17,0.012319553953905901,1.0,0.22041454911231995,0.5966253736389256
18,0.00980677114178737,1.0,0.19671808928251266,0.5966253736389256
19,0.008941352367401123,1.0,0.30842381715774536,0.5777547299749907
20,0.00812190662448605,1.0,0.32983259856700897,0.5602287114655289
21,0.006528721967091163,1.0,0.35814426839351654,0.5777547299749907
22,0.008917597432931265,1.0,0.25117604434490204,0.5777547299749907
23,0.005616539623588324,1.0,0.19202088005840778,0.5777547299749907
