,train_loss,train_score,valid_loss,valid_score
1,0.6272215048472086,0.17263060129453078,0.7421845495700836,0.2895716295993132
2,0.3642398913701375,0.7309210460951894,0.7802579700946808,0.3773900815565891
3,0.2827412982781728,0.7722787418478559,0.6166758835315704,0.4097099789582415
4,0.2135384331146876,0.8594941490160508,0.39969636499881744,0.47391869606640696
5,0.16761071979999542,0.9177383319468723,0.42521698772907257,0.5636018619766345
6,0.11234589666128159,0.9537318909284785,0.27785777300596237,0.5377877706628422
7,0.07427134613196056,0.9824033179248569,0.2831668481230736,0.5503495392790071
8,0.08664304514726003,0.9529296770206318,0.23590150848031044,0.48793309347051234
9,0.05232147499918938,0.9941002434954168,0.3780834525823593,0.5007062118645611
10,0.03647158915797869,0.9941002434954168,0.22560258582234383,0.5142311233787904
11,0.03285549891491731,0.9941002434954168,0.31699930131435394,0.5285918551699038
12,0.022725947201251984,0.9941002434954168,0.21106351166963577,0.5285918551699038
13,0.022036004811525345,0.9941002434954168,0.5935921296477318,0.5602287114655289
14,0.018806506569186848,1.0,0.6543389782309532,0.5438861892730144
15,0.015138772005836168,1.0,0.26597975194454193,0.5285918551699038
