,train_loss,train_score,valid_loss,valid_score
1,0.6710281223058701,0.1125087900926024,0.6274534910917282,0.0
2,0.5924980938434601,0.291111254869791,0.5692416876554489,0.0
3,0.49129733443260193,0.5091120737552758,0.4566371664404869,0.2562474045320245
4,0.37945033609867096,0.6955167740560158,0.33378463238477707,0.6641822891203317
5,0.29285839945077896,0.8218227729608544,0.2516566179692745,0.6280730232565613
6,0.21540403738617897,0.9102589898327994,0.21950087323784828,0.5813072459337005
7,0.15631207451224327,0.9571664769885428,0.23393971100449562,0.5443134111742758
8,0.12117414176464081,0.9567172612055053,0.24236958101391792,0.5727366410411474
9,0.0944598913192749,0.9692233691951198,0.27290693670511246,0.5830048040303858
10,0.0605271365493536,0.9753048303966929,0.2705669477581978,0.5830048040303858
11,0.04955578129738569,0.9814225308444268,0.23825491964817047,0.5830048040303858
12,0.0481805014424026,0.9814225308444268,0.34086212515830994,0.5034368336198725
13,0.03101183334365487,0.9814225308444268,0.34560735896229744,0.5034368336198725
14,0.02277819672599435,0.9875771574795098,0.3639331888407469,0.5034368336198725
