,train_loss,train_score,valid_loss,valid_score
1,0.6071212490399679,0.2638565010845042,0.650905191898346,0.30570564321866883
2,0.3307226002216339,0.7449075231497617,0.6051826775074005,0.3298789308767264
3,0.23450380067030588,0.8316847989130757,0.5646717846393585,0.3298789308767264
4,0.16825446983178458,0.9177383319468723,0.620054692029953,0.31529917843017563
5,0.14433366060256958,0.9172239946858651,0.5178505182266235,0.33757303946000017
6,0.08593045671780904,0.9471601867688781,0.7146556377410889,0.36254007170247404
7,0.059185516089200974,0.9708391914381,0.8568710684776306,0.34556479458592937
8,0.0461582380036513,0.9941002434954168,0.45293109118938446,0.3083762521764126
9,0.029953579728802044,0.9941002434954168,0.8781247437000275,0.3083762521764126
10,0.024455510079860687,0.9941002434954168,0.7863414883613586,0.31529917843017563
11,0.01725955804189046,0.9941002434954168,1.1043927669525146,0.3224608291466229
12,0.015810621281464893,1.0,0.6531779766082764,0.3298789308767264
13,0.010558234217266241,1.0,0.6347271203994751,0.33757303946000017
14,0.010632865441342195,1.0,0.7785705626010895,0.33757303946000017
15,0.012215839388469854,1.0,0.6669535338878632,0.34556479458592937
16,0.006279670633375645,1.0,0.9696305394172668,0.34556479458592937
