,train_loss,train_score,valid_loss,valid_score
1,0.5721538464228312,0.3146529978856892,0.8993303974469503,0.2554798301116468
2,0.29194597403208417,0.7672532673724338,0.9130484461784363,0.25902816108541965
3,0.2456195056438446,0.8417191702795901,0.8942939837773641,0.3150630189063022
4,0.13550977657238641,0.9321425168058358,0.7022233208020529,0.3556064102071393
5,0.10849727938572566,0.9567172612055053,0.5300581256548563,0.4145431311198474
6,0.08417187134424846,0.9567172612055053,0.43950554728507996,0.46838230740084735
7,0.04778541127840678,0.9753048303966929,0.4692533314228058,0.46838230740084735
8,0.042730686565240227,0.9875771574795098,0.5583191215991974,0.43541073755662757
9,0.025137598315874737,0.9937694097483343,0.4946655035018921,0.44894903505696054
10,0.023816100011269253,1.0,0.45941293239593506,0.507006542232159
11,0.014050474390387535,1.0,0.32677412529786426,0.5461512891098178
12,0.010835842539866766,1.0,0.3900327781836192,0.5533515393756029
13,0.011207725542287031,1.0,0.3366526961326599,0.5763311985578294
14,0.007737860549241304,1.0,0.38981593648592633,0.5461512891098178
15,0.007819475295643011,1.0,0.3804429272810618,0.5257674777235735
16,0.008052551032354435,1.0,0.4164862434069316,0.5193452708028489
17,0.0051614404655992985,1.0,0.42401252190272015,0.5607731514183623
18,0.007694335654377937,1.0,0.31165171166261035,0.5607731514183623
19,0.005103671147177617,1.0,0.3377501964569092,0.5929375676834228
20,0.004226140367488067,1.0,0.28395457069079083,0.6201078320206801
21,0.0048773510692020254,1.0,0.2865999365846316,0.5929375676834228
22,0.002748650343467792,1.0,0.31830047567685443,0.6016742028749685
23,0.0038252361894895635,1.0,0.37692410747210187,0.6201078320206801
24,0.0041044168174266815,1.0,0.3275623917579651,0.6298474404507214
25,0.0027416767552495003,1.0,0.2710898369550705,0.6201078320206801
26,0.0029054608506460986,1.0,0.3655242472887039,0.6201078320206801
27,0.0032043845082322755,1.0,0.29353498419125873,0.6016742028749685
28,0.0036662938073277473,1.0,0.30155206720034283,0.6107241726050883
29,0.004029615394150217,1.0,0.23508058736721674,0.6201078320206801
30,0.0026863213085259,1.0,0.27210961282253265,0.5929375676834228
31,0.002234815309445063,1.0,0.28450867036978406,0.5929375676834228
32,0.002876649765918652,1.0,0.2753664056460063,0.6107241726050883
33,0.0023351331862310567,1.0,0.2716790586709976,0.6298474404507214
34,0.002028249048938354,1.0,0.32832590738932294,0.6298474404507214
