,train_loss,train_score,valid_loss,valid_score
1,0.5654732088247935,0.3818577720399304,0.9738202095031738,0.20756184158442537
2,0.30194517970085144,0.744572119639302,1.0451795657475789,0.21358177245296533
3,0.21632888913154602,0.8325681924351093,0.8425188859303793,0.34953103682127784
4,0.1604228913784027,0.9191989372366619,0.5875384310881296,0.42432383684193015
5,0.10379804174105327,0.9567172612055053,0.5039068957169851,0.4519986056549368
6,0.08002323657274246,0.9753048303966929,0.49521539608637494,0.46058190411322064
7,0.042216980208953224,0.9753048303966929,0.4872645139694214,0.48848595100863446
8,0.03361984218160311,0.9937694097483343,0.4049350917339325,0.5637394768882146
9,0.021376045420765877,1.0,0.34863319993019104,0.6003661886212118
10,0.02495819019774596,1.0,0.349555383125941,0.6166610834962741
11,0.02108413353562355,1.0,0.3996737500031789,0.5925964635077338
12,0.013775405784447988,1.0,0.44461355606714886,0.5637394768882146
13,0.014324037047723929,1.0,0.4609525303045909,0.5570259934121394
14,0.008094326127320528,1.0,0.3618370493253072,0.5925964635077338
15,0.010498584558566412,1.0,0.36828041076660156,0.5925964635077338
16,0.005975999248524507,1.0,0.3631423016389211,0.5706431022305851
17,0.009954129966596762,1.0,0.42536845803260803,0.5850606822120846
18,0.007312369377662738,1.0,0.33935510118802387,0.6083829962530759
19,0.0050301227408150835,1.0,0.36450960238774616,0.6252158183109637
20,0.004869698313996196,1.0,0.34533307949701947,0.6340638669746456
21,0.005424603509406249,1.0,0.2709749440352122,0.6340638669746456
22,0.0034729288114855685,1.0,0.38190242648124695,0.6340638669746456
23,0.008261597870538631,1.0,0.353498379389445,0.643223338923786
24,0.0034400781927009425,1.0,0.25820454955101013,0.6340638669746456
25,0.0028839445828149715,1.0,0.2560441667834918,0.6252158183109637
26,0.006288446175555388,1.0,0.4605647722880046,0.6166610834962741
27,0.0050214012153446674,1.0,0.3103434443473816,0.6166610834962741
28,0.0032629529014229774,1.0,0.30282919853925705,0.6083829962530759
29,0.005445499904453754,1.0,0.3574369251728058,0.6166610834962741
30,0.003843508272742232,1.0,0.3431941568851471,0.6340638669746456
31,0.003064323759948214,1.0,0.3457268575827281,0.6252158183109637
32,0.0027198264530549445,1.0,0.3452035387357076,0.6252158183109637
33,0.003364464888970057,1.0,0.3206474184989929,0.6252158183109637
