,train_loss,train_score,valid_loss,valid_score
1,0.5874582429726919,0.27458681351857755,0.8021839261054993,0.44928662532508584
2,0.36280571420987445,0.6914549691282087,0.8572120368480682,0.32027168643356957
3,0.23722492158412933,0.8308641921035719,0.7190773487091064,0.3779044929290259
4,0.1788321187098821,0.889460083706025,0.550330176949501,0.5148193987604248
5,0.125367172062397,0.936239789701455,0.36363378167152405,0.5261662155060294
6,0.07380708927909534,0.9882348845970288,0.3064317926764488,0.5638760540930623
7,0.055676729728778206,0.9882348845970288,0.4544345587491989,0.5778768085322478
8,0.04178777957955996,0.9882348845970288,0.1959446556866169,0.6433262105174062
9,0.02986385114490986,0.9882348845970288,0.21989589929580688,0.7060433478920535
10,0.022856201976537704,1.0,0.32385821640491486,0.6636475659325125
11,0.023115356142322224,0.9941002434954168,0.20402828603982925,0.6394207872485165
12,0.015629838841656845,1.0,0.392008975148201,0.6394207872485165
13,0.011469557881355286,1.0,0.3043856769800186,0.6636475659325125
14,0.012105688142279783,1.0,0.1393098197877407,0.7198196218645297
15,0.012137371736268202,1.0,0.2001270204782486,0.6491149852600265
16,0.006558501316855351,1.0,0.24059398472309113,0.6491149852600265
17,0.007045224929849307,1.0,0.1195706520229578,0.6198256496549948
18,0.0069033559411764145,1.0,0.17950940877199173,0.6491149852600265
19,0.007115499426921208,1.0,0.108408372849226,0.6491149852600265
20,0.006246441975235939,1.0,0.11398564465343952,0.6491149852600265
21,0.004658964384968082,1.0,0.15406618267297745,0.6902957463175692
22,0.005813522419581811,1.0,0.1712314635515213,0.6902957463175692
23,0.0043179212758938474,1.0,0.1306481510400772,0.6902957463175692
24,0.0039986663808425265,1.0,0.12659457884728909,0.6902957463175692
