,train_loss,train_score,valid_loss,valid_score
1,0.6727795600891113,0.07930515857181442,0.6803955137729645,0.0
2,0.5621801018714905,0.450563556889583,0.6696987897157669,0.2953766544881277
3,0.4545467123389244,0.697137002317335,0.6211522370576859,0.5854700854700855
4,0.3483634293079376,0.8637217968895974,0.5479930490255356,0.5727366410411474
5,0.2688043788075447,0.9217976907429088,0.47614042460918427,0.6017939472401159
6,0.20874136313796043,0.9452465944188083,0.421194389462471,0.6083829962530759
7,0.155160054564476,0.9571664769885428,0.39899489283561707,0.5925964635077338
8,0.1120422463864088,0.9692233691951198,0.3300975486636162,0.643223338923786
9,0.08301613479852676,0.9814225308444268,0.28161920607089996,0.643223338923786
10,0.06887930631637573,0.9814225308444268,0.27854084968566895,0.6340638669746456
11,0.0478164441883564,0.9814225308444268,0.29418727569282055,0.6340638669746456
12,0.05263715796172619,0.975076180802554,0.29464516416192055,0.643223338923786
13,0.03409500140696764,0.9814225308444268,0.26084813103079796,0.629955586168444
14,0.03300086734816432,0.9814225308444268,0.2702906094491482,0.6017939472401159
15,0.026207346934825182,0.9814225308444268,0.3534238822758198,0.6003661886212118
16,0.02137872693128884,0.9814225308444268,0.38918299600481987,0.5850606822120846
17,0.0201955852098763,0.9875771574795098,0.39184296131134033,0.5850606822120846
18,0.017730178078636527,0.9875771574795098,0.3810076341032982,0.5850606822120846
