,train_loss,train_score,valid_loss,valid_score
1,0.6042801737785339,0.22184061271314914,0.7670868635177612,0.35089320562766135
2,0.3598236342271169,0.6948749532146264,0.7653171122074127,0.3446063105406779
3,0.2850859860579173,0.7687155636314743,0.8576876819133759,0.36061916068834143
4,0.20672807097434998,0.8826462841512007,0.5465197265148163,0.43991964688915264
5,0.1388128101825714,0.9357142551162902,0.537780374288559,0.4936612566406058
6,0.10233243306477864,0.9475587393582686,0.4636877477169037,0.4936612566406058
7,0.0761141541103522,0.9708391914381,0.34681159257888794,0.5148193987604248
8,0.06159046540657679,0.9766049484994053,0.5660081058740616,0.5148193987604248
9,0.053303067882855736,0.9766049484994053,0.31656613945961,0.4761985195794939
10,0.03346111625432968,0.9941002434954168,0.37178561091423035,0.5010370871791437
11,0.030793241535623867,0.9941002434954168,0.32364513725042343,0.5638760540930623
12,0.023428213472167652,0.9941002434954168,0.3733431547880173,0.5927200369557475
13,0.017485298216342926,0.9941002434954168,0.26156674325466156,0.6084998469208687
14,0.016187238196531933,1.0,0.28095999360084534,0.6084998469208687
15,0.012114963804682096,1.0,0.4701099246740341,0.6084998469208687
16,0.011348923047383627,1.0,0.4332435429096222,0.56049937918095
17,0.009859063662588596,1.0,0.4737837314605713,0.6084998469208687
18,0.009673544205725193,1.0,0.31808561086654663,0.5927200369557475
19,0.008222095823536316,1.0,0.5656561255455017,0.6084998469208687
20,0.00900597358122468,1.0,0.3265516310930252,0.56049937918095
21,0.010534108926852545,1.0,0.4260748475790024,0.56049937918095
22,0.006798247030625741,1.0,0.21939684450626373,0.56049937918095
23,0.006490261449168126,1.0,0.4228975623846054,0.56049937918095
