,train_loss,train_score,valid_loss,valid_score
1,0.5821068286895752,0.3285159712977648,0.7263128757476807,0.4965723812649473
2,0.3636627395947774,0.7419189895010428,0.631906270980835,0.47391869606640696
3,0.2334798276424408,0.8445202708239066,0.49309536814689636,0.5036630526336384
4,0.19233126441637674,0.8965727878815423,0.4070446938276291,0.5144957554275265
5,0.1373287687699,0.936239789701455,0.4103657454252243,0.4933139302473538
6,0.08497010171413422,0.9532636867319125,0.6730180084705353,0.5144957554275265
7,0.06562186032533646,0.9708391914381,0.39066874980926514,0.525854646498153
8,0.04715851197640101,0.9824033179248569,0.45121026039123535,0.5503495392790071
9,0.03186272084712982,0.9941002434954168,0.267356738448143,0.5924719553724154
10,0.02470522311826547,1.0,0.2792278341948986,0.608265263693434
11,0.029917998239398003,1.0,0.3242236524820328,0.608265263693434
12,0.01696675767501195,1.0,0.45380230247974396,0.5924719553724154
13,0.015668401184181373,1.0,0.2649301551282406,0.6251050331912297
14,0.02042194486906131,0.9941002434954168,0.27307920902967453,0.6251050331912297
15,0.010912229306995869,1.0,0.25071503408253193,0.5636018619766345
16,0.01197489940871795,1.0,0.42827877402305603,0.48793309347051234
17,0.009598354498545328,1.0,0.5769427418708801,0.4758390974531845
18,0.006902630906552076,1.0,0.3988005071878433,0.5503495392790071
19,0.00693091672534744,1.0,0.37368541955947876,0.5007062118645611
20,0.008655054029077291,1.0,0.2656643586233258,0.5142311233787904
21,0.009252108788738648,1.0,0.35753848403692245,0.5142311233787904
22,0.007365227521707614,1.0,0.4375370889902115,0.5285918551699038
23,0.005944349803030491,1.0,0.37818221747875214,0.5438861892730144
