,train_loss,train_score,valid_loss,valid_score
1,0.6627308875322342,0.20073876713674155,0.7350935190916061,0.0
2,0.5596027672290802,0.5190507815793733,0.6235815137624741,0.22868941946384982
3,0.44345246255397797,0.7202479468655232,0.49741557240486145,0.2648038910705108
4,0.36237336695194244,0.7854396366911797,0.39870716631412506,0.5348127749770685
5,0.2684961073100567,0.873695599526595,0.35852760821580887,0.485218572682344
6,0.194659523665905,0.9034652232055224,0.421876460313797,0.40693843407609076
7,0.14084194973111153,0.9631774724179828,0.4493417516350746,0.41815720438935444
8,0.09225301630795002,0.9692233691951198,0.4109664112329483,0.4300036161613409
9,0.06893904320895672,0.9814225308444268,0.38181276619434357,0.4425463504199718
10,0.047042643651366234,0.9875771574795098,0.4320111572742462,0.43618324728936597
11,0.03827378433197737,0.9937694097483343,0.49142394959926605,0.41815720438935444
12,0.029086068272590637,0.9937694097483343,0.5601406097412109,0.4174513025887777
13,0.028781560249626637,1.0,0.5602266415953636,0.40693843407609076
14,0.02541258931159973,0.9937694097483343,0.466361440718174,0.43618324728936597
