,train_loss,train_score,valid_loss,valid_score
1,0.5940063794453939,0.32520054686831823,0.9149810969829559,0.31963601590330637
2,0.34072516361872357,0.7327952057001721,0.9981011748313904,0.28940386242798366
3,0.23447999358177185,0.8207309674204162,0.9595928490161896,0.3389282579543282
4,0.1627304827173551,0.9181890875398396,0.5939230173826218,0.4028522259667763
5,0.12699693689743677,0.9357142551162902,0.554866373538971,0.45605174407879523
6,0.10680072506268819,0.9480909262799544,0.4683431386947632,0.5144957554275265
7,0.08593118190765381,0.9651054716602593,0.906989336013794,0.4933139302473538
8,0.05440998698274294,0.9708391914381,0.4944222569465637,0.45605174407879523
9,0.03846765806277593,0.9941002434954168,0.5426949858665466,0.45605174407879523
10,0.0340972983588775,0.9941002434954168,0.536189004778862,0.47391869606640696
11,0.023014603182673454,0.9941002434954168,0.40878385305404663,0.5144957554275265
12,0.02068701634804408,0.9941002434954168,0.6680267751216888,0.525854646498153
13,0.015186981608470282,0.9941002434954168,0.8727840185165405,0.525854646498153
14,0.014753115363419056,1.0,0.7195811420679092,0.5144957554275265
15,0.013977828125158945,1.0,0.5287149548530579,0.5144957554275265
16,0.008992669638246298,1.0,0.46618734300136566,0.5503495392790071
17,0.00897752291833361,1.0,0.3072196561843157,0.5636018619766345
18,0.006747041984150807,1.0,0.2884728331118822,0.5924719553724154
19,0.00546072314803799,1.0,0.34184154868125916,0.608265263693434
20,0.007541699955860774,1.0,0.31699322536587715,0.5438861892730144
21,0.005038472668578227,1.0,0.4110509604215622,0.5438861892730144
22,0.00540025004496177,1.0,0.6492572724819183,0.5285918551699038
23,0.005798505774388711,1.0,0.568660706281662,0.5285918551699038
24,0.005588926530132691,1.0,0.26178178191185,0.5285918551699038
25,0.004268578020855784,1.0,0.28514306619763374,0.5438861892730144
26,0.00402999281262358,1.0,0.2524612240958959,0.5438861892730144
27,0.004272207152098417,1.0,0.8582363277673721,0.5438861892730144
28,0.0063400316673020525,1.0,0.4180513620376587,0.5602287114655289
29,0.004141595214605331,1.0,0.25570276752114296,0.5602287114655289
