,train_loss,train_score,valid_loss,valid_score
1,0.6647850275039673,0.2314716316900398,0.922478199005127,0.31313861206098914
2,0.394155353307724,0.7126389345328711,0.8682272434234619,0.3631365196012814
3,0.2896963953971863,0.8036204364037824,0.7148533662160238,0.4170145068233225
4,0.21159670750300089,0.8611244398211764,0.6367274324099222,0.43188424642891987
5,0.14914573480685553,0.9209289920547203,0.581086794535319,0.43188424642891987
6,0.11460913717746735,0.9393364366277243,0.5717413524786631,0.43971262586738785
7,0.09159416457017262,0.9571664769885428,0.6106559038162231,0.4562491263620375
8,0.06249919906258583,0.9753048303966929,0.5400661826133728,0.5038314736557788
9,0.049571409821510315,0.9937694097483343,0.3927984933058421,0.5038314736557788
10,0.035313052435715996,1.0,0.45492615302403766,0.5260110247097199
11,0.028549230347077053,1.0,0.3598808099826177,0.5637394768882146
12,0.023446965341766674,1.0,0.3505474130312602,0.6166610834962741
13,0.018129486901064713,1.0,0.30967529614766437,0.6527139518645054
14,0.019064311559001606,1.0,0.28718071679274243,0.6527139518645054
15,0.015703714763124783,1.0,0.36717934409777325,0.6625572205938276
16,0.02011030229429404,1.0,0.25342703859011334,0.6625572205938276
17,0.012597377722462019,1.0,0.23139499127864838,0.6727766736655282
18,0.013768290479977926,1.0,0.28696991006533307,0.6625572205938276
19,0.008087202596167723,1.0,0.26801828543345135,0.7179725032927902
20,0.011743290039400259,1.0,0.3102674682935079,0.7179725032927902
21,0.010292453380922476,1.0,0.1702037714421749,0.7305161505085608
22,0.007422150578349829,1.0,0.20135729759931564,0.7305161505085608
23,0.007612392771989107,1.0,0.21082299947738647,0.7059631498684646
24,0.008604656594494978,1.0,0.23532846570014954,0.7059631498684646
25,0.0068522607907652855,1.0,0.20161040127277374,0.6944498517145142
26,0.007270921642581622,1.0,0.2462563912073771,0.7059631498684646
27,0.020002994686365128,1.0,0.2858698268731435,0.6944498517145142
28,0.009045527316629887,1.0,0.24400477608044943,0.6727766736655282
29,0.00860503874719143,1.0,0.2621259192625682,0.6625572205938276
30,0.0063686146556089325,1.0,0.2710561404625575,0.6944498517145142
31,0.006549620224783818,1.0,0.26220248142878216,0.7179725032927902
