,train_loss,train_score,valid_loss,valid_score
1,0.5580759346485138,0.42012497220634126,0.8040231764316559,0.45605174407879523
2,0.32621267437934875,0.758430874440346,0.5784922093153,0.44762444868307133
3,0.22899323205153146,0.8326256191221614,0.49646957218647003,0.4395039840402831
4,0.17144506673018137,0.9063414864102933,0.5073698908090591,0.45605174407879523
5,0.12468631317218144,0.9529296770206318,0.5858005285263062,0.525854646498153
6,0.07802287737528484,0.9708391914381,0.45795464515686035,0.525854646498153
7,0.05730006471276283,0.9705671333715453,0.4029051661491394,0.525854646498153
8,0.0356784351170063,0.9882348845970288,0.7266838699579239,0.5377877706628422
9,0.03073015995323658,1.0,0.22322409227490425,0.608265263693434
10,0.023530367761850357,1.0,0.32577453553676605,0.6251050331912297
11,0.02639633355041345,0.9882348845970288,0.1723840069025755,0.6251050331912297
12,0.014059333751598993,1.0,0.3347886651754379,0.5924719553724154
13,0.013303880579769611,1.0,0.3398481011390686,0.5924719553724154
14,0.01088644036402305,1.0,0.3523523509502411,0.5636018619766345
15,0.010408265516161919,1.0,0.4017234742641449,0.608265263693434
16,0.00956937950104475,1.0,0.295641154050827,0.6251050331912297
17,0.008322250408430895,1.0,0.33021585643291473,0.6251050331912297
18,0.007371808867901564,1.0,0.17854811064898968,0.6431196942844082
19,0.004874654114246368,1.0,0.430828794836998,0.6431196942844082
20,0.0054578894438842935,1.0,0.4482719898223877,0.6251050331912297
21,0.006197563682993253,1.0,0.21066351979970932,0.608265263693434
22,0.005510286117593448,1.0,0.201803058385849,0.608265263693434
23,0.005692077179749806,1.0,0.2686484158039093,0.5924719553724154
24,0.005868474952876568,1.0,0.26294127106666565,0.5924719553724154
25,0.006546957728763421,1.0,0.18551555566955358,0.5924719553724154
26,0.004174918479596575,1.0,0.340040922164917,0.6431196942844082
27,0.004057278934245308,1.0,0.24127481877803802,0.6431196942844082
28,0.0038036115001887083,1.0,0.22655397653579712,0.6431196942844082
