,train_loss,train_score,valid_loss,valid_score
1,0.5953947901725769,0.3206625955091735,0.6596891681353251,0.5853103182715347
2,0.30448152621587116,0.7708570195989409,0.5599774916966757,0.4944001533099698
3,0.2294782449801763,0.8457511151522943,0.45576048890749615,0.5259229283002776
4,0.16960658629735312,0.8716318300222063,0.41288267572720844,0.5259229283002776
5,0.12716643263896307,0.91364276813721,0.4033176203568776,0.5609112290709019
6,0.10674164444208145,0.9511897312113419,0.3156793812910716,0.5287431168515262
7,0.05525466054677963,0.9814225308444268,0.3031778732935588,0.5440298285169028
8,0.04357085128625234,1.0,0.3609735469023387,0.5214562695205918
9,0.026758562152584393,0.9937694097483343,0.43190743525822956,0.4881063797123407
10,0.019515732924143474,1.0,0.4821918507417043,0.484321679558985
11,0.021843464734653633,1.0,0.3634444872538249,0.5259229283002776
