,train_loss,train_score,valid_loss,valid_score
1,0.6045199533303579,0.2298854360695321,0.7719310720761617,0.3880470865884831
2,0.3360411723454793,0.7312501582518692,0.634129544099172,0.4502898311244038
3,0.22712823748588562,0.847482507775365,0.5175494949022929,0.4752865513439579
4,0.16119825839996338,0.9261584224952539,0.4283949335416158,0.5287431168515262
5,0.12624287605285645,0.9452465944188083,0.31977301836013794,0.528327804765375
6,0.0771804079413414,0.9571664769885428,0.3467322885990143,0.5628841571514129
7,0.0632931316892306,0.9692233691951198,0.27332226435343426,0.485218572682344
8,0.046958298732837044,0.9753048303966929,0.3652823269367218,0.5440298285169028
9,0.02872545210023721,0.9937694097483343,0.4153318504492442,0.5287431168515262
10,0.029411987711985905,0.9937694097483343,0.5026337504386902,0.4819822137441151
11,0.0158870176722606,1.0,0.4048281709353129,0.5075321491867127
12,0.0203279306491216,1.0,0.35486579438050586,0.48200130997028184
13,0.009011782084902128,1.0,0.36477988958358765,0.5034368336198725
14,0.009959668231507143,1.0,0.371146301428477,0.5110554767815644
15,0.00907523309191068,1.0,0.41446616252263385,0.5110554767815644
16,0.0072534823169310885,1.0,0.39480167627334595,0.553418463712477
