,train_loss,train_score,valid_loss,valid_score
1,0.676297926902771,0.0,0.6338194459676743,0.0
2,0.5788297176361084,0.2360883413428812,0.464630626142025,0.0
3,0.5320582628250122,0.45255572868466515,0.3727122023701668,0.4060061203367379
4,0.4369769036769867,0.7022321795722486,0.32992297410964966,0.6664889599684097
5,0.37589130997657777,0.8299425004659639,0.3315008655190468,0.5644143517679754
6,0.32175729274749754,0.8744536371618383,0.39647238701581955,0.5010235425246347
7,0.2953593134880066,0.8591504727832727,0.28632908314466476,0.5311325403737385
8,0.26668754667043687,0.9574271077563381,0.30246397480368614,0.5477225575051662
9,0.20543590933084488,0.9630301852061649,0.3562874123454094,0.5153165472634581
10,0.2886540248990059,0.9813853901249078,0.4557841792702675,0.46882408759000693
11,0.26621598899364474,0.9813853901249078,0.3479260057210922,0.5305618431381753
12,0.20792315006256104,0.9876538476102781,0.2549102306365967,0.5527841276458545
13,0.18307541981339454,0.9815368735540919,0.2582598440349102,0.578513965238924
14,0.17826655507087708,0.9694116958983826,0.5188092142343521,0.3432387166623371
