,train_loss,train_score,valid_loss,valid_score
1,0.617361863454183,0.2736726776117824,0.7401918768882751,0.3009852227799678
2,0.3572527269522349,0.7153255795993207,0.6582053701082865,0.4752865513439579
3,0.2756950855255127,0.7721507293064437,0.5104654431343079,0.48200130997028184
4,0.19441095987955728,0.8691745052782042,0.3947910666465759,0.5110554767815644
5,0.158723254998525,0.894186721257433,0.3607637534538905,0.4932079441838111
6,0.10519525657097499,0.9442111532158908,0.3384730915228526,0.5014923236771917
7,0.08217208087444305,0.9692233691951198,0.2810161163409551,0.5110554767815644
8,0.05808081105351448,0.9814225308444268,0.37254318594932556,0.5034368336198725
9,0.04561537504196167,0.9875771574795098,0.36609309911727905,0.5034368336198725
10,0.04605560749769211,0.9937694097483343,0.3352363010247548,0.5214562695205918
11,0.02510378509759903,1.0,0.2847364991903305,0.47750577218910545
12,0.022032033031185467,1.0,0.2669241974751155,0.485218572682344
13,0.014695824434359869,1.0,0.2682318463921547,0.44334472788680357
14,0.014770846503476301,1.0,0.32152732213338214,0.4360763805054353
15,0.0129380381355683,1.0,0.3428531487782796,0.44334472788680357
16,0.011627443755666414,1.0,0.3649654487768809,0.47750577218910545
17,0.009835786807040373,1.0,0.38783307870229083,0.5287431168515262
18,0.00925413565710187,1.0,0.32795541485150653,0.5362630658899051
19,0.006772056687623262,1.0,0.3398471176624298,0.568563056552301
20,0.00904780626296997,1.0,0.3467994083960851,0.5609112290709019
21,0.0066048467221359415,1.0,0.3743052879969279,0.568563056552301
22,0.006027058232575655,1.0,0.3976712226867676,0.5764620746930896
23,0.007496878194312255,1.0,0.3706323703130086,0.5764620746930896
24,0.007503547395269076,1.0,0.3224901407957077,0.5764620746930896
25,0.005972761660814285,1.0,0.3234216123819351,0.47750577218910545
26,0.006547223621358474,1.0,0.43515313665072125,0.5440298285169028
27,0.005749594730635484,1.0,0.36655213435490924,0.5189351638727756
28,0.005052655236795545,1.0,0.36853722234567005,0.5189351638727756
29,0.0045037415499488516,1.0,0.2800678809483846,0.4234388245354546
30,0.0057216255615154905,1.0,0.2665411631266276,0.4234388245354546
31,0.004586922625700633,1.0,0.4453798234462738,0.45087062508130693
32,0.0062704274120430155,1.0,0.3684985935688019,0.485218572682344
