,train_loss,train_score,valid_loss,valid_score
1,0.638841966787974,0.30253878780492527,1.0447494387626648,0.15603828608985731
2,0.3367978135744731,0.6953288019758299,0.8571327328681946,0.34924535550111524
3,0.24430416524410248,0.8017199437898075,0.7733360230922699,0.431670023615175
4,0.17900329331556955,0.9029720673913393,0.6297664940357208,0.44762444868307133
5,0.13952917357285818,0.9537318909284785,0.5662392377853394,0.48341044854730425
6,0.07493442793687184,0.9708391914381,0.455679789185524,0.4057458677632036
7,0.06567091618975003,0.9708391914381,0.7906828820705414,0.4144876215666168
8,0.04462396974364916,0.9824033179248569,0.698332205414772,0.4144876215666168
9,0.03661582556863626,0.9882348845970288,0.546876847743988,0.43310156216805623
10,0.02396503866960605,0.9941002434954168,0.36191415786743164,0.4758390974531845
11,0.016834203153848648,0.9941002434954168,0.6194233596324921,0.5285918551699038
12,0.016889160498976707,0.9941002434954168,0.4620124101638794,0.5438861892730144
13,0.012521865467230478,0.9941002434954168,0.5716155171394348,0.5966253736389256
14,0.011859109004338583,1.0,0.2685268595814705,0.5966253736389256
15,0.010126988869160414,0.9941002434954168,0.6632211655378342,0.5966253736389256
16,0.00832525702814261,1.0,0.25916101783514023,0.5966253736389256
17,0.007623828326662381,1.0,0.41554345190525055,0.6392167586576692
18,0.013460619995991388,1.0,0.30624549090862274,0.6392167586576692
19,0.007612283496807019,1.0,0.40224580466747284,0.6170343137254902
20,0.009935345811148485,1.0,0.2813136875629425,0.5966253736389256
21,0.006211449857801199,1.0,0.3243904560804367,0.5602287114655289
22,0.005603420392920573,1.0,0.30940449982881546,0.5438861892730144
23,0.00523905564720432,1.0,0.39029449224472046,0.5602287114655289
24,0.006018646682302157,1.0,0.21543944254517555,0.5777547299749907
25,0.004262890821943681,1.0,0.17099569737911224,0.5966253736389256
26,0.005555762288471063,1.0,0.1958986520767212,0.5777547299749907
27,0.005921551181624333,1.0,0.2968262881040573,0.5602287114655289
