,train_loss,train_score,valid_loss,valid_score
1,0.6590206027030945,0.07930515857181442,0.6813377290964127,0.0
2,0.5307565405964851,0.44553548978636487,0.5809320211410522,-0.015078423261352735
3,0.4139605239033699,0.7849596270902193,0.4969914183020592,0.36180931988341963
4,0.31474266946315765,0.8470839101854909,0.44037115573883057,0.5190289256303792
5,0.22236882895231247,0.9209289920547203,0.39969053864479065,0.5362630658899051
6,0.16886364296078682,0.938674076853298,0.34702303260564804,0.5440298285169028
7,0.129670275375247,0.9446544968971894,0.34158628433942795,0.5520582735125914
8,0.08166600577533245,0.9692233691951198,0.3519507944583893,0.5440298285169028
9,0.06336736120283604,0.9814225308444268,0.3513306677341461,0.5520582735125914
10,0.052522835321724415,0.9814225308444268,0.3814133554697037,0.5287431168515262
11,0.03521053306758404,0.9814225308444268,0.4029548950493336,0.5075321491867127
12,0.028222564607858658,0.9814225308444268,0.4436847046017647,0.4944001533099698
13,0.02924887090921402,0.9814225308444268,0.5008216202259064,0.4881063797123407
14,0.023518978152424097,0.9814225308444268,0.4408643804490566,0.5143898553985499
15,0.02129546902142465,0.9875771574795098,0.47874776273965836,0.5214562695205918
16,0.019677621545270085,0.9814225308444268,0.44328029081225395,0.5214562695205918
17,0.015509978868067265,0.9937694097483343,0.43951644748449326,0.5214562695205918
