,train_loss,train_score,valid_loss,valid_score
1,0.6279059847195944,0.19446945498470408,0.6472958624362946,-0.021437323142813606
2,0.3921860456466675,0.6202929256484129,0.6156595647335052,0.5636018619766345
3,0.2712392906347911,0.783386238269082,0.5163623690605164,0.5036630526336384
4,0.21126619478066763,0.8345533196267645,0.4263410270214081,0.525854646498153
5,0.15673770507176718,0.8994240298291867,0.4607212543487549,0.5144957554275265
6,0.10458016395568848,0.9532636867319125,0.3059755079448223,0.5377877706628422
7,0.07554030666748683,0.9766049484994053,0.47750429809093475,0.5377877706628422
8,0.048050218572219215,0.9882348845970288,0.44852404296398163,0.5377877706628422
9,0.04142594896256924,0.9882348845970288,0.3814994543790817,0.5144957554275265
10,0.029472236211101215,0.9882348845970288,0.6180710792541504,0.525854646498153
11,0.025260625407099724,0.9941002434954168,0.4686796963214874,0.525854646498153
12,0.01571764424443245,0.9941002434954168,0.36383792757987976,0.5503495392790071
