,train_loss,train_score,valid_loss,valid_score
1,0.6767022907733917,0.0,0.6233101785182953,0.0
2,0.5734929144382477,0.374106361427369,0.5833502411842346,0.0
3,0.4657421186566353,0.6855250754089135,0.5132757723331451,0.4802226442686963
4,0.37877505272626877,0.7675295564533362,0.41898807138204575,0.5451899216924528
5,0.2879195809364319,0.8511127195627419,0.3371768519282341,0.5696061340791194
6,0.2183077372610569,0.9160133513055991,0.3496326878666878,0.5684285594316689
7,0.15744329988956451,0.9452465944188083,0.3849746286869049,0.5533515393756029
8,0.1417496483772993,0.938674076853298,0.41213977336883545,0.5533515393756029
9,0.08775649964809418,0.9511897312113419,0.31512054428458214,0.5441740081192443
10,0.07526387460529804,0.9511897312113419,0.27293260022997856,0.5726102941176471
11,0.07177636492997408,0.9571664769885428,0.37340762466192245,0.5684285594316689
12,0.04196140030398965,0.9753048303966929,0.5087854564189911,0.5503495392790071
13,0.03726444998756051,0.9814225308444268,0.5680089741945267,0.5144957554275265
14,0.02830694569274783,0.9875771574795098,0.5723268017172813,0.5036630526336384
15,0.026263492414727807,0.9875771574795098,0.5358597412705421,0.5201065620748432
16,0.023749647894874215,0.9875771574795098,0.5193846821784973,0.525854646498153
17,0.01830042852088809,0.9875771574795098,0.48456866294145584,0.5568851831988673
18,0.022002958226948977,0.9875771574795098,0.39867130666971207,0.608265263693434
19,0.018167473026551306,0.9875771574795098,0.3902963474392891,0.6251050331912297
20,0.012622468871995807,0.9875771574795098,0.38506556302309036,0.6251050331912297
21,0.014864881057292223,0.9875771574795098,0.414678655564785,0.6251050331912297
22,0.012542042997665703,0.9875771574795098,0.43560852110385895,0.600245047998781
23,0.012204351951368153,0.9875771574795098,0.45057937502861023,0.577615534661554
24,0.012493666028603911,0.9875771574795098,0.479546245187521,0.577615534661554
25,0.012198589160107076,0.9875771574795098,0.45907269418239594,0.577615534661554
26,0.011313793831504881,0.9875771574795098,0.4426070936024189,0.5924719553724154
27,0.01002655120100826,0.9875771574795098,0.512389101088047,0.5705087134100852
28,0.008766367915086448,0.9875771574795098,0.5467677861452103,0.5568851831988673
29,0.011083470657467842,0.9875771574795098,0.4947328194975853,0.5849328448987128
