,train_loss,train_score,valid_loss,valid_score
1,0.5610342820485433,0.36505103770285574,0.7776780128479004,0.3298789308767264
2,0.31630415717760724,0.7380103322169771,0.670694500207901,0.4097099789582415
3,0.23855089644591013,0.8326256191221614,0.6005510687828064,0.39734359233952654
4,0.16584027310212454,0.8957520972263474,0.40093493461608887,0.48793309347051234
5,0.10925113161404927,0.936239789701455,0.3200833573937416,0.5777547299749907
6,0.07029466579357783,0.9589996891034891,0.3514118790626526,0.5438861892730144
7,0.05887179325024287,0.9824033179248569,0.4525557905435562,0.5285918551699038
8,0.04492482170462608,0.9824033179248569,0.3706211745738983,0.4534435128398129
9,0.029863260065515835,0.9882348845970288,0.41327716410160065,0.4758390974531845
10,0.022317110871275265,0.9941002434954168,0.8691057860851288,0.48793309347051234
11,0.017990121617913246,1.0,0.3204437643289566,0.5285918551699038
12,0.017201027522484463,1.0,0.3688482940196991,0.5142311233787904
13,0.01155638104925553,1.0,0.6377112865447998,0.5142311233787904
14,0.008679114903012911,1.0,0.26588013023138046,0.5438861892730144
15,0.00886261680473884,1.0,0.4601036161184311,0.5438861892730144
