,train_loss,train_score,valid_loss,valid_score
1,0.6043681005636851,0.2704813730373557,0.5863448679447174,0.21464955649580056
2,0.34435899058977765,0.7319250547113999,0.5559233725070953,0.3997941617979885
3,0.23556561768054962,0.8628965355097875,0.44926390051841736,0.43933823529411764
4,0.1552930772304535,0.913179019271519,0.34792064130306244,0.5777547299749907
5,0.11940237879753113,0.9243886531229556,0.2671919912099838,0.5285918551699038
6,0.08805013199647267,0.9480909262799544,0.4107276499271393,0.5966253736389256
7,0.05549815048774084,0.9708391914381,0.3727591335773468,0.5602287114655289
8,0.04590632269779841,0.9824033179248569,0.25256803445518017,0.5142311233787904
9,0.035981581856807075,0.9824033179248569,0.3582085520029068,0.5007062118645611
10,0.023782938718795776,0.9824033179248569,0.5798145234584808,0.5438861892730144
11,0.0213530200223128,0.9824033179248569,0.6985272169113159,0.5438861892730144
12,0.019618456562360127,0.9941002434954168,0.2429245077073574,0.5285918551699038
13,0.012678058817982674,1.0,0.49157263338565826,0.5438861892730144
14,0.013665306381881237,1.0,0.20630092918872833,0.5438861892730144
15,0.010086329653859138,1.0,0.2465219646692276,0.5438861892730144
16,0.00891266701122125,1.0,0.367137148976326,0.5966253736389256
