,train_loss,train_score,valid_loss,valid_score
1,0.667939692735672,-0.055989251095585425,0.6684396266937256,0.0
2,0.5810978412628174,0.3505839284808859,0.6245550960302353,0.11502014180698827
3,0.4731188416481018,0.6734615882737879,0.574834406375885,0.23372116187307887
4,0.3922220692038536,0.8107763991650886,0.5073274597525597,0.5570799469398551
5,0.31426389515399933,0.9045340337332909,0.4665220007300377,0.528327804765375
6,0.24563077837228775,0.9511897312113419,0.4181211292743683,0.5270924174778843
7,0.19697464257478714,0.9631774724179828,0.3724529519677162,0.5014923236771917
8,0.13691315241158009,0.975076180802554,0.34933047369122505,0.5100919173201363
9,0.10909161157906055,0.9814225308444268,0.32246677577495575,0.5380155709429176
10,0.09331206046044827,0.9875771574795098,0.31632865220308304,0.5025236582327229
11,0.06816098000854254,0.9814225308444268,0.3533252403140068,0.47517369410934535
12,0.0542000001296401,0.9875771574795098,0.3805011883378029,0.485218572682344
13,0.04859368968755007,0.9875771574795098,0.4284973256289959,0.47005268005053724
14,0.03976117726415396,0.9875771574795098,0.42553001642227173,0.4491032374499764
