,train_loss,train_score,valid_loss,valid_score
1,0.6838795423507691,0.055814557218594754,0.6192475259304047,0.0
2,0.5823894381523133,0.3233808333817773,0.5691830366849899,0.0
3,0.5062354266643524,0.6372703799157026,0.45954836159944534,0.40967324519935133
4,0.42288135886192324,0.7922030376676843,0.3929840698838234,0.6664889599684097
5,0.3835790753364563,0.8973399646263193,0.42238062620162964,0.520397179026005
6,0.33725420832633973,0.9031332183667847,0.3282109797000885,0.5899196114769775
7,0.271043661236763,0.9155902282752921,0.2662050984799862,0.5527841276458545
8,0.27568123787641524,0.9514859136040755,0.3914032429456711,0.4629100498862757
9,0.22911572456359863,0.9634021551641092,0.2926066443324089,0.538251397517121
10,0.19303833991289138,0.9634021551641092,0.25317035242915154,0.6141296055506469
11,0.21806821525096892,0.9694116958983826,0.32541389018297195,0.5038378351241242
12,0.18328424915671349,0.975456381144309,0.32468438893556595,0.5417050278466475
13,0.19220346808433533,0.9694116958983826,0.46500255912542343,0.5381402333896151
14,0.1470749035477638,0.9694116958983826,0.41441696882247925,0.483610155182404
