,train_loss,train_score,valid_loss,valid_score
1,0.6687512397766113,0.06879191604901098,0.6396437585353851,0.34479141358380555
2,0.39462408423423767,0.682919718437922,0.5754528939723969,0.5869734364739604
3,0.29852298895517987,0.7917498063782611,0.5172452330589294,0.5166897771311671
4,0.2226162552833557,0.8554460615490799,0.3676120936870575,0.5166897771311671
5,0.1545452425877253,0.9248263581001583,0.3550368547439575,0.5423261445466404
6,0.11297122885783513,0.9483888130836018,0.5196363925933838,0.5291502622129182
7,0.08419253428777058,0.953998092005724,0.42327310144901276,0.49365724849494175
8,0.060283771405617394,0.9653072991634228,0.638693630695343,0.49365724849494175
9,0.045827714105447136,0.9883036912035246,0.3582449108362198,0.5048781642974013
10,0.0347266693909963,0.9883036912035246,0.5481903553009033,0.5291502622129182
11,0.024106254801154137,1.0,0.2323801051825285,0.5711420213538395
12,0.02191721275448799,1.0,0.2421208806335926,0.5869734364739604
