,train_loss,train_score,valid_loss,valid_score
1,0.6119607587655386,0.2443204504565151,0.8771154880523682,0.31058109753422425
2,0.32325318455696106,0.743274917348496,0.7829844951629639,0.3714632972805431
3,0.24178413053353628,0.8152884507920062,0.77952441573143,0.3714632972805431
4,0.176271786292394,0.8950594241477494,0.8558963239192963,0.42410405962884296
5,0.12319352974494298,0.9475587393582686,0.5715734362602234,0.44762444868307133
6,0.10576468333601952,0.9708391914381,0.5474845618009567,0.45605174407879523
7,0.06841180225213368,0.9824033179248569,0.8440768122673035,0.45605174407879523
8,0.050672647853692375,0.9882348845970288,0.7297157049179077,0.4648082538023267
9,0.034220430379112564,0.9941002434954168,0.5363890379667282,0.5036630526336384
10,0.02868097523848216,1.0,0.7558579742908478,0.525854646498153
11,0.02452284221847852,1.0,0.6984127163887024,0.577615534661554
12,0.018799733370542526,1.0,0.3680807203054428,0.5503495392790071
13,0.016631572196880978,1.0,0.31773650646209717,0.577615534661554
14,0.012500738414625326,1.0,0.3188380300998688,0.5285918551699038
15,0.015160515593985716,1.0,0.23923879116773605,0.5438861892730144
16,0.01661981487025817,1.0,0.3230034112930298,0.608265263693434
17,0.0065649766474962234,1.0,0.25038500130176544,0.5924719553724154
18,0.007390030970176061,1.0,0.39539772272109985,0.5924719553724154
19,0.007702033656338851,1.0,0.24948827736079693,0.5924719553724154
20,0.008267227560281754,1.0,0.5011944323778152,0.608265263693434
21,0.007352489357193311,1.0,0.22353209368884563,0.608265263693434
22,0.0069204759784042835,1.0,0.2686905115842819,0.608265263693434
23,0.007617220127334197,1.0,0.39551572501659393,0.5924719553724154
24,0.004685034820189078,1.0,0.29223253577947617,0.577615534661554
25,0.004673707066103816,1.0,0.4432118982076645,0.577615534661554
26,0.005065614202370246,1.0,0.3231635242700577,0.577615534661554
