,train_loss,train_score,valid_loss,valid_score
1,0.38842203468084335,0.22552019522082548,0.18005585670471191,0.57798165350068
2,0.12683735279874367,0.5593922364426288,0.13947288691997528,0.664123405083946
3,0.07913498478856953,0.7453187071584608,0.07277061883360147,0.6446078431372549
4,0.04950683690946211,0.8704299578011901,0.14320611953735352,0.6196222237042267
5,0.030684183605692604,0.9486381490481143,0.14204327017068863,0.6446078431372549
6,0.01821094463494691,0.9809525215273144,0.07797066494822502,0.5261437908496732
7,0.011303587308661505,0.9936816426574907,0.09992164373397827,0.6446078431372549
8,0.007662837753411044,1.0,0.06429666467010975,0.5637897751785399
9,0.006112488367679444,1.0,0.23597010225057602,0.664123405083946
10,0.004843052455478094,1.0,0.16815710812807083,0.7195883765143939
11,0.004398609236390753,1.0,0.10756577923893929,0.5637897751785399
12,0.004321898344311525,1.0,0.13067129254341125,0.57798165350068
13,0.003394403262063861,1.0,0.0818971898406744,0.7195883765143939
14,0.00469475106166845,0.9905110284248133,0.1072230264544487,0.7630718954248366
15,0.004345609605397013,1.0,0.11237013339996338,0.8141711454722252
16,0.003081092399291017,1.0,0.056907944614067674,0.6446078431372549
17,0.002868938704275272,1.0,0.11537782102823257,0.7630718954248366
18,0.0019914078240452163,1.0,0.05570137148606591,0.7421543931988102
19,0.001984260971022939,1.0,0.05813568347366527,0.7630718954248366
20,0.0018887665831822562,1.0,0.06346826429944485,0.6547396453187238
21,0.001800409560515122,1.0,0.061301931738853455,0.8141711454722252
22,0.0018605721442409877,1.0,0.25602877140045166,0.6819554790624095
23,0.010489733175332234,0.987393479701172,0.20584015548229218,0.6446078431372549
24,0.047311316836964,0.8399088330807094,0.09441493451595306,0.7899069468179218
25,0.02507576837458394,0.8920115886722173,0.050706790992990136,0.8141711454722252
