,train_loss,train_score,valid_loss,valid_score
1,0.672212228178978,0.0,0.656037449836731,0.0
2,0.5663434416055679,0.32450956572593465,0.5639578402042389,0.0
3,0.4686126187443733,0.5829623477633634,0.4661819636821747,0.29530205277576554
4,0.3763122037053108,0.7773197485581425,0.3756069168448448,0.6497558082987058
5,0.2945559322834015,0.8218227729608544,0.30265994742512703,0.5335511537766942
6,0.23090077191591263,0.8707707839849465,0.2715947851538658,0.63996739727502
7,0.18626919388771057,0.938674076853298,0.2553333602845669,0.6298474404507214
8,0.12133047543466091,0.9571664769885428,0.262559212744236,0.6165468019220668
9,0.10076565109193325,0.9571664769885428,0.2772432938218117,0.608265263693434
10,0.07713322341442108,0.9814225308444268,0.2703154757618904,0.6251050331912297
11,0.06741491798311472,0.9937694097483343,0.3263469263911247,0.608265263693434
12,0.04561594873666763,0.9875771574795098,0.2770852968096733,0.6431196942844082
13,0.0382816381752491,1.0,0.28872860223054886,0.6107241726050883
14,0.030040749814361334,1.0,0.3112839534878731,0.584495611232122
