,train_loss,train_score,valid_loss,valid_score
1,0.6717509031295776,0.0,0.6518601775169373,0.0
2,0.5610727816820145,0.3333333333333333,0.5556636303663254,0.0
3,0.4438233971595764,0.6165262456259746,0.4213111698627472,-0.015132228100809603
4,0.35881374031305313,0.7463550552661101,0.2887962833046913,0.47261371507815897
5,0.2652120552957058,0.858150917550382,0.22728807479143143,0.6196222237042267
6,0.19951334968209267,0.9150772842791178,0.20514560863375664,0.6634616902626107
7,0.133707195520401,0.9506686740748921,0.19757221080362797,0.6510608289973957
8,0.10674964264035225,0.9692233691951198,0.21943281963467598,0.6510608289973957
9,0.07349207252264023,0.9753048303966929,0.23685189615935087,0.6728914923303897
10,0.051806628704071045,0.9875771574795098,0.2842136323451996,0.6614583333333334
11,0.047671752981841564,0.9814225308444268,0.2996642366051674,0.6107241726050883
12,0.03644269844517112,0.9875771574795098,0.3033314496278763,0.6504945145460738
13,0.032106438651680946,0.9875771574795098,0.3192894868552685,0.6251050331912297
14,0.02773341443389654,0.9875771574795098,0.3548206463456154,0.608265263693434
15,0.024765715468674898,0.9875771574795098,0.3545878008008003,0.600245047998781
16,0.01942933420650661,0.9875771574795098,0.3480695579200983,0.6165468019220668
17,0.020474701654165983,0.9875771574795098,0.3268001452088356,0.6107241726050883
18,0.018275771057233214,0.9875771574795098,0.34647879004478455,0.633956626516484
19,0.016992472345009446,0.9937694097483343,0.364374790340662,0.6165468019220668
