,train_loss,train_score,valid_loss,valid_score
1,0.6304666996002197,0.22184061271314914,0.6474119126796722,0.2683870161053685
2,0.3456456661224365,0.7034567697380286,0.6385658979415894,0.29197858123689185
3,0.24203097323576608,0.8538816803577841,0.6213114261627197,0.36254007170247404
4,0.16360961397488913,0.8883363181483769,0.2997851148247719,0.39444674582777034
5,0.12040408949057262,0.9357142551162902,0.2418621927499771,0.42325727909454847
6,0.08900831391414006,0.9410920412812451,0.4776305556297302,0.40834232179223307
7,0.05465048675735792,0.9705671333715453,0.4277477413415909,0.32681821380153925
8,0.035722448801000915,0.9882348845970288,0.33219361305236816,0.3365955564582679
9,0.02666830209394296,1.0,0.4320385605096817,0.32681821380153925
10,0.024124298244714737,1.0,0.5754601657390594,0.31750746912015265
11,0.01857245247811079,1.0,0.44893380999565125,0.32681821380153925
12,0.015633498628934223,1.0,0.6272044777870178,0.3909342363010492
13,0.012580586907764276,1.0,0.5278841853141785,0.40132865562736186
14,0.011100804433226585,1.0,0.4325403422117233,0.3577494593915404
15,0.006814166748275359,1.0,0.33990851044654846,0.3577494593915404
