,train_loss,train_score,valid_loss,valid_score
1,0.5709881782531738,0.34594550662948226,0.8618272741635641,0.3651803767685046
2,0.32214892903963727,0.7198912662370275,0.8822101751963297,0.34431747327238016
3,0.2369015763203303,0.847482507775365,0.7584158778190613,0.38999731037265123
4,0.14643511672814688,0.8958696997539117,0.6806567907333374,0.38162009610383446
5,0.11576136946678162,0.9567172612055053,0.6683402260144552,0.43128918931735816
6,0.0853433646261692,0.9753048303966929,0.6004531383514404,0.43562091370503736
7,0.05611671259005865,0.9692233691951198,0.5870028138160706,0.48982445066940583
8,0.03146970644593239,0.9937694097483343,0.5333213905493418,0.4819822137441151
9,0.029328520099322002,0.9937694097483343,0.4965695043404897,0.4881063797123407
10,0.021016466120878857,1.0,0.6040195425351461,0.4285085898319191
11,0.017326326419909794,1.0,0.6779009898503622,0.4445478466063146
12,0.012887197857101759,1.0,0.805695652961731,0.43330960793484014
13,0.013684126858909925,1.0,0.5718651215235392,0.4645484255868549
14,0.007710571556041638,1.0,0.6328511238098145,0.4944001533099698
15,0.009836985108753046,1.0,0.4883469045162201,0.5214562695205918
16,0.0065616693658133345,1.0,0.42140190800031024,0.5362630658899051
17,0.007743029079089562,1.0,0.4893081883589427,0.5287431168515262
18,0.004936461026469867,1.0,0.42617227633794147,0.5362630658899051
19,0.01375857787206769,0.9937694097483343,0.4624924163023631,0.5603645555564457
20,0.005822777437667052,1.0,0.35089195768038434,0.5440298285169028
21,0.006884949281811714,1.0,0.44175465901692706,0.5110554767815644
22,0.006126277769605319,1.0,0.40910637378692627,0.5440298285169028
23,0.005663943011313677,1.0,0.40304309626420337,0.5287431168515262
24,0.00466202525421977,1.0,0.40130113313595456,0.5008722801238833
25,0.0040950878368069725,1.0,0.48795753717422485,0.5362630658899051
26,0.0041178446263074875,1.0,0.4567817747592926,0.5143898553985499
27,0.005477162854125102,1.0,0.5715516606966654,0.5075321491867127
28,0.004446551979829867,1.0,0.6057145496209463,0.5075321491867127
29,0.0039494331770886975,1.0,0.44713449974854785,0.5008722801238833
