,train_loss,train_score,valid_loss,valid_score
1,0.5966512759526571,0.289213286388498,0.7584018707275391,0.4237968890675681
2,0.36128006378809613,0.7197263037995433,0.6463681161403656,0.44762444868307133
3,0.24205918113390604,0.8017199437898075,0.5448984205722809,0.4395039840402831
4,0.1659075121084849,0.9020811228553066,0.521065890789032,0.47391869606640696
5,0.12038050591945648,0.9194806296032042,0.409823015332222,0.4648082538023267
6,0.07803876449664433,0.9537318909284785,0.5747584998607635,0.47391869606640696
7,0.05617051695783933,0.9708391914381,0.5752047300338745,0.48341044854730425
8,0.05106778504947821,0.9824033179248569,0.6036788523197174,0.5036630526336384
9,0.02563345618546009,0.9941002434954168,0.3635348826646805,0.48341044854730425
10,0.025179201116164524,0.9941002434954168,0.36934344470500946,0.4758390974531845
11,0.021015182758371036,1.0,0.5469071567058563,0.5142311233787904
12,0.012279634674390158,1.0,0.3990270495414734,0.577615534661554
13,0.011736765193442503,1.0,0.3576704263687134,0.577615534661554
14,0.009812812631328901,1.0,0.476878821849823,0.577615534661554
15,0.00821206516896685,1.0,0.2972075417637825,0.5438861892730144
16,0.006901373000194629,1.0,0.32179372012615204,0.5602287114655289
17,0.0066904909908771515,1.0,0.3857851177453995,0.5602287114655289
18,0.005731431224072973,1.0,0.33034658432006836,0.5602287114655289
19,0.004730265665178497,1.0,0.21859089052304626,0.5602287114655289
20,0.008104835171252489,1.0,0.22050154814496636,0.5777547299749907
21,0.004556474819158514,1.0,0.3922537714242935,0.5099413263667371
22,0.003758522216230631,1.0,0.2344469539821148,0.5099413263667371
23,0.004020635271444917,1.0,0.25817956775426865,0.5099413263667371
24,0.004671062730873625,1.0,0.4648929387331009,0.5099413263667371
25,0.003651387601469954,1.0,0.2782110497355461,0.5099413263667371
26,0.0026051466508458057,1.0,0.28766027837991714,0.5602287114655289
27,0.004871022809917728,1.0,0.2868444249033928,0.5777547299749907
28,0.003319835329117874,1.0,0.35842204093933105,0.5099413263667371
29,0.003212035478403171,1.0,0.39334163069725037,0.5099413263667371
30,0.0020629544742405415,1.0,0.39657624065876007,0.5099413263667371
