,train_loss,train_score,valid_loss,valid_score
1,0.6082245906194051,0.23271463278003482,0.637952446937561,0.3642170228128409
2,0.3298821846644084,0.7136980734217048,0.5814028978347778,0.3115557630088911
3,0.23277758061885834,0.8427336805621943,0.43508484959602356,0.39444674582777034
4,0.14914059142271677,0.8940547620901788,0.366049125790596,0.3814485014365837
5,0.10579627752304077,0.9475587393582686,0.5434795618057251,0.5007062118645611
6,0.06773593525091808,0.9647673127600186,0.3867734521627426,0.48793309347051234
7,0.04557913665970167,0.9882348845970288,0.47314636409282684,0.48793309347051234
8,0.03441116400063038,0.9882348845970288,0.35325729101896286,0.48793309347051234
9,0.032257028544942536,0.9882348845970288,0.546526312828064,0.48793309347051234
10,0.018708313815295696,0.9941002434954168,0.44948524236679077,0.48793309347051234
11,0.016295169790585835,0.9941002434954168,0.585180014371872,0.4489184466463736
12,0.015440916332105795,0.9941002434954168,0.34784068167209625,0.46266734535479903
13,0.009759075939655304,1.0,0.3290059193968773,0.46266734535479903
14,0.00847630746041735,0.9941002434954168,0.28971317037940025,0.46266734535479903
15,0.008800427118937174,1.0,0.43789561092853546,0.46266734535479903
