,train_loss,train_score,valid_loss,valid_score
1,0.6035855015118917,0.22886885410853175,0.6897682845592499,0.5195718646428538
2,0.3585901955763499,0.692522096730562,0.7161120176315308,0.4028522259667763
3,0.26761771738529205,0.7722787418478559,0.6374337077140808,0.42410405962884296
4,0.1813274621963501,0.8817185497302832,0.588595986366272,0.45605174407879523
5,0.12076262136300404,0.9125375165444561,0.3685232475399971,0.47391869606640696
6,0.08601158608992894,0.9647673127600186,0.4154806584119797,0.48341044854730425
7,0.06561408936977386,0.9766049484994053,0.6182860434055328,0.48341044854730425
8,0.03761253630121549,0.9882348845970288,0.4602385014295578,0.48341044854730425
9,0.030748695135116577,0.9882348845970288,0.7916065156459808,0.48341044854730425
10,0.022543431570132572,1.0,0.8194619417190552,0.4648082538023267
11,0.016674121220906574,0.9941002434954168,0.7549467086791992,0.4648082538023267
