,train_loss,train_score,valid_loss,valid_score
1,0.6742282956838608,0.0,0.6419271528720856,0.0
2,0.5781472772359848,0.3333333333333333,0.6014957875013351,0.0
3,0.4713177978992462,0.652212307652814,0.5340874791145325,0.4727034749547432
4,0.3797578513622284,0.7750202644166216,0.4739654064178467,0.641837866581253
5,0.2953932583332062,0.8567194721542484,0.42794205248355865,0.596745010104818
6,0.22636432573199272,0.9452465944188083,0.4019612669944763,0.5609112290709019
7,0.18706787005066872,0.9506686740748921,0.3661828935146332,0.5534931594531418
8,0.12750709243118763,0.9631774724179828,0.2853494845330715,0.629955586168444
9,0.10363894142210484,0.9814225308444268,0.2400638535618782,0.672983270205322
10,0.0757492408156395,0.9875771574795098,0.23998012766242027,0.629955586168444
11,0.06356054451316595,0.9875771574795098,0.2917246092110872,0.6017939472401159
12,0.04327399842441082,0.9875771574795098,0.313120074570179,0.5930610702436184
13,0.046149048022925854,0.9812691656005564,0.2820828538388014,0.6017939472401159
14,0.034412508364766836,0.9875771574795098,0.19451607763767242,0.6765552237302698
15,0.037372329737991095,0.9753048303966929,0.2585219293832779,0.6625572205938276
16,0.029770992696285248,0.9875771574795098,0.4609707146883011,0.5441335104671947
17,0.027786982944235206,0.9875771574795098,0.5170264691114426,0.5379379977072538
18,0.02732178708538413,0.9875771574795098,0.46258024498820305,0.5259229283002776
19,0.021760969422757626,0.9875771574795098,0.4356765151023865,0.5325216277702775
20,0.029473415575921535,0.9814225308444268,0.332272432744503,0.6017939472401159
21,0.018353772815316916,0.9937694097483343,0.3845302574336529,0.5850606822120846
22,0.020439230371266603,0.9937694097483343,0.3135550357401371,0.6166610834962741
23,0.015794062754139304,0.9937694097483343,0.32970796525478363,0.6252158183109637
24,0.011818622355349362,0.9937694097483343,0.3201555386185646,0.643223338923786
