,train_loss,train_score,valid_loss,valid_score
1,0.56143852074941,0.3644200351057984,0.8068608939647675,0.3656933382590648
2,0.31315601865450543,0.7704694597489229,0.7921741008758545,0.2934867182369802
3,0.2387018452088038,0.8435660103261196,0.7505890429019928,0.31963601590330637
4,0.14676009118556976,0.894493885280747,0.6919312477111816,0.4028522259667763
5,0.11039474109808604,0.9306246992794481,0.7507047057151794,0.4395039840402831
6,0.07632169251640637,0.9708391914381,0.6971434950828552,0.431670023615175
7,0.05120715623100599,0.9882348845970288,0.8456544876098633,0.4097099789582415
8,0.03039715439081192,0.9882348845970288,0.7504709661006927,0.4097099789582415
9,0.02295604534447193,0.9941002434954168,0.45562276616692543,0.431670023615175
10,0.024295758455991745,0.9941002434954168,0.4694105237722397,0.4648082538023267
11,0.013478454512854418,1.0,0.6847085058689117,0.47391869606640696
12,0.009921542989710966,1.0,0.5000630170106888,0.43310156216805623
13,0.011764036181072393,1.0,0.4738524258136749,0.48793309347051234
14,0.009054515355577072,1.0,0.40799273550510406,0.5503495392790071
15,0.006060771488895019,1.0,0.5150927305221558,0.5503495392790071
16,0.004884934828927119,1.0,0.29412139020860195,0.5636018619766345
17,0.004894767577449481,1.0,0.6341602802276611,0.577615534661554
18,0.006111479985217254,1.0,0.23121962510049343,0.5438861892730144
19,0.003877985446403424,1.0,0.21241371845826507,0.5285918551699038
20,0.0040933505321542425,1.0,0.47419406473636627,0.5142311233787904
21,0.003884532411272327,1.0,0.2667965851724148,0.5438861892730144
22,0.003265959365914265,1.0,0.35949137806892395,0.5285918551699038
23,0.0032057727221399546,1.0,0.4680836945772171,0.48793309347051234
24,0.0029480221370855966,1.0,0.3668052852153778,0.5142311233787904
25,0.0023052600057174764,1.0,0.5005543529987335,0.5007062118645611
26,0.0028304312533388534,1.0,0.2779565821401775,0.48793309347051234
27,0.004093352782850464,1.0,0.2961565777659416,0.48793309347051234
