,train_loss,train_score,valid_loss,valid_score
1,0.5961489578088125,0.31289135895109926,0.9146063923835754,0.2901201613628344
2,0.3179789185523987,0.741219436742258,0.9579680860042572,0.3025558234859087
3,0.21272593239943186,0.8673284331522074,0.8674287497997284,0.41016981072918113
4,0.1528822978337606,0.9001808023903553,0.5219826847314835,0.48376941482004465
5,0.11532189697027206,0.913179019271519,0.4679946303367615,0.5380870867205206
6,0.07102327421307564,0.9766049484994053,0.3639475703239441,0.5778768085322478
7,0.05025213584303856,0.9824033179248569,0.5476037859916687,0.5638760540930623
8,0.029731210321187973,0.9824033179248569,0.4723265469074249,0.5927200369557475
9,0.024051998431483906,0.9941002434954168,0.3329683467745781,0.544172385853091
10,0.025531625375151634,0.9941002434954168,0.33625471591949463,0.544172385853091
11,0.01811225401858489,1.0,0.35936595499515533,0.544172385853091
12,0.011512272991240025,1.0,0.3567478656768799,0.5288932361229772
13,0.00811202498152852,1.0,0.4972274899482727,0.5288932361229772
14,0.009458307487269243,1.0,0.3978775888681412,0.544172385853091
15,0.008473992968599001,1.0,0.30682725459337234,0.5780094768945447
16,0.005860117496922612,1.0,0.5854728817939758,0.5780094768945447
17,0.004584050892541806,1.0,0.27181465923786163,0.5780094768945447
18,0.006278130769108732,1.0,0.3401003032922745,0.5780094768945447
