,train_loss,train_score,valid_loss,valid_score
1,0.5616093873977661,0.33964131080800936,0.8208567798137665,0.42410405962884296
2,0.3189871509869893,0.7059921893074425,0.7012350559234619,0.36007202160720253
3,0.2535335620244344,0.8120737821737859,0.5263107568025589,0.4167891976696585
4,0.18237214783827463,0.8761231727612123,0.5832203775644302,0.5036630526336384
5,0.11549843102693558,0.9357142551162902,0.3957614153623581,0.5636018619766345
6,0.10076153029998143,0.9589996891034891,0.41193245351314545,0.5636018619766345
7,0.054177513966957726,0.9824033179248569,0.4539298117160797,0.5636018619766345
8,0.036030360187093415,0.9941002434954168,0.331703782081604,0.6251050331912297
9,0.029172800481319427,0.9941002434954168,0.5741449892520905,0.6251050331912297
10,0.02266567200422287,1.0,0.37341971695423126,0.6431196942844082
11,0.014350046714146933,1.0,0.4590795338153839,0.6431196942844082
12,0.010110204108059406,1.0,0.38245251774787903,0.6251050331912297
13,0.014841690969963869,1.0,0.6217670738697052,0.6251050331912297
14,0.008936374448239803,1.0,0.46983522176742554,0.6251050331912297
15,0.01019111710290114,1.0,0.28729191422462463,0.5924719553724154
16,0.007447137807806333,1.0,0.33222824335098267,0.6624609340663695
17,0.004709579360981782,1.0,0.23294523730874062,0.6624609340663695
18,0.003991175132493178,1.0,0.19533357676118612,0.6833094209111142
19,0.0053519317880272865,1.0,0.20327557995915413,0.6833094209111142
20,0.0042449720203876495,1.0,0.21575087681412697,0.6833094209111142
21,0.0029631725822885833,1.0,0.31313638389110565,0.6833094209111142
22,0.00276864351083835,1.0,0.5069877505302429,0.6833094209111142
23,0.003613502330457171,1.0,0.5151396691799164,0.6833094209111142
24,0.003009987839808067,1.0,0.40430623292922974,0.6833094209111142
25,0.00329588718401889,1.0,0.21717814728617668,0.6833094209111142
26,0.0022538325283676386,1.0,0.18333501159213483,0.6833094209111142
27,0.0033597576742370925,1.0,0.18872743472456932,0.6833094209111142
28,0.00282234240633746,1.0,0.3565189689397812,0.6833094209111142
