,train_loss,train_score,valid_loss,valid_score
1,0.5871268510818481,0.33779747428442325,0.7628652850786845,0.4752865513439579
2,0.37003399928410846,0.6637705828714419,0.6801007191340128,0.4445478466063146
3,0.2335614562034607,0.8076714518121242,0.6091891527175903,0.4228734361228839
4,0.17441222071647644,0.8958696997539117,0.6663395961125692,0.39573289151178864
5,0.12077239900827408,0.9442111532158908,0.5910841524600983,0.44373301817595157
6,0.08766951163609822,0.9571664769885428,0.48422786593437195,0.49348826012935876
7,0.05228347952167193,0.9812691656005564,0.3776831328868866,0.531899504527954
8,0.039974145591259,0.9814225308444268,0.41977643966674805,0.5379379977072538
9,0.025188462808728218,0.9875771574795098,0.3810173620780309,0.520265981714472
10,0.0165413748472929,1.0,0.5516282021999359,0.520265981714472
11,0.014909336343407631,1.0,0.5857524871826172,0.520265981714472
12,0.014964151196181774,1.0,0.5120414892832438,0.5132565065402932
13,0.007340075292934974,1.0,0.4729560613632202,0.5259229283002776
14,0.008179322971651951,1.0,0.38908056418100995,0.5259229283002776
15,0.007597590486208598,1.0,0.4667372703552246,0.5259229283002776
16,0.007143992930650711,1.0,0.5034541189670563,0.5259229283002776
17,0.004724931127081315,1.0,0.42067330082257587,0.5393094725068078
18,0.005775985307991505,1.0,0.49322160085042316,0.5325216277702775
19,0.0045070708729326725,1.0,0.29360819856325787,0.568563056552301
20,0.003767832570398847,1.0,0.36513131856918335,0.568563056552301
21,0.003661201257879535,1.0,0.38043396174907684,0.568563056552301
22,0.0040867010441919165,1.0,0.3108417789141337,0.5764620746930896
23,0.004441374136755864,1.0,0.33366023500760394,0.5764620746930896
24,0.005198455570886533,1.0,0.37160516778628033,0.5764620746930896
25,0.003676489694043994,1.0,0.3487327496210734,0.5930610702436184
26,0.002428600797429681,1.0,0.34400781492392224,0.5930610702436184
27,0.004313745613520344,1.0,0.27502518395582837,0.5930610702436184
28,0.0026908802489439645,1.0,0.24049239854017893,0.5930610702436184
29,0.003289980348199606,1.0,0.2980871597925822,0.5930610702436184
30,0.0027782957768067718,1.0,0.25165822884688777,0.5930610702436184
31,0.0027177802597483,1.0,0.3753685752550761,0.5846228234139333
32,0.002209090511314571,1.0,0.3224465698003769,0.568563056552301
33,0.0030263427179306746,1.0,0.3895237147808075,0.5393094725068078
34,0.0034186455498759947,1.0,0.32518290479977924,0.568563056552301
35,0.0016097199792663257,1.0,0.38780946532885235,0.5609112290709019
