,train_loss,train_score,valid_loss,valid_score
1,0.5959311525026957,0.2875363722285073,0.6763224601745605,0.5454270335664118
2,0.31882257262865704,0.741219436742258,0.6031658351421356,0.48376941482004465
3,0.21584709485371908,0.8554472217391635,0.5738153159618378,0.38195598133963804
4,0.1569546932975451,0.9069145158583156,0.5156484842300415,0.3978114304253677
5,0.11907347788413365,0.9368979548370131,0.6055353879928589,0.3978114304253677
6,0.08103017508983612,0.9480909262799544,0.6075366139411926,0.38195598133963804
7,0.05677648757894834,0.959403223600247,0.6202297508716583,0.330432696269795
8,0.040653725465138756,0.9882348845970288,0.4179317429661751,0.330432696269795
9,0.026198410739501316,0.9882348845970288,0.6376156806945801,0.3460884507581996
10,0.022264306743939716,0.9941002434954168,0.4911789447069168,0.3630334812883295
11,0.0198153518140316,0.9941002434954168,0.6214156150817871,0.3720584638714941
