,train_loss,train_score,valid_loss,valid_score
1,0.6163171728452047,0.2066397997289029,0.6799222528934479,0.5261437908496732
2,0.3001360495885213,0.7636067919937609,0.6768800318241119,0.3814618135566235
3,0.2116929590702057,0.858951081892108,0.7086660861968994,0.3814618135566235
4,0.15151611467202505,0.8950594241477494,0.45101678371429443,0.4534435128398129
5,0.1048791582385699,0.9306246992794481,0.4577086567878723,0.4758390974531845
6,0.07980175067981084,0.9708391914381,0.4308663159608841,0.48793309347051234
7,0.057115973283847175,0.9708391914381,0.29792173206806183,0.5285918551699038
8,0.039130556086699166,0.9824033179248569,0.6007779091596603,0.5007062118645611
9,0.030104488134384155,0.9941002434954168,0.28754495084285736,0.5438861892730144
10,0.02091643710931142,0.9941002434954168,0.5600306540727615,0.5281862745098039
11,0.016023964000244934,0.9941002434954168,0.2940947264432907,0.5281862745098039
12,0.011703330092132092,1.0,0.2086698729544878,0.5281862745098039
13,0.010390259325504303,1.0,0.3144156485795975,0.46266734535479903
14,0.007875070751955112,1.0,0.39882946014404297,0.5285918551699038
15,0.008917255016664663,1.0,0.26412486750632524,0.5142311233787904
16,0.004365749657154083,1.0,0.5036838054656982,0.5142311233787904
17,0.006643414807816346,1.0,0.5398934185504913,0.5007062118645611
18,0.005979121507455905,1.0,0.5060321092605591,0.5007062118645611
19,0.0043590945812563104,1.0,0.38587425649166107,0.5142311233787904
