,train_loss,train_score,valid_loss,valid_score
1,0.5740863581498464,0.3081107888661842,0.8135664761066437,0.33628963397013306
2,0.29612048467000324,0.7711908715489054,0.7702126801013947,0.31126486012524596
3,0.1897941380739212,0.8886197283681145,0.6631852686405182,0.3500700210070024
4,0.1569193204243978,0.9130451306084365,0.5471479296684265,0.33178344441917496
5,0.1134719376762708,0.9296691481959191,0.7468127906322479,0.34045327482409776
6,0.0646791160106659,0.9649730398995616,0.42186708748340607,0.36907119129136307
7,0.04283426826198896,0.9653072991634228,0.8746455907821655,0.35905560783691276
8,0.03644592190782229,0.9941348467724344,0.5926563739776611,0.3796283011826483
9,0.024732877189914387,0.9941348467724344,0.4229237288236618,0.3907849789186796
10,0.01919709953169028,1.0,0.45465679466724396,0.36907119129136307
11,0.01404121114561955,1.0,0.42745865881443024,0.3907849789186796
12,0.012934795580804348,1.0,0.33014061860740185,0.35905560783691276
13,0.008919135046501955,1.0,0.6079241037368774,0.36907119129136307
14,0.008388014044612646,1.0,0.7374879419803619,0.4285804643485892
15,0.008874983837207159,1.0,0.6725566536188126,0.4285804643485892
16,0.006759959893922011,1.0,0.3179970271885395,0.4285804643485892
17,0.010691644934316477,1.0,0.39003854990005493,0.45834924851410563
18,0.006100361701101065,1.0,0.3182601183652878,0.4285804643485892
19,0.005910108642031749,1.0,0.39988933503627777,0.44292861559616115
20,0.0040372937607268495,1.0,0.30872368067502975,0.4151763331157281
21,0.0042959414422512054,1.0,0.38984861969947815,0.4151763331157281
22,0.005070874622712533,1.0,0.472993940114975,0.4151763331157281
23,0.005469352627793948,1.0,0.7418989092111588,0.3907849789186796
24,0.0034379676605264344,1.0,0.5461622476577759,0.4026083101346738
25,0.0030977006535977125,1.0,0.8745597898960114,0.4026083101346738
26,0.003075992843757073,1.0,0.511840745806694,0.4026083101346738
27,0.004201977824171384,1.0,0.3894592970609665,0.44292861559616115
