,train_loss,train_score,valid_loss,valid_score
1,0.5646510024865469,0.2770208990670883,0.711641808350881,0.5025236582327229
2,0.30648257335027057,0.7347661117433616,0.69296262661616,0.4108262117821692
3,0.23071403801441193,0.8302707875325053,0.607119748989741,0.418783556603021
4,0.171973650654157,0.9131422790456201,0.6339259545008341,0.43128918931735816
5,0.11982116351524989,0.901127113779166,0.5953385929266611,0.4270410297145852
6,0.11038787414630254,0.9446544968971894,0.5270452598730723,0.43128918931735816
7,0.08365443348884583,0.9452465944188083,0.5723485747973124,0.4445478466063146
8,0.04190677280227343,0.9814225308444268,0.6477478345235189,0.4102975359464158
9,0.030957551052172978,0.9875771574795098,0.5264975825945536,0.4285085898319191
10,0.023880962282419205,1.0,0.440640648206075,0.4702106105857971
11,0.021419813235600788,1.0,0.46559711297353107,0.4944001533099698
