,train_loss,train_score,valid_loss,valid_score
1,0.6171016295750936,0.29070094986690553,0.8467824459075928,0.3773900815565891
2,0.3506910701592763,0.7398424647244785,0.7252758145332336,0.431670023615175
3,0.24728065729141235,0.8069954997672732,0.5311390161514282,0.4648082538023267
4,0.17106604079405466,0.8826462841512007,0.5266503542661667,0.5036630526336384
5,0.13182181616624197,0.9250384870542661,0.4010290205478668,0.5144957554275265
6,0.09864959120750427,0.9537318909284785,0.4603123068809509,0.5144957554275265
7,0.06235465159018835,0.9824033179248569,0.6714833676815033,0.4933139302473538
8,0.04068735179801782,0.9882348845970288,0.46236591041088104,0.5503495392790071
9,0.044660271455844246,0.9941002434954168,0.4699043929576874,0.577615534661554
10,0.027195295318961143,0.9882348845970288,0.4007970988750458,0.608265263693434
11,0.018374751321971416,0.9941002434954168,0.342917338013649,0.5602287114655289
12,0.014847544642786184,1.0,0.23217512667179108,0.5777547299749907
13,0.011320137418806553,1.0,0.34379880130290985,0.5966253736389256
14,0.010185999795794487,1.0,0.2175137773156166,0.6392167586576692
15,0.010516653768718243,1.0,0.2816219627857208,0.6392167586576692
16,0.0066352107872565584,1.0,0.23822099715471268,0.6392167586576692
17,0.00985755849008759,1.0,0.2894490882754326,0.6392167586576692
18,0.00675053537512819,1.0,0.27024513483047485,0.5966253736389256
19,0.005099007083723943,1.0,0.3671404644846916,0.5966253736389256
20,0.004927871748805046,1.0,0.33870428800582886,0.5966253736389256
21,0.004964894770334165,1.0,0.5944759920239449,0.5966253736389256
22,0.004970923997461796,1.0,0.3075369596481323,0.6392167586576692
23,0.0035418133872250714,1.0,0.19173016771674156,0.6392167586576692
24,0.004358499155690272,1.0,0.2529199421405792,0.6392167586576692
