,train_loss,train_score,valid_loss,valid_score
1,0.6706726849079132,0.0,0.5888344645500183,0.0
2,0.5612181574106216,0.30019150975458253,0.5239949077367783,0.0
3,0.450299896299839,0.6067618395694334,0.42825108766555786,0.0
4,0.34567833691835403,0.7643025682552586,0.33033061027526855,0.6088825085020723
5,0.25985972955822945,0.8526051273426606,0.2742757424712181,0.6197243139311088
6,0.18965156376361847,0.9217976907429088,0.258474987000227,0.596745010104818
7,0.14768673852086067,0.9393364366277243,0.32106058672070503,0.6166610834962741
8,0.10088672861456871,0.9571664769885428,0.3282903917133808,0.6083829962530759
9,0.08528697304427624,0.9571664769885428,0.3757265582680702,0.5777466648897325
10,0.07133656740188599,0.9631774724179828,0.3722089156508446,0.5850606822120846
11,0.04676300147548318,0.9692233691951198,0.3924209251999855,0.5777466648897325
12,0.04175546579062939,0.9753048303966929,0.40477095544338226,0.5777466648897325
13,0.029737771023064852,0.9753048303966929,0.3840019553899765,0.5925964635077338
14,0.026863573119044304,0.9753048303966929,0.33850012719631195,0.5925964635077338
15,0.023398766526952386,0.9753048303966929,0.317595386877656,0.6340638669746456
16,0.023532222723588347,0.9814225308444268,0.3400157392024994,0.6003661886212118
17,0.018608257174491882,0.9875771574795098,0.3552819825708866,0.6003661886212118
18,0.018210376845672727,0.9875771574795098,0.3422267213463783,0.6003661886212118
19,0.01862413063645363,0.9875771574795098,0.3718522898852825,0.6003661886212118
20,0.013658709591254592,0.9875771574795098,0.34112498909235,0.6166610834962741
21,0.013058266136795282,0.9875771574795098,0.3357161581516266,0.6003661886212118
22,0.012560439994558692,0.9875771574795098,0.3801162913441658,0.6003661886212118
23,0.012172942981123924,0.9875771574795098,0.4004802629351616,0.5850606822120846
24,0.010888044605962932,0.9875771574795098,0.401017639786005,0.5925964635077338
25,0.011125857126899064,0.9875771574795098,0.38647477328777313,0.5925964635077338
