,train_loss,train_score,valid_loss,valid_score
1,0.6282011667887369,0.2933651867845827,0.6313328146934509,0.21479896651739627
2,0.39257632692654926,0.6801016293905597,0.619180291891098,0.44928662532508584
3,0.2648597260316213,0.7764550341721819,0.48574694991111755,0.5261662155060294
4,0.18910427391529083,0.871349240726617,0.41239017248153687,0.5380870867205206
5,0.13885360956192017,0.9306246992794481,0.5097406804561615,0.5010370871791437
6,0.10409502685070038,0.9424797909900143,0.4648609161376953,0.4882783461981246
7,0.07267168412605922,0.9766049484994053,0.5879953354597092,0.4882783461981246
8,0.05143637334307035,0.9941002434954168,0.6706675291061401,0.46473441196683624
9,0.03634632999698321,0.9941002434954168,0.3830975890159607,0.4761985195794939
10,0.0304078571498394,0.9941002434954168,0.4188884198665619,0.5145473852885938
11,0.021312082807223003,1.0,0.350677527487278,0.5010370871791437
12,0.019284499809145927,1.0,0.49422045052051544,0.5010370871791437
13,0.016607438835004967,1.0,0.6684522032737732,0.5010370871791437
14,0.014461745197574297,1.0,0.2714657448232174,0.4363747336214401
