,train_loss,train_score,valid_loss,valid_score
1,0.5964199304580688,0.23499993891779322,0.906395822763443,0.2191142275931717
2,0.3591248591740926,0.7119369481337816,0.9659349322319031,0.2176971494371261
3,0.2584085613489151,0.7964497814422468,0.7657312750816345,0.2191142275931717
4,0.1742091029882431,0.8829030175275209,0.6494569778442383,0.28005601680560194
5,0.13524356484413147,0.9354397857029173,0.7470282465219498,0.32348719116573565
6,0.10715239495038986,0.947075209055396,0.6032314449548721,0.35905560783691276
7,0.07240637764334679,0.9767410038007758,0.45396147668361664,0.36907119129136307
8,0.04642645890514056,0.9883036912035246,0.521012932062149,0.4026083101346738
9,0.04676420117417971,0.9883036912035246,0.36486048996448517,0.4285804643485892
10,0.03102426479260127,0.9883036912035246,0.314075268805027,0.45834924851410563
11,0.021240434298912685,0.9941348467724344,0.2437608502805233,0.45834924851410563
12,0.017380968978007633,0.9941348467724344,0.3629099875688553,0.4749967197462726
13,0.013679269390801588,1.0,0.2789916545152664,0.4749967197462726
14,0.010710658195118109,1.0,0.46180447936058044,0.4749967197462726
15,0.010387742581466833,1.0,0.3831583261489868,0.45834924851410563
16,0.008721589421232542,1.0,0.5628634542226791,0.44292861559616115
17,0.007655094998578231,1.0,0.29223212599754333,0.44292861559616115
18,0.006000722448031108,1.0,0.49187444150447845,0.4151763331157281
19,0.006739645420263211,1.0,0.5955842137336731,0.44292861559616115
20,0.006110039694855611,1.0,0.4291268289089203,0.44292861559616115
21,0.00822878209874034,1.0,0.9291439354419708,0.44292861559616115
22,0.004323683989544709,1.0,0.2589121013879776,0.45834924851410563
