,train_loss,train_score,valid_loss,valid_score
1,0.5590604146321615,0.3615705550238887,0.7643041908740997,0.14472465205112425
2,0.3275619645913442,0.7481290972721264,0.8613614141941071,0.36007202160720253
3,0.21884510417779288,0.8445202708239066,0.6931375563144684,0.4028522259667763
4,0.15600692729155222,0.9076163634147758,0.5004752725362778,0.4057458677632036
5,0.11885577936967213,0.9125375165444561,0.39271730184555054,0.4430380116181478
6,0.0897152970234553,0.9537318909284785,0.5157800912857056,0.43310156216805623
7,0.06027362992366155,0.9824033179248569,0.31959130614995956,0.48793309347051234
8,0.053302016109228134,0.9824033179248569,0.5630982518196106,0.4758390974531845
9,0.04389480811854204,0.9824033179248569,0.4305023103952408,0.5142311233787904
10,0.03126334585249424,0.9882348845970288,0.405617818236351,0.5142311233787904
11,0.02272672827045123,0.9941002434954168,0.34366925060749054,0.5007062118645611
12,0.02049988942841689,0.9941002434954168,0.3171825706958771,0.5142311233787904
13,0.012554559235771498,1.0,0.4804714024066925,0.5438861892730144
14,0.015764704284568627,1.0,0.42888493835926056,0.5285918551699038
15,0.010967195654908815,1.0,0.2330806516110897,0.5438861892730144
16,0.00810147620116671,1.0,0.4195253551006317,0.5438861892730144
17,0.007687845267355442,1.0,0.5138387084007263,0.5438861892730144
18,0.009093795592586199,1.0,0.4792085289955139,0.5438861892730144
19,0.006727952199677627,1.0,0.34733201563358307,0.5602287114655289
20,0.009693375478188196,1.0,0.4192408323287964,0.5602287114655289
21,0.005892772460356355,1.0,0.7211410105228424,0.5285918551699038
22,0.006173903898646434,1.0,0.5369966626167297,0.5285918551699038
23,0.00575458553309242,1.0,0.3414618819952011,0.5285918551699038
24,0.008052876684814692,1.0,0.7391494512557983,0.5438861892730144
25,0.005523291882127523,1.0,0.36985546350479126,0.5602287114655289
26,0.004411329825719197,1.0,0.22271235659718513,0.5099413263667371
27,0.004562442423775792,1.0,0.4794304072856903,0.5099413263667371
28,0.004681603362162908,1.0,0.5875319838523865,0.5099413263667371
29,0.004059327611078818,1.0,0.41559237241744995,0.5099413263667371
