,train_loss,train_score,valid_loss,valid_score
1,0.6022483507792155,0.292328149583286,0.6418493787447611,0.5321460109913101
2,0.31948087612787884,0.7490591562755626,0.6449487010637919,0.43562091370503736
3,0.2198286106189092,0.8649360632227278,0.5646113753318787,0.4400393584305503
4,0.18003074328104654,0.8600378041868519,0.45781058073043823,0.4685705407953095
5,0.1103450283408165,0.9217976907429088,0.4201108713944753,0.4737000698838302
6,0.07793588067094485,0.9631774724179828,0.5270628333091736,0.4400393584305503
7,0.05255440870920817,0.9814225308444268,0.5834924181302389,0.4108262117821692
8,0.035499012718598046,0.9937694097483343,0.6664373675982157,0.4228734361228839
9,0.024850178509950638,1.0,0.7244601249694824,0.4400393584305503
10,0.0185936043659846,1.0,0.7018304467201233,0.4400393584305503
11,0.015790337696671486,1.0,0.5439804097016653,0.46355524515544033
