,train_loss,train_score,valid_loss,valid_score
1,0.583247979482015,0.27048406140277037,0.6459663112958273,0.07582465843181822
2,0.35271764794985455,0.7237792551989938,0.5929315884908041,0.5014923236771917
3,0.25848037004470825,0.8036204364037824,0.4415283401807149,0.5443134111742758
4,0.1734110713005066,0.9092562255627332,0.33885713418324787,0.553418463712477
5,0.13529526690642038,0.9334586382051248,0.30120636026064557,0.5628841571514129
6,0.11932007968425751,0.9506686740748921,0.34952115019162494,0.4889231771507513
7,0.06470496704181035,0.9814225308444268,0.34384170174598694,0.5034368336198725
8,0.0501471608877182,0.9814225308444268,0.41714773575464886,0.4752865513439579
9,0.03414182489116987,0.9937694097483343,0.3548419972260793,0.4960640570867206
10,0.034570708870887756,1.0,0.3527015248934428,0.5034368336198725
11,0.02006021949152152,1.0,0.5097889105478922,0.5034368336198725
12,0.01794309417406718,1.0,0.3791390657424927,0.5287431168515262
13,0.013275728560984135,1.0,0.3727545340855916,0.5440298285169028
14,0.01117343952258428,1.0,0.353242963552475,0.5440298285169028
15,0.011688518958787123,1.0,0.2987588793039322,0.5189351638727756
