,train_loss,train_score,valid_loss,valid_score
1,0.6301933924357096,0.19320245583349133,0.5695419609546661,0.0
2,0.37654314438501996,0.6850155445139683,0.5402860939502716,0.43933823529411764
3,0.2803790867328644,0.7752391454091312,0.5683373510837555,0.31750746912015265
4,0.19450453420480093,0.8950594241477494,0.3661462664604187,0.3814485014365837
5,0.1518185685078303,0.9174167698024717,0.3637314438819885,0.47575057789562814
6,0.12570421397686005,0.936239789701455,0.21276326850056648,0.42325727909454847
7,0.08267113814751308,0.9475587393582686,0.2899726703763008,0.4489184466463736
8,0.05596285810073217,0.9766049484994053,0.5743071585893631,0.4122643249643901
9,0.040903713554143906,0.9882348845970288,0.4000341296195984,0.4122643249643901
10,0.03300702447692553,0.9941002434954168,0.34932541102170944,0.40132865562736186
11,0.028627883022030193,0.9941002434954168,0.3421298712491989,0.4237968890675681
12,0.02154109130303065,0.9941002434954168,0.49300524592399597,0.4359902913851654
13,0.01684420524785916,1.0,0.5930075198411942,0.4237968890675681
14,0.013282247198124727,1.0,0.729213148355484,0.4359902913851654
15,0.012612421065568924,1.0,0.5659247934818268,0.4359902913851654
