,train_loss,train_score,valid_loss,valid_score
1,0.608230451742808,0.2231003264365801,0.6890376408894857,0.4004903744355383
2,0.38343101739883423,0.7094293492694526,0.6760990619659424,0.48341044854730425
3,0.25388023257255554,0.8641895216975064,0.543861985206604,0.5317461901087653
4,0.18489795426527658,0.8611244398211764,0.51897332072258,0.5377877706628422
5,0.14808080593744913,0.9202069495335419,0.47059155503908795,0.525854646498153
6,0.09394670526186626,0.9511897312113419,0.42321544885635376,0.5503495392790071
7,0.06695593148469925,0.9631774724179828,0.40629473328590393,0.5201065620748432
8,0.05371305470665296,0.9875771574795098,0.5821189483006796,0.5144957554275265
9,0.035240846375624336,0.9937694097483343,0.5074356297651926,0.5036630526336384
10,0.027644097184141476,1.0,0.5877229571342468,0.5144957554275265
11,0.020566149925192196,0.9937694097483343,0.439486026763916,0.5317461901087653
12,0.0174851610014836,1.0,0.37427523732185364,0.5705087134100852
13,0.016162407584488392,1.0,0.4598113199075063,0.5849328448987128
14,0.011437010951340199,1.0,0.3385191361109416,0.600245047998781
15,0.011232671017448107,1.0,0.255137600004673,0.633956626516484
16,0.00875124583641688,1.0,0.26952233413855237,0.6431196942844082
17,0.009046449170758327,1.0,0.3145311077435811,0.6431196942844082
18,0.007680460034559171,1.0,0.2665601074695587,0.633956626516484
19,0.008792207576334476,1.0,0.3135133932034175,0.600245047998781
20,0.004887707997113466,1.0,0.38453687230745953,0.5924719553724154
21,0.005722144773850839,1.0,0.4477884570757548,0.5849328448987128
22,0.005906428986539443,1.0,0.3199283878008525,0.5849328448987128
23,0.004865336697548628,1.0,0.4140695631504059,0.5849328448987128
24,0.006305080993721883,1.0,0.3804991940657298,0.5849328448987128
25,0.004567359962190191,1.0,0.341303492585818,0.5849328448987128
26,0.0035413869190961123,1.0,0.44246386488278705,0.5849328448987128
