,train_loss,train_score,valid_loss,valid_score
1,0.5936182836691538,0.28115386694925126,0.9460580945014954,0.22836858702687018
2,0.33116180698076886,0.7508160203114178,1.010446548461914,0.24029567893480488
3,0.22490819295247397,0.8108398009995018,0.9351279735565186,0.27993703312653345
4,0.16090010106563568,0.8774713684868253,0.8225419720013937,0.30528156128133604
5,0.09496882806221645,0.9321425168058358,0.9775422414143881,0.3134844431897036
6,0.05993491783738136,0.9753048303966929,0.9126411080360413,0.34329982011029364
7,0.0461702806254228,0.9937694097483343,0.8748946587244669,0.33445919549030306
8,0.033469354112943016,1.0,0.9134327371915182,0.39350015531594973
9,0.019326739013195038,1.0,0.6561117966969808,0.36784989745902513
10,0.015822536622484524,1.0,0.6360218028227488,0.38026839693906533
11,0.012802498415112495,1.0,0.7329904635747274,0.38457556230723633
12,0.012212425470352173,1.0,0.7104471723238627,0.3934619345083979
13,0.011209556832909584,1.0,0.6993179718653361,0.3861530301234016
14,0.011559419333934784,1.0,0.519873301188151,0.4239978953580341
15,0.008762840957691273,1.0,0.5380378365516663,0.4239978953580341
16,0.0068278514469663305,1.0,0.6260986924171448,0.4332491606450983
17,0.004841133796920379,1.0,0.531352698802948,0.4387824883885977
18,0.007661748056610425,1.0,0.6240594486395518,0.4491032374499764
19,0.005511817522346973,1.0,0.5106477936108907,0.4124732825364668
20,0.004898836370557547,1.0,0.5850804646809896,0.40693843407609076
21,0.003835853577281038,1.0,0.5199640790621439,0.41815720438935444
22,0.005463351495563984,1.0,0.5149884720643362,0.4425463504199718
23,0.004572064460565646,1.0,0.4436847468217214,0.4491032374499764
24,0.008255542255938053,1.0,0.5505856275558472,0.455865048283536
25,0.003611978298674027,1.0,0.4524600108464559,0.5034368336198725
26,0.003235197626054287,1.0,0.45980464418729144,0.4889231771507513
27,0.0031247821946938834,1.0,0.5730810562769572,0.48200130997028184
28,0.003396078245714307,1.0,0.4444197366635005,0.48200130997028184
29,0.004114986319715778,1.0,0.5904201368490855,0.48200130997028184
30,0.0020646973280236125,1.0,0.5867312550544739,0.4752865513439579
31,0.002867150275657574,1.0,0.5110551913579305,0.4752865513439579
32,0.0020826487646748624,1.0,0.4527180790901184,0.4752865513439579
33,0.0023455565872912607,1.0,0.41563450793425244,0.4752865513439579
34,0.0044393891779085,1.0,0.5347356100877126,0.4752865513439579
35,0.002080945026439925,1.0,0.48307036360104877,0.4752865513439579
