,train_loss,train_score,valid_loss,valid_score
1,0.6074051161607107,0.3191518257426033,0.8400995433330536,0.3808196875868966
2,0.3409500817457835,0.7546669262716269,0.7458462715148926,0.3979585917202717
3,0.2302565574645996,0.8335901879502877,0.6385635733604431,0.43624696982915667
4,0.17931110163529715,0.8853603087185355,0.6634104251861572,0.43624696982915667
5,0.11346278587977092,0.9372582561247638,0.565845787525177,0.4448156500920858
6,0.0889922355612119,0.9596374079840052,0.5475355386734009,0.4448156500920858
7,0.06098594392339388,0.9653072991634228,0.7204805314540863,0.4448156500920858
8,0.047382060438394547,0.9767410038007758,0.8442143499851227,0.4537426064865151
9,0.034564497570196785,0.9825059384426867,0.43452639877796173,0.5423261445466404
10,0.034874716152747474,0.9941348467724344,0.30102866888046265,0.5711420213538395
11,0.01955042965710163,0.9941348467724344,0.16576094552874565,0.6629075099755672
12,0.013889005097250143,1.0,0.4790188819169998,0.6629075099755672
13,0.015716486300031345,1.0,0.33105549961328506,0.6859943405700353
14,0.010543049313127995,1.0,0.15450136363506317,0.6859943405700353
15,0.009839237046738466,1.0,0.43316174298524857,0.6629075099755672
16,0.009205234547456106,1.0,0.6014498025178909,0.6629075099755672
17,0.012462648873527845,1.0,0.15316353365778923,0.641688947919748
18,0.009131135108570257,1.0,0.18610835820436478,0.6629075099755672
19,0.005760024767369032,1.0,0.17394276708364487,0.6220907522417993
20,0.006465262267738581,1.0,0.1616339422762394,0.6629075099755672
21,0.006800159656753142,1.0,0.13189797848463058,0.6859943405700353
22,0.0058035719363639755,1.0,0.3208382800221443,0.7390659560519331
23,0.005659561138600111,1.0,0.1571420207619667,0.7112540705972631
24,0.004579983185976744,1.0,0.3006698712706566,0.7112540705972631
25,0.005567190547784169,1.0,0.1285051703453064,0.7390659560519331
26,0.003679793095216155,1.0,0.14137884229421616,0.7390659560519331
27,0.0037770086588958898,1.0,0.157449621707201,0.7390659560519331
28,0.005731089351077874,1.0,0.1576974280178547,0.7390659560519331
29,0.003616696068396171,1.0,0.16658062115311623,0.7112540705972631
30,0.0026695017780487738,1.0,0.16533654928207397,0.7112540705972631
31,0.003434293670579791,1.0,0.17321955040097237,0.6629075099755672
32,0.004455141412715117,1.0,0.1961602419614792,0.641688947919748
