,train_loss,train_score,valid_loss,valid_score
1,0.6129612326622009,0.2750214868930281,0.9941108624140421,0.18721421250789386
2,0.3271557192007701,0.7365895075034008,0.9118346373240153,0.30652250154930544
3,0.21926578879356384,0.8526051273426606,0.7696078419685364,0.38373525672362613
4,0.1553935557603836,0.8967147603825576,0.654584010442098,0.4478274785555823
5,0.11329332739114761,0.9511897312113419,0.6608963410059611,0.4649999478699639
6,0.09211995700995128,0.9393364366277243,0.6802615523338318,0.4741046559307605
7,0.07766412819425265,0.9692233691951198,0.6934027671813965,0.46058190411322064
8,0.04244077454010645,0.9814225308444268,0.6005374193191528,0.47894872107935343
9,0.028491447990139324,0.9875771574795098,0.57828821738561,0.4536378766290918
10,0.02272111177444458,1.0,0.6485233704249064,0.4332491606450983
11,0.019142260464529198,1.0,0.46424637238184613,0.43618324728936597
12,0.01214555837213993,1.0,0.4532184600830078,0.455865048283536
13,0.016510647411147755,1.0,0.4093330204486847,0.462843838722842
14,0.01193916859726111,1.0,0.4651205539703369,0.455865048283536
15,0.009318920162816843,1.0,0.5373776157697042,0.462843838722842
16,0.010694562767942747,1.0,0.5192369421323141,0.485218572682344
17,0.00726583506911993,1.0,0.5019195973873138,0.485218572682344
18,0.008983326610177755,1.0,0.4539625147978465,0.485218572682344
19,0.013280354750653109,1.0,0.4490400056044261,0.47750577218910545
20,0.005920241431643565,1.0,0.4841705660025279,0.4932079441838111
21,0.006714074561993281,1.0,0.33700384199619293,0.5014923236771917
22,0.00487780609788994,1.0,0.4713693956534068,0.5014923236771917
23,0.006983144364009301,1.0,0.3776240944862366,0.5100919173201363
24,0.006494767498224974,1.0,0.4392543137073517,0.5100919173201363
25,0.0035964318861564,1.0,0.36592475573221844,0.5100919173201363
26,0.007890505095322927,1.0,0.3597230017185211,0.485218572682344
27,0.0042447099306931095,1.0,0.47174662351608276,0.485218572682344
28,0.004440321354195476,1.0,0.4275970160961151,0.47005268005053724
29,0.004266916386162241,1.0,0.4069022436936696,0.485218572682344
30,0.0030775753936419883,1.0,0.4408474564552307,0.48391896848960253
31,0.005297492413471143,1.0,0.33409930020570755,0.5014923236771917
32,0.00484888053809603,1.0,0.4096165597438812,0.5100919173201363
33,0.012504110733668009,1.0,0.4676256974538167,0.4932079441838111
