,train_loss,train_score,valid_loss,valid_score
1,0.6618700921535492,0.0,0.611120879650116,0.0
2,0.5080531015992165,0.47545098574589506,0.5565749257802963,0.0
3,0.3889700099825859,0.7513482874373728,0.4894711300730705,0.28372939798778896
4,0.2887180522084236,0.8680103687839827,0.40557075291872025,0.5197022532799981
5,0.20482508465647697,0.9102589898327994,0.35228877514600754,0.5228155443854323
6,0.15521194972097874,0.9334586382051248,0.2954392805695534,0.475902401179709
7,0.10067930445075035,0.9692233691951198,0.3314535394310951,0.45087062508130693
8,0.08102474175393581,0.975076180802554,0.2994736433029175,0.4930263378554495
9,0.05095267575234175,0.9814225308444268,0.3103874512016773,0.46620294489796843
10,0.03675813088193536,0.9875771574795098,0.336369801312685,0.5025236582327229
11,0.034649042412638664,0.9875771574795098,0.3523869812488556,0.47517369410934535
12,0.02676341589540243,0.9937694097483343,0.41188134253025055,0.5034368336198725
13,0.017907888861373067,0.9937694097483343,0.4017253741621971,0.5110554767815644
14,0.017603921005502343,0.9937694097483343,0.4471374824643135,0.5008722801238833
15,0.014222105499356985,0.9937694097483343,0.4149532988667488,0.47005268005053724
