,train_loss,train_score,valid_loss,valid_score
1,0.6643966138362885,0.055989251095585425,0.6224438399076462,0.0
2,0.5305345356464386,0.5048781642974013,0.5900656580924988,0.15130688316720062
3,0.4309929460287094,0.7025045561470674,0.5427166521549225,0.6121419179031384
4,0.3289599269628525,0.8542421961772491,0.5139987096190453,0.5143898553985499
5,0.24355700239539146,0.9025419790150203,0.47007931768894196,0.5143898553985499
6,0.17548347637057304,0.9511897312113419,0.43772876262664795,0.4881063797123407
7,0.13920580968260765,0.9567172612055053,0.3507984131574631,0.5110554767815644
8,0.09126495942473412,0.9692233691951198,0.3261786140501499,0.5100919173201363
9,0.07354427129030228,0.9692233691951198,0.3616068661212921,0.47750577218910545
10,0.05660182237625122,0.9814225308444268,0.3969774395227432,0.5214562695205918
11,0.04461111826822162,0.9814225308444268,0.39265502989292145,0.5034368336198725
12,0.0310714696533978,0.9814225308444268,0.3996632695198059,0.5110554767815644
13,0.030941504519432783,0.9875771574795098,0.41440486162900925,0.4960640570867206
