,train_loss,train_score,valid_loss,valid_score
1,0.6241583426793417,0.21666666666666667,0.6881877481937408,0.6170343137254902
2,0.35059277216593426,0.7034802729391341,0.6103609800338745,0.5377877706628422
3,0.27526261409123737,0.8471034807625617,0.4738568216562271,0.608265263693434
4,0.18013128141562143,0.8720235648494905,0.31898079812526703,0.6431196942844082
5,0.12920232862234116,0.9243886531229556,0.2504219114780426,0.6251050331912297
6,0.10102447122335434,0.9250384870542661,0.2601511925458908,0.6251050331912297
7,0.06370240201552708,0.9766049484994053,0.2938367873430252,0.6251050331912297
8,0.042032709966103234,0.9882348845970288,0.3620176762342453,0.608265263693434
9,0.03175264410674572,0.9941002434954168,0.22948314994573593,0.6251050331912297
10,0.026948611562450726,0.9941002434954168,0.22978701442480087,0.6251050331912297
11,0.018860227117935818,0.9941002434954168,0.19254638254642487,0.6251050331912297
12,0.017016454910238583,0.9941002434954168,0.1644605379551649,0.7058823529411765
13,0.012497868078450361,1.0,0.16297608613967896,0.6833094209111142
14,0.011088551642994085,1.0,0.19482001662254333,0.6833094209111142
15,0.00867388971770803,1.0,0.3739158436655998,0.7058823529411765
16,0.008392092306166887,1.0,0.17048924416303635,0.6833094209111142
17,0.009427012099574009,1.0,0.14352445863187313,0.7058823529411765
18,0.005581727717071772,1.0,0.24088653177022934,0.7058823529411765
19,0.006640240627651413,1.0,0.1980241760611534,0.7058823529411765
20,0.0052773042892416315,1.0,0.20812254399061203,0.7058823529411765
21,0.006055930474152167,1.0,0.12035039905458689,0.7058823529411765
22,0.004681984893977642,1.0,0.1202942505478859,0.7058823529411765
