,train_loss,train_score,valid_loss,valid_score
1,0.612286369005839,0.29114029640735845,0.8880053460597992,0.2618950744244545
2,0.3432427644729614,0.7016014959060827,0.6609970331192017,0.44802893545763234
3,0.25775720179080963,0.8143085364345367,0.4835117608308792,0.4240240165734286
4,0.18357297281424204,0.889460083706025,0.3999868482351303,0.4363747336214401
5,0.12003194292386372,0.9306246992794481,0.25791238993406296,0.47767254784449387
6,0.1093506986896197,0.9418842897989322,0.28563331067562103,0.544172385853091
7,0.07312602301438649,0.9824033179248569,0.3266937658190727,0.5261662155060294
8,0.04078070012231668,0.9882348845970288,0.4873112440109253,0.5778768085322478
9,0.024972399075826008,0.9941002434954168,0.24586413986980915,0.5145473852885938
10,0.02565239245692889,0.9941002434954168,0.308929868042469,0.5288932361229772
11,0.021101054425040882,0.9941002434954168,0.22952683083713055,0.5288932361229772
12,0.022714364652832348,1.0,0.28340164572000504,0.544172385853091
13,0.013124296752115091,1.0,0.3634750097990036,0.5284682767598574
14,0.00950713905816277,1.0,0.23034103214740753,0.5780094768945447
15,0.00904184610893329,1.0,0.33467379212379456,0.5968637525437926
16,0.005139259311060111,1.0,0.36950013041496277,0.5968637525437926
17,0.009813729673624039,1.0,0.44642968475818634,0.5968637525437926
18,0.005502127110958099,1.0,0.2870347425341606,0.5284682767598574
19,0.0051909393320480985,1.0,0.46127988398075104,0.5102413789141766
20,0.004180473430703084,1.0,0.28536689281463623,0.5284682767598574
21,0.0038586698162058988,1.0,0.20730137079954147,0.5284682767598574
22,0.004880443215370178,1.0,0.3531085401773453,0.5284682767598574
23,0.004512001294642687,1.0,0.5362492725253105,0.5284682767598574
24,0.004219671556105216,1.0,0.19004977215081453,0.5284682767598574
25,0.0038880761712789536,1.0,0.4583450108766556,0.5284682767598574
