,train_loss,train_score,valid_loss,valid_score
1,0.5913615425427755,0.30565602486509597,0.922600120306015,0.1796567476674042
2,0.31472944219907123,0.7685791141276515,0.867073655128479,0.2688686723173455
3,0.2262784093618393,0.8562809632683642,0.6145856976509094,0.2557041559783794
4,0.15226451555887857,0.9177105704032728,0.5804844200611115,0.31553402384879164
5,0.10361451655626297,0.9474687170017645,0.553678423166275,0.34045327482409776
6,0.07805681476990382,0.9596374079840052,0.3014949709177017,0.3907849789186796
7,0.04965377474824587,0.9767410038007758,0.45127445459365845,0.36907119129136307
8,0.03605215003093084,1.0,0.4416271448135376,0.33178344441917496
9,0.02368183061480522,1.0,0.8275768756866455,0.32348719116573565
10,0.019032465294003487,1.0,0.5726665407419205,0.32348719116573565
11,0.01333935900280873,1.0,0.6414230465888977,0.34045327482409776
12,0.01198276753226916,1.0,0.4452100321650505,0.35905560783691276
13,0.008912590642770132,1.0,0.5415669083595276,0.35905560783691276
14,0.007773569319397211,1.0,0.6712042689323425,0.36907119129136307
15,0.005803580085436503,1.0,0.7114644348621368,0.3907849789186796
16,0.007484120937685172,1.0,0.41081954538822174,0.4026083101346738
17,0.0061401066680749255,1.0,0.4578957110643387,0.3907849789186796
18,0.0046018500191469984,1.0,0.6017659604549408,0.3907849789186796
19,0.003041838916639487,1.0,0.3754557892680168,0.4151763331157281
20,0.003887368676563104,1.0,0.3116024397313595,0.4285804643485892
21,0.003486568806692958,1.0,0.30715665593743324,0.4285804643485892
22,0.004356422151128451,1.0,0.7991207093000412,0.4285804643485892
23,0.0025275179650634527,1.0,0.3538258671760559,0.4285804643485892
24,0.004147842293605208,1.0,0.5149279534816742,0.4285804643485892
25,0.0036260720808058977,1.0,0.3417227864265442,0.4285804643485892
26,0.002536769878740112,1.0,0.361583948135376,0.4285804643485892
27,0.002641000086441636,1.0,0.4326762557029724,0.4285804643485892
28,0.002860874325657884,1.0,0.4353185147047043,0.4151763331157281
29,0.003120140250151356,1.0,0.42734605073928833,0.4151763331157281
30,0.003131226791689793,1.0,0.4431968331336975,0.4151763331157281
