,train_loss,train_score,valid_loss,valid_score
1,0.5414069890975952,0.4139901904982416,0.6297029852867126,0.35842391024152553
2,0.3318576018015544,0.7419189895010428,0.6420505940914154,0.4320968005261913
3,0.2365151196718216,0.8017199437898075,0.8178241848945618,0.3779044929290259
4,0.16828236480553946,0.9181890875398396,0.6295045018196106,0.36719337164057003
5,0.1257154867053032,0.9424797909900143,0.6781564652919769,0.4335160454746275
6,0.09432573368151982,0.959403223600247,0.4891401082277298,0.45383074708429655
7,0.06293583537141482,0.9824033179248569,0.6593944728374481,0.4240240165734286
8,0.056879901637633644,0.9763997362785015,0.5630680322647095,0.4335160454746275
9,0.032363906502723694,1.0,0.7802896201610565,0.45383074708429655
10,0.027843471616506577,1.0,0.46476244926452637,0.4761985195794939
11,0.022522198036313057,1.0,0.6495925188064575,0.46473441196683624
12,0.02390569510559241,1.0,0.4979328066110611,0.4882783461981246
13,0.012493479996919632,1.0,0.5945717394351959,0.46473441196683624
14,0.014928343084951242,1.0,0.5918500423431396,0.46473441196683624
15,0.011585344560444355,1.0,0.6464924216270447,0.4761985195794939
16,0.008788928699990114,1.0,0.497079461812973,0.4882783461981246
17,0.006854595771680276,1.0,0.4613504856824875,0.5010370871791437
18,0.009392521188904842,1.0,0.6521982252597809,0.5010370871791437
19,0.006098685786128044,1.0,0.28138587437570095,0.5145473852885938
20,0.007122343561301629,1.0,0.2595569151453674,0.5145473852885938
21,0.007536945554117362,1.0,0.4296014904975891,0.5145473852885938
22,0.006227828251818816,1.0,0.6377651542425156,0.44928662532508584
23,0.007283295659969251,1.0,0.3871072381734848,0.5145473852885938
24,0.005739280333121617,1.0,0.6455460488796234,0.5145473852885938
25,0.007428500646104415,1.0,0.32870832085609436,0.5145473852885938
26,0.004776619064311187,1.0,0.26512329652905464,0.47767254784449387
27,0.00404772845407327,1.0,0.2911931872367859,0.47767254784449387
28,0.008235123474150896,1.0,0.5434117913246155,0.47767254784449387
29,0.004993655330811937,1.0,0.3537282943725586,0.47767254784449387
