,train_loss,train_score,valid_loss,valid_score
1,0.5935838321844736,0.2810031330289403,0.7992667257785797,0.4882783461981246
2,0.3324114183584849,0.7503190810610212,0.6565806567668915,0.5380870867205206
3,0.236733948191007,0.8229461697420007,0.5067362040281296,0.5148193987604248
4,0.1530807614326477,0.9020811228553066,0.3799774497747421,0.6084998469208687
5,0.13787716130415598,0.9181890875398396,0.3088981807231903,0.56049937918095
6,0.08801705638567607,0.9480909262799544,0.2674741968512535,0.5288932361229772
7,0.06317304447293282,0.9766049484994053,0.2852185368537903,0.544172385853091
8,0.04134708767135938,0.9941002434954168,0.23277250677347183,0.5780094768945447
9,0.026921940346558888,0.9941002434954168,0.1945502832531929,0.5780094768945447
10,0.022679757947723072,0.9941002434954168,0.18380587548017502,0.548253370316599
11,0.01920961154003938,1.0,0.2632172778248787,0.5780094768945447
12,0.013183411210775375,1.0,0.2192157432436943,0.56049937918095
13,0.013154031398395697,1.0,0.2862113416194916,0.56049937918095
14,0.015744954347610474,1.0,0.49959418177604675,0.5288932361229772
