,train_loss,train_score,valid_loss,valid_score
1,0.5980546971162161,0.3335980412037841,0.6770731806755066,0.6067880364121375
2,0.3638080954551697,0.6825956876756727,0.6352427005767822,0.3909342363010492
3,0.2525404741366704,0.8207309674204162,0.5048912316560745,0.4643610034819457
4,0.15904715160528818,0.9069145158583156,0.3653530180454254,0.5099413263667371
5,0.12113308409849803,0.9475587393582686,0.26947013288736343,0.5281862745098039
6,0.09775989751021068,0.9589996891034891,0.2923315465450287,0.3997941617979885
7,0.06517100458343823,0.9705671333715453,0.33350811898708344,0.4567631562849093
8,0.04082772756616274,0.9824033179248569,0.23439092934131622,0.4567631562849093
9,0.03339920317133268,0.9882348845970288,0.34561896324157715,0.5099413263667371
10,0.028509377191464107,0.9941002434954168,0.3678419440984726,0.47733772864664964
11,0.02259877510368824,1.0,0.2648058943450451,0.49304852588361187
