,train_loss,train_score,valid_loss,valid_score
1,0.5269268155097961,0.4020770079059606,0.6968460381031036,0.20623772286407085
2,0.3025022844473521,0.760397530434812,0.7133278250694275,0.3224608291466229
3,0.20285683870315552,0.8390924931508968,0.6190029084682465,0.353878218968862
4,0.13712113350629807,0.9020811228553066,0.5173516124486923,0.353878218968862
5,0.11213564872741699,0.9258200997725515,0.5872035026550293,0.33757303946000017
6,0.06390642747282982,0.9763997362785015,0.7810268998146057,0.3298789308767264
7,0.044415359695752464,0.9824033179248569,0.7856875360012054,0.3298789308767264
8,0.023449937502543133,0.9941002434954168,1.0532879531383514,0.3298789308767264
9,0.018242303902904194,1.0,0.8075442016124725,0.3224608291466229
10,0.01357651005188624,1.0,1.2166255116462708,0.3083762521764126
11,0.012392016438146433,1.0,0.5995982140302658,0.3224608291466229
12,0.01088968695451816,1.0,0.5599646791815758,0.33757303946000017
13,0.010399130793909231,1.0,1.141997516155243,0.353878218968862
