,train_loss,train_score,valid_loss,valid_score
1,0.5866749783356985,0.3037379040151927,0.8175390958786011,0.3630334812883295
2,0.33163469036420185,0.7343537038231921,0.755269855260849,0.31123941591570176
3,0.23526211579640707,0.8476390573054846,0.741433173418045,0.43991964688915264
4,0.1704347680012385,0.8640601296632852,0.6395373940467834,0.4651901645809404
5,0.11672285447518031,0.9194806296032042,0.8265263140201569,0.41723805104625333
6,0.07772701233625412,0.9647673127600186,0.8729192614555359,0.41723805104625333
7,0.048830773681402206,0.9941002434954168,0.8089478313922882,0.424541897310017
8,0.0341746024787426,0.9882348845970288,0.705443263053894,0.5039986096609256
9,0.02325293297568957,1.0,0.5156081467866898,0.4761985195794939
10,0.019535995398958523,1.0,0.6116201430559158,0.41268063830318696
11,0.015390541094044844,1.0,0.5753542482852936,0.41268063830318696
12,0.014606750259796778,1.0,0.642455518245697,0.41268063830318696
13,0.00909115606918931,1.0,0.4874124526977539,0.41268063830318696
14,0.00748203011850516,1.0,0.6610018610954285,0.41268063830318696
15,0.00934142308930556,1.0,0.37700230255723,0.4761985195794939
16,0.006119206237296264,1.0,0.6473867893218994,0.46473441196683624
17,0.006302330177277327,1.0,0.4019664078950882,0.40176063536257084
18,0.004171589311833183,1.0,0.6237656772136688,0.40176063536257084
