,train_loss,train_score,valid_loss,valid_score
1,0.6708513498306274,0.0,0.6025402694940567,0.0
2,0.5784711390733719,0.3275155507547072,0.547092854976654,0.0
3,0.463242344558239,0.7087647126094636,0.5155313685536385,0.57798165350068
4,0.36269232630729675,0.8470839101854909,0.46535517275333405,0.6288281455225324
5,0.278676874935627,0.9217976907429088,0.4391299709677696,0.5684285594316689
6,0.24935513734817505,0.9142874649843183,0.40450724214315414,0.5763311985578294
7,0.17707722261548042,0.9452465944188083,0.3466092422604561,0.5929375676834228
8,0.13511373661458492,0.9753048303966929,0.3569549322128296,0.584495611232122
9,0.10360364429652691,0.9814225308444268,0.358673594892025,0.5929375676834228
10,0.0790965836495161,0.9875771574795098,0.35209232941269875,0.584495611232122
11,0.06309064012020826,0.9875771574795098,0.3802336975932121,0.584495611232122
12,0.05186139978468418,0.9875771574795098,0.3672446794807911,0.5929375676834228
13,0.03705062065273523,0.9875771574795098,0.34562864154577255,0.5929375676834228
14,0.03141148993745446,0.9875771574795098,0.36174295097589493,0.584495611232122
