,train_loss,train_score,valid_loss,valid_score
1,0.5405631562074026,0.37720126739838766,0.7361996471881866,0.46605254355138465
2,0.3191336989402771,0.7740108362275614,0.6896178424358368,0.3834824944236852
3,0.19738757610321045,0.8826462841512007,0.6420097351074219,0.44762444868307133
4,0.1434608226021131,0.9177383319468723,0.3993593752384186,0.47391869606640696
5,0.10012681533892949,0.9353206844342672,0.3267637640237808,0.4534435128398129
6,0.06973408535122871,0.9647673127600186,0.2930329293012619,0.4643610034819457
7,0.06221245601773262,0.9763997362785015,0.5018951594829559,0.525854646498153
8,0.03691602125763893,0.9824033179248569,0.3593784123659134,0.525854646498153
9,0.03460543726881345,0.9882348845970288,0.519266813993454,0.525854646498153
10,0.01863836993773778,1.0,0.8181045353412628,0.48793309347051234
11,0.016133314929902554,0.9941002434954168,0.31239111348986626,0.48793309347051234
12,0.010681284281114737,1.0,0.4383956044912338,0.48793309347051234
13,0.01407318872710069,1.0,0.716695100069046,0.5007062118645611
14,0.010611617006361485,1.0,0.30373747646808624,0.4758390974531845
15,0.010514439394076666,1.0,0.25183818861842155,0.5007062118645611
16,0.005856924457475543,1.0,0.3733069896697998,0.5007062118645611
17,0.006787411402910948,1.0,0.2877921387553215,0.5142311233787904
