,train_loss,train_score,valid_loss,valid_score
1,0.6356522440910339,0.20770355624952191,0.5781053602695465,-0.02878368312517019
2,0.3837394018967946,0.6239013935598929,0.6007857322692871,0.6220907522417993
3,0.26143158475557965,0.8208486475469147,0.5790097713470459,0.47278897170376755
4,0.18001124759515127,0.9026430856345463,0.47551020979881287,0.49365724849494175
5,0.13726008931795755,0.9136794320713105,0.38392913341522217,0.5711420213538395
6,0.09206957370042801,0.9653072991634228,0.4438305050134659,0.5423261445466404
7,0.06976730624834697,0.9767410038007758,0.33607932925224304,0.5291502622129182
8,0.047051905343929924,0.9941348467724344,0.34242211282253265,0.5423261445466404
9,0.035139232873916626,1.0,0.22211281955242157,0.5711420213538395
10,0.02795715257525444,1.0,0.24808777123689651,0.5869734364739604
11,0.024216562509536743,1.0,0.2822969853878021,0.5869734364739604
12,0.01856652709345023,1.0,0.26423429697752,0.6220907522417993
