,train_loss,train_score,valid_loss,valid_score
1,0.6603450328111649,0.055989251095585425,0.5948434323072433,0.0
2,0.5316768288612366,0.40258052415805284,0.4989457502961159,0.0
3,0.41741693764925003,0.7257692844503928,0.4030754715204239,0.3930491888651133
4,0.3097894936800003,0.8433445005002784,0.3334142044186592,0.5197022532799981
5,0.22926218807697296,0.9092562255627332,0.2979719638824463,0.5100919173201363
6,0.16273853182792664,0.9261584224952539,0.273745846003294,0.5443134111742758
7,0.1071598194539547,0.9631774724179828,0.2768757529556751,0.5190289256303792
8,0.07700997218489647,0.9631774724179828,0.30811890959739685,0.5520582735125914
9,0.06121685262769461,0.9631774724179828,0.35384198650717735,0.5362630658899051
10,0.04821090027689934,0.9631774724179828,0.3600960224866867,0.5287431168515262
11,0.041138471104204655,0.9692233691951198,0.40363574028015137,0.5214562695205918
12,0.03157811425626278,0.9692233691951198,0.4371653124690056,0.4881063797123407
13,0.03105384996160865,0.9753048303966929,0.43523185700178146,0.4944001533099698
14,0.024367166915908456,0.9753048303966929,0.4602576866745949,0.5008722801238833
15,0.01956441649235785,0.9875771574795098,0.5086314529180527,0.4944001533099698
16,0.017211916390806437,0.9875771574795098,0.4850815236568451,0.4944001533099698
17,0.015041336184367537,0.9937694097483343,0.5160394161939621,0.5008722801238833
18,0.011451710597611964,0.9937694097483343,0.47821835428476334,0.5075321491867127
