,train_loss,train_score,valid_loss,valid_score
1,0.6352239847183228,0.16687539144058627,0.6373563408851624,0.5475032091645475
2,0.38083815574645996,0.6473077401854854,0.6207288106282552,0.5362630658899051
3,0.2793658475081126,0.7897242316381428,0.5307659904162089,0.4881063797123407
4,0.24207929770151773,0.8600378041868519,0.4098665515581767,0.5534931594531418
5,0.14710894227027893,0.9160133513055991,0.3889201879501343,0.5393094725068078
6,0.10766856124003728,0.9631774724179828,0.39000747601191205,0.5462964156993987
7,0.07226533194382985,0.9692233691951198,0.43376774589220685,0.4944001533099698
8,0.05908124397198359,0.9753048303966929,0.33170144259929657,0.5214562695205918
9,0.04722755899031957,1.0,0.45922213792800903,0.5259229283002776
10,0.02883278951048851,1.0,0.5140447616577148,0.5012432116470543
11,0.022213315591216087,1.0,0.41974779963493347,0.5075321491867127
12,0.021108585099379223,1.0,0.3264600833257039,0.5520582735125914
13,0.01783490398277839,1.0,0.38738179206848145,0.528327804765375
14,0.010880092779795328,1.0,0.4179815153280894,0.5481221566878905
