,train_loss,train_score,valid_loss,valid_score
1,0.5814105768998464,0.3643662752401322,0.9459665417671204,0.25197944499407693
2,0.3402162690957387,0.7050623910475138,0.9096902310848236,0.30187456762788206
3,0.2321608563264211,0.8445202708239066,0.7145677506923676,0.36007202160720253
4,0.15910974144935608,0.8838878310379189,0.5669413805007935,0.4167891976696585
5,0.12916580587625504,0.9139506113139291,0.7792153060436249,0.48341044854730425
6,0.08670282115538915,0.959403223600247,0.5152521431446075,0.4933139302473538
7,0.05805786574880282,0.9766049484994053,0.512466698884964,0.4648082538023267
8,0.048859674483537674,0.9882348845970288,0.658005952835083,0.44762444868307133
9,0.03633540744582812,0.9941002434954168,0.6784505099058151,0.525854646498153
10,0.02349560211102168,0.9941002434954168,0.4974732995033264,0.5636018619766345
11,0.01716908315817515,1.0,0.33070574700832367,0.577615534661554
12,0.013149470401306948,1.0,0.33201444894075394,0.5636018619766345
13,0.011168290550510088,1.0,0.38101840019226074,0.5636018619766345
14,0.009767469950020313,1.0,0.7555298805236816,0.5503495392790071
15,0.013152414001524448,1.0,0.7651515901088715,0.47391869606640696
16,0.0066156890243291855,1.0,0.6394404172897339,0.4933139302473538
17,0.006744401218990485,1.0,0.6171641945838928,0.525854646498153
18,0.008890357722217837,1.0,0.5571540296077728,0.5144957554275265
19,0.007959759018073479,1.0,0.29190409928560257,0.5377877706628422
20,0.005765351311614116,1.0,0.4022388607263565,0.4758390974531845
21,0.0047249686904251575,1.0,0.35034535825252533,0.5142311233787904
