,train_loss,train_score,valid_loss,valid_score
1,0.5643401841322581,0.3826804870420178,0.7097848951816559,0.2743095539121494
2,0.3293382525444031,0.734056959382227,0.6028258204460144,0.4933139302473538
3,0.2444203495979309,0.8414306970734595,0.5396458506584167,0.4933139302473538
4,0.17942151923974356,0.8482950324726336,0.5353406071662903,0.5636018619766345
5,0.12885069847106934,0.9181890875398396,0.3600838780403137,0.577615534661554
6,0.08923764526844025,0.9537318909284785,0.4671882539987564,0.577615534661554
7,0.06122339889407158,0.9766049484994053,0.4127036780118942,0.5377877706628422
8,0.04824754844109217,0.9766049484994053,0.3987196534872055,0.5377877706628422
9,0.03139300085604191,0.9882348845970288,0.3717232123017311,0.5377877706628422
10,0.022001539046565693,0.9941002434954168,0.4230755567550659,0.5377877706628422
11,0.019337914263208706,1.0,0.47615785896778107,0.5503495392790071
12,0.013953294605016708,1.0,0.46538956463336945,0.5503495392790071
13,0.01190606535722812,1.0,0.7113791108131409,0.5503495392790071
14,0.009328649379312992,1.0,0.27127486653625965,0.5503495392790071
15,0.0107025858014822,1.0,0.5421579778194427,0.5503495392790071
