,train_loss,train_score,valid_loss,valid_score
1,0.5762015183766683,0.3796284999285906,0.8192413747310638,0.4491107267521406
2,0.3196905553340912,0.7462320857571486,0.8746991753578186,0.32339055020795043
3,0.24947093427181244,0.8281849174905268,0.8011375069618225,0.3892952242290286
4,0.1700494885444641,0.8901006080178574,0.5116126835346222,0.35905560783691276
5,0.1372001717487971,0.9081476916204329,0.4829624593257904,0.4151763331157281
6,0.11216811090707779,0.9422203377834311,0.4850418269634247,0.4026083101346738
7,0.06523514911532402,0.9710083124552245,0.4608258306980133,0.44292861559616115
8,0.045982081443071365,0.9825059384426867,0.40075747668743134,0.4285804643485892
9,0.03626535584529241,0.9883036912035246,0.6146280318498611,0.4151763331157281
10,0.027154405911763508,0.9941348467724344,0.33471448719501495,0.4151763331157281
11,0.021959557197988033,0.9941348467724344,0.44049490988254547,0.4285804643485892
