,train_loss,train_score,valid_loss,valid_score
1,0.615181585152944,0.3109027396292577,0.7522464394569397,0.4360763805054353
2,0.3631959060827891,0.6981587505901798,0.755975067615509,0.37466752365127554
3,0.26705652475357056,0.7868173740419682,0.6809134284655253,0.403088547053983
4,0.18402245144049326,0.8967147603825576,0.5833341479301453,0.4695064218280435
5,0.1321713626384735,0.9276125895432153,0.48403486609458923,0.45864956927597605
6,0.088442362844944,0.9446544968971894,0.5114258329073588,0.5071720605264959
7,0.061850473284721375,0.9753048303966929,0.4572407106558482,0.5195041035781273
8,0.0762355054418246,0.9753048303966929,0.4015570282936096,0.5214562695205918
9,0.0344676710665226,0.9937694097483343,0.44359421730041504,0.46876788267402686
10,0.030357191960016888,0.9937694097483343,0.3720385581254959,0.4624350877409587
11,0.018892218979696434,0.9937694097483343,0.4942947377761205,0.4960640570867206
12,0.015240024464825789,1.0,0.43259499470392865,0.553418463712477
13,0.01283662828306357,0.9937694097483343,0.3479800919691722,0.528327804765375
14,0.012455307257672152,1.0,0.34023449818293255,0.553418463712477
15,0.00804953339199225,1.0,0.2992302154501279,0.5586808296732301
16,0.009597992990165949,1.0,0.3469097316265106,0.5380155709429176
17,0.007181312267978986,1.0,0.29418101410071057,0.528327804765375
18,0.006180580550183852,1.0,0.3597618291775386,0.5124418872855993
19,0.005118604904661576,1.0,0.289440780878067,0.528327804765375
20,0.003701833231995503,1.0,0.36791407068570453,0.5025236582327229
21,0.006044340630372365,1.0,0.40259427825609845,0.5124418872855993
22,0.008627581099669138,1.0,0.40726513663927716,0.533683257035416
23,0.0045979164230326814,1.0,0.27139386907219887,0.533683257035416
24,0.0033560306765139103,1.0,0.30917009711265564,0.5124418872855993
25,0.004346565576270223,1.0,0.3026321232318878,0.5124418872855993
