,train_loss,train_score,valid_loss,valid_score
1,0.664327085018158,0.15811388300841897,0.5549454092979431,0.0
2,0.4018812874952952,0.5882357548280667,0.5015354305505753,0.6067880364121375
3,0.2923184335231781,0.8143085364345367,0.37993499636650085,0.7058823529411765
4,0.21309047937393188,0.860159298661062,0.31978951394557953,0.6251050331912297
5,0.1571457882722219,0.9306246992794481,0.4230949282646179,0.6624609340663695
6,0.10868010918299358,0.9471601867688781,0.39199429750442505,0.6431196942844082
7,0.08957285682360332,0.9424797909900143,0.379408523440361,0.608265263693434
8,0.05517307544747988,0.9882348845970288,0.27633071690797806,0.577615534661554
9,0.05545117830236753,0.9824033179248569,0.4703245162963867,0.5636018619766345
10,0.04583431035280228,0.9941002434954168,0.4870923161506653,0.5636018619766345
11,0.029931073387463886,0.9941002434954168,0.21193855814635754,0.5924719553724154
12,0.026619746660192806,0.9941002434954168,0.28625141829252243,0.608265263693434
13,0.018855048653980095,0.9941002434954168,0.21425983309745789,0.608265263693434
