,train_loss,train_score,valid_loss,valid_score
1,0.5813640157381693,0.2424541415383046,0.9135399659474691,0.25316226513317286
2,0.32668115695317584,0.7389244436969725,0.8397535681724548,0.2754154085087136
3,0.21868845323721567,0.8516650358758033,0.7613415916760763,0.3575921250141394
4,0.16689539949099222,0.9025419790150203,0.6621074875195821,0.403088547053983
5,0.1157590424021085,0.9567172612055053,0.49404611190160114,0.4285085898319191
6,0.09064494321743648,0.9753048303966929,0.44902095198631287,0.4624350877409587
7,0.046624251951773964,0.9875771574795098,0.3931506971518199,0.46876788267402686
8,0.03618362545967102,0.9875771574795098,0.36382536093393963,0.40309139086966184
9,0.029708197340369225,0.9875771574795098,0.3379764258861542,0.397079943234774
10,0.02214372158050537,0.9937694097483343,0.4152250091234843,0.397079943234774
11,0.017098060809075832,1.0,0.41228605310122174,0.40309139086966184
12,0.010458147463699182,1.0,0.4098580280939738,0.397079943234774
13,0.008819028114279112,1.0,0.5428559978802999,0.397079943234774
14,0.008072716183960438,1.0,0.40132031838099164,0.40309139086966184
15,0.006761108214656512,1.0,0.45759106675783795,0.43618324728936597
16,0.006493246182799339,1.0,0.504512240489324,0.4300036161613409
17,0.005623101877669494,1.0,0.35006654759248096,0.4889231771507513
18,0.007605238351970911,1.0,0.3310403873523076,0.4360763805054353
19,0.005037309291462104,1.0,0.41041116913159686,0.47005268005053724
20,0.005119109371056159,1.0,0.32822367548942566,0.45087062508130693
21,0.00399230335218211,1.0,0.3936424255371094,0.44334472788680357
22,0.0033012303368498883,1.0,0.32306938370068866,0.4199640025103376
23,0.0034339913787941137,1.0,0.26283764590819675,0.4289892579739857
24,0.0037454727571457624,1.0,0.32480835914611816,0.4199640025103376
25,0.002768471914653977,1.0,0.3777428964773814,0.4199640025103376
26,0.0028056642040610313,1.0,0.3057219286759694,0.3908112903405622
27,0.0029656862219174704,1.0,0.45622994502385456,0.4199640025103376
