,train_loss,train_score,valid_loss,valid_score
1,0.610092043876648,0.2692307692307692,0.7345470488071442,0.49304852588361187
2,0.37164053320884705,0.6752661128648465,0.6080425083637238,0.5503495392790071
3,0.2704763859510422,0.7894288310019171,0.5294406712055206,0.5636018619766345
4,0.18903140226999918,0.9069145158583156,0.4290412366390228,0.5924719553724154
5,0.15685299038887024,0.9187696075688819,0.4211307168006897,0.577615534661554
6,0.09551356732845306,0.9708391914381,0.3874792605638504,0.5636018619766345
7,0.07954754680395126,0.9766049484994053,0.5016868412494659,0.5636018619766345
8,0.05365534623463949,0.9824033179248569,0.4737013876438141,0.577615534661554
9,0.0401020422577858,0.9882348845970288,0.4232643097639084,0.608265263693434
10,0.027691398436824482,1.0,0.6074375808238983,0.577615534661554
11,0.024046869327624638,1.0,0.36390526592731476,0.577615534661554
12,0.020845414449771244,1.0,0.2567591927945614,0.577615534661554
13,0.018388643860816956,1.0,0.7084227949380875,0.608265263693434
14,0.014358263152341047,1.0,0.4191875010728836,0.608265263693434
15,0.013023894280195236,1.0,0.2678198367357254,0.6251050331912297
16,0.009408799931406975,1.0,0.3482874482870102,0.6251050331912297
17,0.009537446778267622,1.0,0.27850116416811943,0.6251050331912297
18,0.009491550115247568,1.0,0.529500424861908,0.6251050331912297
19,0.007841533670822779,1.0,0.21403890661895275,0.6431196942844082
20,0.007503222674131393,1.0,0.5304722487926483,0.5777547299749907
21,0.007712904674311479,1.0,0.4961937963962555,0.5777547299749907
22,0.006731134373694658,1.0,0.24709835648536682,0.5777547299749907
23,0.006376620382070541,1.0,0.3596877306699753,0.5777547299749907
24,0.009360003595550856,1.0,0.3535483330488205,0.5777547299749907
25,0.008592936443164945,1.0,0.32323814928531647,0.5777547299749907
26,0.005382006677488486,1.0,0.26637426763772964,0.5777547299749907
27,0.006198802962899208,1.0,0.18841097131371498,0.5966253736389256
28,0.003932855557650328,1.0,0.3187510222196579,0.5966253736389256
29,0.005072726324821512,1.0,0.33291245996952057,0.5966253736389256
