,train_loss,train_score,valid_loss,valid_score
1,0.6692331880331039,0.0562543950463012,0.63519287109375,0.0
2,0.5508872121572495,0.361582700733822,0.5478137135505676,-0.015078423261352735
3,0.44284144788980484,0.6944887043282709,0.4664307311177254,0.42520583424271796
4,0.3307033032178879,0.8071182567923452,0.38790369033813477,0.4834575140903233
5,0.24229821190238,0.8819171036881969,0.3150933086872101,0.4796832965787947
6,0.18003562837839127,0.9276125895432153,0.2914779372513294,0.5124418872855993
7,0.13660556450486183,0.9511897312113419,0.2686963677406311,0.4812405247327725
8,0.08170909993350506,0.9753048303966929,0.24374107271432877,0.4812405247327725
9,0.06586188916116953,0.9753048303966929,0.2826276943087578,0.5190289256303792
10,0.049765802919864655,0.9875771574795098,0.2999469004571438,0.5443134111742758
11,0.03862369479611516,0.9875771574795098,0.31727397441864014,0.5443134111742758
12,0.026207005139440298,0.9937694097483343,0.31313807889819145,0.5443134111742758
13,0.022019984666258097,0.9937694097483343,0.3029356263577938,0.5443134111742758
14,0.02276506321504712,0.9937694097483343,0.2795248292386532,0.5380155709429176
15,0.015111735090613365,0.9937694097483343,0.26876867190003395,0.5586808296732301
16,0.013404147350229323,0.9937694097483343,0.29475548304617405,0.5079109252354275
17,0.011922014877200127,0.9937694097483343,0.2922450639307499,0.5380155709429176
18,0.012713053030893207,0.9937694097483343,0.348983708769083,0.5355452632863152
19,0.010240815812721848,1.0,0.38896799087524414,0.45867123618010747
20,0.00843813142273575,1.0,0.3946123495697975,0.45867123618010747
21,0.007416385808028281,1.0,0.3625616692006588,0.46676537092779546
22,0.008361717336811125,1.0,0.43033650517463684,0.42904988331951016
23,0.009960160474292934,0.9937694097483343,0.48669806867837906,0.4819822137441151
24,0.006798013346269727,1.0,0.5468921773135662,0.484321679558985
25,0.008921934408135712,1.0,0.3853548467159271,0.5110554767815644
