,train_loss,train_score,valid_loss,valid_score
1,0.15108201780345282,0.3348359431509824,0.13559682549614654,0.3941676289122863
2,0.13199282283365524,0.4156265563667055,0.13420438723138164,0.3450305359523081
3,0.12143385884488844,0.47100084280195736,0.1179347878781217,0.5001452923980032
4,0.11238362609165281,0.5128719284801531,0.11298685389831456,0.4952191205087645
5,0.10431732000707937,0.5541118974673914,0.11403234002188137,0.5320689959702092
6,0.09619376253741665,0.5910076650867279,0.11561457607430764,0.5408054513067815
7,0.0869930907458636,0.6387599102233024,0.11457526579065831,0.5774028072846313
8,0.07757901736774057,0.682460334020226,0.107161126649033,0.5770251053614782
9,0.06791722854071024,0.7286084753878489,0.11888371201082445,0.5587444880351515
10,0.05715555371903055,0.7779113479603353,0.13267197089470986,0.5771255428161968
11,0.04756705889944131,0.8222564371031387,0.15756801614883534,0.5799812258264878
12,0.03958534359160959,0.8536690052517306,0.1450833150229502,0.5579345023091378
13,0.033463651057453796,0.8801858239362161,0.16636088222698656,0.5866825157829809
14,0.029327617341477263,0.8959074724087137,0.1701591238482672,0.5632715770726747
15,0.02627851511710296,0.9100119970046554,0.16912473249829624,0.6001996132769334
16,0.024145451981507898,0.9172709433690609,0.16205881190308244,0.5880314186918691
17,0.02224887505018869,0.9240635683683348,0.17052595957680258,0.576597757297213
18,0.0213425643388572,0.9280645442609152,0.17896144198372424,0.600596633331014
19,0.02031817016173083,0.931073310513251,0.19345405104975125,0.5666589822024065
20,0.018999797890542108,0.9366187443347188,0.18883316833371105,0.5964090510995764
21,0.018338189550239047,0.9383276412575478,0.2021345893473176,0.5780696962391587
22,0.018026722762512125,0.9400849892785282,0.198241326213012,0.5734306159259921
23,0.01715674071271303,0.9427496653742865,0.19955114653937706,0.5699900120632598
24,0.01637590179022972,0.9447885617285608,0.19386589284109113,0.5846844246845836
25,0.016236725464747692,0.9475527476821454,0.19387364035363921,0.5848852950046382
26,0.01579424248883744,0.9479939607491111,0.20111007643270196,0.5906955476035645
27,0.01513172952267398,0.9503415272309069,0.20079791034543448,0.5905331441222567
28,0.015573718776207326,0.9496911381639809,0.21284263287967592,0.5776769470993911
