,train_loss,train_score,valid_loss,valid_score
1,0.6649418771266937,0.12009611535381536,0.6918504536151886,0.0
2,0.5555298626422882,0.587887136503647,0.6676382571458817,0.21472452762009986
3,0.4605136513710022,0.7527077855427474,0.6176209002733231,0.27860459775992164
4,0.37940119206905365,0.8470839101854909,0.5838824808597565,0.5443134111742758
5,0.3172907531261444,0.8951673046482754,0.5655495002865791,0.4944001533099698
6,0.26477325707674026,0.9321425168058358,0.48177842795848846,0.455865048283536
7,0.20030318945646286,0.9753048303966929,0.44589804857969284,0.5287431168515262
8,0.15631255134940147,0.9753048303966929,0.4526226371526718,0.5214562695205918
9,0.12445767968893051,0.9814225308444268,0.39251167327165604,0.4960640570867206
10,0.09559942223131657,0.9814225308444268,0.3574795015156269,0.485218572682344
11,0.07648275140672922,0.9814225308444268,0.34487203508615494,0.4932079441838111
12,0.06214809883385897,0.9875771574795098,0.37902509793639183,0.462843838722842
13,0.0548043055459857,0.9875771574795098,0.3797280639410019,0.4960640570867206
14,0.04144735028967261,0.9875771574795098,0.3434419184923172,0.5110554767815644
