,train_loss,train_score,valid_loss,valid_score
1,0.6590685248374939,0.055814557218594754,0.6059033423662186,0.0
2,0.5463642358779908,0.4462258226859698,0.5496213138103485,0.07961173386514128
3,0.45397619605064393,0.7194305666738453,0.4845096468925476,0.538216467875273
4,0.38333192467689514,0.7993114485855737,0.3949625715613365,0.578654925565073
5,0.3302325516939163,0.8813016402809284,0.3968910276889801,0.508057753499086
6,0.28969573974609375,0.922266074754828,0.27783844619989395,0.5291512996637923
7,0.27256631702184675,0.9012471774115861,0.3465816453099251,0.5228131351835151
8,0.20813729017972946,0.975456381144309,0.38172145932912827,0.4942017081349402
9,0.2386481747031212,0.9455779434075351,0.32008256390690804,0.5385782357877609
10,0.18547371923923492,0.975456381144309,0.368667408823967,0.5010235425246347
11,0.19880181550979614,0.975456381144309,0.41787727177143097,0.48115080213831113
12,0.16202084049582482,0.9694116958983826,0.319935604929924,0.5305618431381753
13,0.1256370022892952,0.9815368735540919,0.3405812978744507,0.5644108707844233
14,0.2300589308142662,0.9331361283626991,0.41261105239391327,0.45715155542595215
