,train_loss,train_score,valid_loss,valid_score
1,0.6183088421821594,0.26925466863481073,0.8527490496635437,0.21569863017316265
2,0.3595348795255025,0.6780783693871875,0.8452059030532837,0.4028522259667763
3,0.2649119198322296,0.7449075231497617,0.5851201415061951,0.4648082538023267
4,0.18811523914337158,0.8747985566892329,0.5051497519016266,0.5503495392790071
5,0.12895607699950537,0.936239789701455,0.36802731454372406,0.5503495392790071
6,0.10232271999120712,0.9480909262799544,0.5121408104896545,0.5377877706628422
7,0.07383329048752785,0.9651054716602593,0.46293140947818756,0.5377877706628422
8,0.05452673385540644,0.9824033179248569,0.2302581388503313,0.5503495392790071
9,0.03747018985450268,0.9882348845970288,0.4652426838874817,0.5377877706628422
10,0.026292653133471806,0.9941002434954168,0.6684873253107071,0.525854646498153
11,0.018827935059865315,0.9941002434954168,0.5331025272607803,0.5144957554275265
12,0.01830343281229337,0.9941002434954168,0.32406526803970337,0.5636018619766345
13,0.016808570983509224,1.0,0.43401412665843964,0.5636018619766345
14,0.01378374733030796,1.0,0.2615426331758499,0.5636018619766345
15,0.011718586087226868,1.0,0.4804592430591583,0.577615534661554
16,0.007467527563373248,1.0,0.20700196642428637,0.577615534661554
17,0.009873740064601103,1.0,0.6710969805717468,0.577615534661554
18,0.006909157615154982,1.0,0.36510157585144043,0.5636018619766345
19,0.005611368765433629,1.0,0.5853026956319809,0.5924719553724154
20,0.00965201606353124,1.0,0.2806873843073845,0.5636018619766345
21,0.006018525455147028,1.0,0.37150995433330536,0.6431196942844082
22,0.004650343519945939,1.0,0.23860543221235275,0.7058823529411765
23,0.007215673259148995,1.0,0.230284221470356,0.6833094209111142
24,0.0045643664586047334,1.0,0.2941562682390213,0.6251050331912297
25,0.00416267888310055,1.0,0.29450974613428116,0.5924719553724154
26,0.003638937991733352,1.0,0.5659940838813782,0.5924719553724154
27,0.005007650547971328,1.0,0.4289533346891403,0.5924719553724154
28,0.003162504561866323,1.0,0.5476516634225845,0.577615534661554
29,0.003479140345007181,1.0,0.5867660492658615,0.608265263693434
30,0.005456063741197188,1.0,0.2892352566123009,0.608265263693434
31,0.003164493478834629,1.0,0.26372864097356796,0.6251050331912297
32,0.0028602435486391187,1.0,0.3771918714046478,0.6624609340663695
