,train_loss,train_score,valid_loss,valid_score
1,0.5983490943908691,0.30132170285538684,0.7422921657562256,0.4026083101346738
2,0.3339294195175171,0.7275838714139218,0.6885638236999512,0.3656362120635653
3,0.23494936029116312,0.82004829348498,0.7039168775081635,0.39107694443752145
4,0.17204282681147257,0.884559439890032,0.9693836271762848,0.39107694443752145
5,0.12129522363344829,0.9310239285622876,0.5894505083560944,0.46305642460926566
6,0.08168236662944157,0.9535352589297226,0.32074733078479767,0.5166897771311671
7,0.05761721854408582,0.9767410038007758,0.2873712480068207,0.5711420213538395
8,0.04283584033449491,0.9825059384426867,0.25931312143802643,0.5711420213538395
9,0.03253805016477903,0.9941348467724344,0.3086010366678238,0.5711420213538395
10,0.020710822194814682,1.0,0.24190985411405563,0.6039088361275575
11,0.019962329417467117,1.0,0.35822756588459015,0.5869734364739604
12,0.013343168112138907,1.0,0.2789308428764343,0.5711420213538395
13,0.011797835739950338,1.0,0.297621451318264,0.5711420213538395
14,0.010106591197351614,1.0,0.5249933302402496,0.5711420213538395
15,0.010590298101305962,1.0,0.19986217468976974,0.5711420213538395
16,0.0064277187921106815,1.0,0.43913954496383667,0.641688947919748
17,0.006665850368638833,1.0,0.3932850658893585,0.641688947919748
18,0.005568700221677621,1.0,0.4647461399435997,0.6629075099755672
19,0.005744830084343751,1.0,0.49149876087903976,0.641688947919748
20,0.005046314870317777,1.0,0.21479246020317078,0.641688947919748
21,0.004633197793737054,1.0,0.27410905063152313,0.641688947919748
22,0.003795902244746685,1.0,0.14891867409460247,0.6629075099755672
23,0.007709628436714411,1.0,0.4545452296733856,0.7112540705972631
24,0.004528879498442014,1.0,0.1517129959538579,0.6629075099755672
25,0.006948718490699927,1.0,0.13810382783412933,0.7112540705972631
26,0.003568159338707725,1.0,0.14231805875897408,0.7112540705972631
27,0.0033256967241565385,1.0,0.19258816540241241,0.6859943405700353
28,0.0032206191293274364,1.0,0.16639617085456848,0.6859943405700353
29,0.003394584792355696,1.0,0.4862123429775238,0.7112540705972631
30,0.0037379019583264985,1.0,0.3017289713025093,0.6629075099755672
31,0.0027216533198952675,1.0,0.2374771237373352,0.7112540705972631
32,0.0038707220616439977,1.0,0.171781774610281,0.7112540705972631
33,0.003835420279453198,1.0,0.2057403400540352,0.6859943405700353
