,train_loss,train_score,valid_loss,valid_score
1,0.5858867367108663,0.36028834606144605,0.8035460313161215,0.39350015531594973
2,0.34593015909194946,0.6873819264109193,0.827359120051066,0.3631365196012814
3,0.23496244351069132,0.7868173740419682,0.6591872771581014,0.3717270073161244
4,0.16187774141629538,0.91364276813721,0.648833433787028,0.4134491152973615
5,0.10753943274418513,0.938674076853298,0.5173440078894297,0.47879815726621333
6,0.09626927475134532,0.9567172612055053,0.40185679992039997,0.5259229283002776
7,0.07016375660896301,0.975076180802554,0.39971435566743213,0.49546288592681587
8,0.054948454101880394,0.9628009223146841,0.42820892731348675,0.5071720605264959
9,0.06145111098885536,0.9692233691951198,0.44328685601552326,0.5195041035781273
10,0.03291510914762815,0.9875771574795098,0.36127205689748126,0.4944001533099698
11,0.018672676136096317,0.9937694097483343,0.2908877432346344,0.5287431168515262
12,0.02221775675813357,0.9937694097483343,0.3190522640943527,0.5520582735125914
13,0.016519931765894096,0.9937694097483343,0.2835899343093236,0.5520582735125914
14,0.013191946471730867,1.0,0.36144067843755084,0.5440298285169028
15,0.016587213923533756,1.0,0.31578029692173004,0.5520582735125914
16,0.008489088155329227,1.0,0.35359809796015423,0.5362630658899051
17,0.008121417524913946,1.0,0.35518142580986023,0.5214562695205918
18,0.006756019468108813,1.0,0.4116376042366028,0.5214562695205918
19,0.006897824816405773,1.0,0.41396557291348773,0.5214562695205918
20,0.0073196001661320525,1.0,0.43009354670842487,0.5287431168515262
21,0.006242941444118817,1.0,0.38756949702898663,0.5603645555564457
22,0.005652415566146374,1.0,0.49591108163197833,0.5603645555564457
23,0.006102152944852908,1.0,0.3784823417663574,0.5689662622734246
24,0.006652652906874816,1.0,0.4715179552634557,0.5778825823888194
25,0.004808558616787195,1.0,0.33466091752052307,0.5440298285169028
26,0.0040226830169558525,1.0,0.3681764205296834,0.5440298285169028
27,0.006056261869768302,1.0,0.3657844662666321,0.5362630658899051
28,0.004913714403907458,1.0,0.3803791304429372,0.5362630658899051
29,0.00568930401156346,1.0,0.3865698476632436,0.5603645555564457
30,0.0035107392662515244,1.0,0.3739347954591115,0.5440298285169028
31,0.0038790670223534107,1.0,0.40684665242830914,0.5440298285169028
32,0.005877384993558128,1.0,0.34630487362543744,0.5603645555564457
33,0.0050895484164357185,1.0,0.3477168381214142,0.5520582735125914
34,0.0041464340562621755,1.0,0.5307894746462504,0.5075321491867127
