,train_loss,train_score,valid_loss,valid_score
1,0.6549835950136185,0.1125087900926024,0.6337922662496567,0.0
2,0.5266751199960709,0.4889058650817127,0.5953217595815659,0.0
3,0.4012364372611046,0.75399182714523,0.49120012670755386,0.6088825085020723
4,0.297390453517437,0.7950515853775598,0.3679036423563957,0.5813072459337005
5,0.2208508849143982,0.8716318300222063,0.3260360062122345,0.6727766736655282
6,0.15534259006381035,0.9452465944188083,0.275332935154438,0.6625572205938276
7,0.11597478203475475,0.9631774724179828,0.26590849086642265,0.6527139518645054
8,0.08128001540899277,0.9753048303966929,0.27682363241910934,0.6400715564971587
9,0.07371592335402966,0.9631774724179828,0.45988596230745316,0.520265981714472
10,0.048702378291636705,0.9753048303966929,0.4347143769264221,0.5259229283002776
11,0.03844009432941675,0.9753048303966929,0.39825164526700974,0.5259229283002776
12,0.028626437298953533,0.9814225308444268,0.3742029070854187,0.5462964156993987
13,0.02657795650884509,0.9875771574795098,0.39232026785612106,0.5462964156993987
14,0.019785333890467882,0.9875771574795098,0.3749893344938755,0.5462964156993987
15,0.022408475168049335,0.9875771574795098,0.3738311678171158,0.5534931594531418
