,train_loss,train_score,valid_loss,valid_score
1,0.6750285387039184,0.055814557218594754,0.6352843046188354,0.0
2,0.5835911512374878,0.3447121853895083,0.540408119559288,0.0
3,0.500700581073761,0.6196788320230148,0.43378472328186035,0.5376890426803692
4,0.4373297691345215,0.7323932795868876,0.37537873536348343,0.6491216794374505
5,0.3674036920070648,0.8155251876437586,0.3422653526067734,0.5527841276458545
6,0.3144256204366684,0.9280472381837995,0.30550389736890793,0.5417050278466475
7,0.27431817054748536,0.9455779434075351,0.29158468917012215,0.5210270392058916
8,0.2627146363258362,0.9574271077563381,0.32157856971025467,0.5020790110464023
9,0.23292342573404312,0.9569833408227624,0.43434303998947144,0.4540034830713326
10,0.1739049032330513,0.9694116958983826,0.42532623559236526,0.40788022011143193
11,0.215143983066082,0.9751552795031055,0.4515063986182213,0.3965197235402832
12,0.21200498193502426,0.9813853901249078,0.3630748391151428,0.46079641202306826
13,0.19349004179239274,0.9813853901249078,0.41608376055955887,0.44626697086388584
14,0.1709122471511364,0.9938079899999066,0.3580218479037285,0.440086229423352
