,train_loss,train_score,valid_loss,valid_score
1,0.6705422848463058,0.0,0.6306117326021194,0.0
2,0.5586458146572113,0.30356246580969815,0.5533848106861115,0.0
3,0.4589259922504425,0.48530530135290667,0.4313755929470062,0.11502014180698827
4,0.3669143468141556,0.6607158652139772,0.30798692256212234,0.49973661150196996
5,0.2773865833878517,0.809081334620376,0.23498260229825974,0.6490245337351653
6,0.2197754718363285,0.8707707839849465,0.21205783635377884,0.6511587144484917
7,0.16032741591334343,0.9268119508060213,0.19560390710830688,0.6944498517145142
8,0.11564943939447403,0.9571664769885428,0.1889599785208702,0.6727766736655282
9,0.0855339951813221,0.9814225308444268,0.17692981660366058,0.7059631498684646
10,0.07295251730829477,0.9814225308444268,0.17975316010415554,0.7059631498684646
11,0.06604867242276669,0.9814225308444268,0.15848061349242926,0.6849176520533932
12,0.04146684426814318,0.9875771574795098,0.21185782738029957,0.6944498517145142
13,0.03817022405564785,0.9875771574795098,0.2146221026778221,0.7059631498684646
14,0.027897557243704796,0.9937694097483343,0.24459033738821745,0.6727766736655282
15,0.02167858276516199,0.9937694097483343,0.2826879136264324,0.6527139518645054
16,0.01839325111359358,0.9937694097483343,0.2820774605497718,0.6340638669746456
17,0.013923003571107984,0.9937694097483343,0.3231234736740589,0.6083829962530759
18,0.015150449238717556,0.9937694097483343,0.2706421781331301,0.643223338923786
19,0.010913923266343772,0.9937694097483343,0.28585437312722206,0.643223338923786
