,train_loss,train_score,valid_loss,valid_score
1,0.6564055383205414,0.055989251095585425,0.6153622269630432,0.0
2,0.5363828018307686,0.2847473987257497,0.5275813192129135,0.0
3,0.4271900951862335,0.5339855449813188,0.45151009410619736,0.20132894408115562
4,0.33592649549245834,0.6672006408545298,0.36432068049907684,0.45351921255156824
5,0.2557290866971016,0.8071182567923452,0.3168163225054741,0.47517369410934535
6,0.1865326352417469,0.8967147603825576,0.32119330763816833,0.43618324728936597
7,0.13636692613363266,0.9160133513055991,0.3698565438389778,0.4124732825364668
8,0.0968517791479826,0.9692233691951198,0.40784164518117905,0.4332491606450983
9,0.07492909301072359,0.9631774724179828,0.3998776897788048,0.4387824883885977
10,0.04847032018005848,0.9937694097483343,0.4286455288529396,0.4332491606450983
11,0.04442095197737217,0.9937694097483343,0.45827555656433105,0.4332491606450983
12,0.02883352292701602,1.0,0.5004919990897179,0.4387824883885977
13,0.025476225651800632,1.0,0.4951758608222008,0.4387824883885977
14,0.02197500690817833,1.0,0.5948292165994644,0.4174513025887777
15,0.020417988998815417,1.0,0.5838195905089378,0.4124330752480109
