,train_loss,train_score,valid_loss,valid_score
1,0.6017144123713175,0.3260600314104512,0.975801944732666,0.22643524789294395
2,0.36973464488983154,0.7197263037995433,0.9530164003372192,0.28218504708131503
3,0.2503860940535863,0.7945466303660768,0.9713343977928162,0.3395193342396646
4,0.18902974327405295,0.8747985566892329,0.779457688331604,0.40332300621335776
5,0.13583455483118692,0.9313448957916327,0.5351769328117371,0.44802893545763234
6,0.10130312542120616,0.9480909262799544,0.8100106120109558,0.4320968005261913
7,0.06760186702013016,0.9651054716602593,0.7706728875637054,0.424541897310017
8,0.062199074774980545,0.9824033179248569,1.001936823129654,0.424541897310017
9,0.030871352180838585,1.0,0.73470538854599,0.43991964688915264
10,0.028758943701783817,1.0,0.7200658619403839,0.4564449834761722
11,0.023201758041977882,1.0,0.9646448493003845,0.4240240165734286
12,0.018335842217008274,1.0,0.6330135464668274,0.40176063536257084
13,0.013294396611551443,1.0,0.4719765931367874,0.3273227511456478
14,0.013058806459108988,1.0,0.664323091506958,0.3180290624594674
15,0.011369168758392334,1.0,0.47195519506931305,0.290073403729303
16,0.008919769432395697,1.0,0.6347418278455734,0.21955882779568026
17,0.012094012772043547,1.0,0.4528791308403015,0.28002943028713273
18,0.008790380321443081,1.0,0.764465868473053,0.30071221731003295
19,0.005493116720269124,1.0,0.5209308862686157,0.23943622262532294
20,0.00802876241505146,1.0,0.5818791687488556,0.3696800145271944
