,train_loss,train_score,valid_loss,valid_score
1,0.49847800623286853,0.28812457828280436,0.2103695273399353,0.5651082368425709
2,0.1357722140171311,0.5999671481110725,0.15991473197937012,0.5263584752635847
3,0.08222755620425398,0.7689780413365703,0.18737328052520752,0.5454270335664118
4,0.04919730863449248,0.8704595449449196,0.1281975843012333,0.3423681130914194
5,0.025975257666273552,0.9648605333854438,0.11012899433262646,0.43883765531559205
6,0.018624462991614233,0.9873323947921815,0.2789073586463928,0.4756634317883454
7,0.011721019146286628,0.9936814945830428,0.1515907533466816,0.4756634317883454
8,0.011872545413842256,0.9777535734070026,0.1367391557432711,0.5207804688731539
9,0.00884362238205292,0.9968445337505017,0.2566812038421631,0.3059033683942098
10,0.00741560927549885,1.0,0.13753141649067402,0.4803638831815326
11,0.00613808035003868,1.0,0.29630787670612335,0.5781129107441693
12,0.00922645677135072,0.9873323947921815,0.12027452024631202,0.5781129107441693
13,0.03504230792168528,0.915720488992921,0.284005343914032,0.3773201887684738
14,0.023857615295458923,0.9255000518363521,0.3742539659142494,0.5207804688731539
15,0.010946951901794157,0.9777535734070026,0.1850304901599884,0.5207804688731539
16,0.009525035179897466,0.98095796042572,0.2461617887020111,0.21479896651739627
17,0.008656635605306788,0.984154376038833,0.13549859635531902,0.5207804688731539
18,0.004883244406135584,0.9873323947921815,0.1378257911419496,0.4756634317883454
19,0.005108349967155267,0.9905236127659245,0.18513624669867568,0.3773201887684738
20,0.0037192063067447057,0.9968619109975158,0.18630754202604294,0.5207804688731539
21,0.0022688773143189874,1.0,0.44284775853157043,0.5781129107441693
