,train_loss,train_score,valid_loss,valid_score
1,0.6590678989887238,0.1125087900926024,0.6719151437282562,0.0
2,0.5592359900474548,0.4738087388021766,0.6450784802436829,0.22868941946384982
3,0.46249502897262573,0.7202479468655232,0.5774233192205429,0.18649298426002434
4,0.3549625799059868,0.8306626283123043,0.515387050807476,0.47517369410934535
5,0.28577858954668045,0.9034652232055224,0.49912069737911224,0.40693843407609076
6,0.2246260717511177,0.932726771976175,0.4780472368001938,0.3718202984551475
7,0.1653725765645504,0.9753048303966929,0.47528745979070663,0.39115885346645596
8,0.12365757301449776,0.9812691656005564,0.4551675468683243,0.4124732825364668
9,0.09509134665131569,0.9875771574795098,0.48715609312057495,0.41815720438935444
10,0.06705300882458687,0.9937694097483343,0.5046847760677338,0.40693843407609076
11,0.053122724406421185,0.9875771574795098,0.5152624472975731,0.40693843407609076
12,0.03847972210496664,0.9937694097483343,0.5234880298376083,0.40693843407609076
13,0.03164916392415762,0.9937694097483343,0.4925384595990181,0.41815720438935444
14,0.02362276427447796,0.9937694097483343,0.47318316996097565,0.4239978953580341
