,train_loss,train_score,valid_loss,valid_score
1,0.5902399917443594,0.25,0.6670607328414917,0.5281862745098039
2,0.37015192707379657,0.7155055767500594,0.6348387598991394,0.48341044854730425
3,0.26717030505339306,0.7850470123151807,0.4571240246295929,0.5036630526336384
4,0.20488851765791574,0.8883363181483769,0.577517494559288,0.5377877706628422
5,0.13741869727770487,0.9468947642649223,0.4617392271757126,0.5377877706628422
6,0.08968492845694225,0.9766049484994053,0.42661410570144653,0.5377877706628422
7,0.06160564720630646,0.9882348845970288,0.5858675986528397,0.5036630526336384
8,0.04904142146309217,0.9882348845970288,0.6641036719083786,0.4933139302473538
9,0.027838290979464848,1.0,0.5048942863941193,0.48341044854730425
10,0.020040035247802734,1.0,0.4614056944847107,0.48341044854730425
11,0.017949966092904408,1.0,0.48047299683094025,0.48341044854730425
12,0.012477158258358637,1.0,0.41385191679000854,0.4933139302473538
13,0.010597540065646172,1.0,0.5738584995269775,0.4933139302473538
14,0.011627036767701307,1.0,0.3993673324584961,0.5144957554275265
