,train_loss,train_score,valid_loss,valid_score
1,0.6499845385551453,0.27219411429041174,0.8123311400413513,0.4028522259667763
2,0.3528001507123311,0.7192983071114478,0.8411492109298706,0.34924535550111524
3,0.2583157668511073,0.8017199437898075,0.7405449151992798,0.3834824944236852
4,0.16560624043146768,0.9013195514887721,0.5546680986881256,0.44762444868307133
5,0.11779341101646423,0.936239789701455,0.4576396495103836,0.45605174407879523
6,0.0848790630698204,0.9651054716602593,0.5644262433052063,0.4648082538023267
7,0.06860713536540668,0.9651054716602593,0.5359311252832413,0.4395039840402831
8,0.046436029175917305,0.9766049484994053,0.8672879636287689,0.44762444868307133
9,0.036608303586641945,0.9882348845970288,0.4496520757675171,0.4648082538023267
10,0.027404694507519405,0.9941002434954168,0.4371422082185745,0.44762444868307133
11,0.019446322694420815,1.0,0.3553472086787224,0.47391869606640696
12,0.01685992566247781,1.0,0.5155371725559235,0.5636018619766345
13,0.012976498653491339,1.0,0.3542882651090622,0.5924719553724154
14,0.011226136858264605,1.0,0.23265770263969898,0.577615534661554
15,0.008206934202462435,1.0,0.21436426602303982,0.5924719553724154
16,0.011298503105839094,1.0,0.47729919850826263,0.608265263693434
17,0.008758341583112875,1.0,0.18983476422727108,0.6431196942844082
18,0.008772084799905619,1.0,0.1749648842960596,0.6431196942844082
19,0.00526906472320358,1.0,0.16779514960944653,0.6431196942844082
20,0.00634370744228363,1.0,0.2147766798734665,0.6431196942844082
21,0.005009079972902934,1.0,0.30186718702316284,0.6431196942844082
22,0.006529650030036767,1.0,0.2762918472290039,0.6624609340663695
23,0.005685060595472653,1.0,0.34857775270938873,0.7058823529411765
24,0.005350444155434768,1.0,0.17189310491085052,0.7058823529411765
25,0.00480169119934241,1.0,0.1446070671081543,0.7058823529411765
26,0.004635773599147797,1.0,0.21923629194498062,0.6833094209111142
27,0.0040418768767267466,1.0,0.19313472509384155,0.6833094209111142
28,0.003828047774732113,1.0,0.18020892888307571,0.6833094209111142
29,0.004580315512915452,1.0,0.12677819188684225,0.6833094209111142
30,0.003053028446932634,1.0,0.1971270516514778,0.6833094209111142
31,0.003260150086134672,1.0,0.16465464979410172,0.6833094209111142
32,0.0029670036553094783,1.0,0.40763336420059204,0.6833094209111142
33,0.0032737089010576406,1.0,0.12535165809094906,0.6833094209111142
