,train_loss,train_score,valid_loss,valid_score
1,0.6382307211558024,0.34911897394873065,0.9909250140190125,0.17440554785664783
2,0.3481709857781728,0.7246028634118791,0.7313028872013092,0.38925628661270906
3,0.24148057401180267,0.8256518824103988,0.547290712594986,0.4643610034819457
4,0.19426698982715607,0.8769841068089579,0.47956910729408264,0.4758390974531845
5,0.1254988337556521,0.9537318909284785,0.4706827700138092,0.4758390974531845
6,0.09439832344651222,0.9537318909284785,0.43296609818935394,0.4237968890675681
7,0.09891829391320546,0.9647673127600186,0.29045625030994415,0.4122643249643901
8,0.04405295600493749,0.9824033179248569,0.33480367064476013,0.4643610034819457
9,0.040807673086722694,0.9941002434954168,0.3687436580657959,0.3577494593915404
10,0.023490269978841145,0.9941002434954168,0.3740522265434265,0.3692450381228434
11,0.022336493556698162,1.0,0.30861586332321167,0.4489184466463736
12,0.014030471133689085,1.0,0.2885805666446686,0.46266734535479903
13,0.011456194333732128,1.0,0.5451332777738571,0.46266734535479903
14,0.01601919469734033,1.0,0.6656966507434845,0.40834232179223307
