,train_loss,train_score,valid_loss,valid_score
1,0.6644439220428466,0.15961737689352443,0.683037519454956,0.0
2,0.5483977437019348,0.5853694070049635,0.6759990006685257,0.33454380171343634
3,0.5722196042537689,0.7215767990471125,0.6354253143072128,0.538216467875273
4,0.38532025218009947,0.823457462034817,0.5235257148742676,0.5895356489380615
5,0.34966073632240297,0.8973399646263193,0.4755920320749283,0.538251397517121
6,0.34876300394535065,0.9574271077563381,0.39945138245821,0.578654925565073
7,0.34885701835155486,0.9449929894737883,0.3836865723133087,0.5038378351241242
8,0.21956634223461152,0.9630301852061649,0.30492350459098816,0.5417050278466475
9,0.32671001851558684,0.9691123561673313,0.3549264147877693,0.5038378351241242
10,0.27641655802726744,0.9694116958983826,0.36112889274954796,0.5228131351835151
11,0.22467089593410491,0.9815368735540919,0.26152176782488823,0.5766459031301908
12,0.1995941922068596,0.9694116958983826,0.24346547201275826,0.5766459031301908
13,0.23915923163294792,0.9875776397515528,0.3050535321235657,0.5381402333896151
14,0.19195335060358049,0.9815368735540919,0.2213965505361557,0.5440799208109065
