,train_loss,train_score,valid_loss,valid_score
1,0.5908949673175812,0.2866291983489658,0.7190857827663422,0.4237968890675681
2,0.37272322177886963,0.665418253304811,0.6797049343585968,0.40132865562736186
3,0.24531088272730509,0.8242368824289316,0.4859228730201721,0.4122643249643901
4,0.1678894360860189,0.9174167698024717,0.45416586101055145,0.3909342363010492
5,0.13247241576512656,0.9537318909284785,0.3843538612127304,0.5142311233787904
6,0.08661128332217534,0.9766049484994053,0.35417045652866364,0.5438861892730144
7,0.05598370606700579,0.9824033179248569,0.2767663970589638,0.5602287114655289
8,0.04433641334374746,0.9824033179248569,0.4810454249382019,0.5285918551699038
9,0.029822994023561478,0.9941002434954168,0.46670474112033844,0.48793309347051234
10,0.024873726069927216,0.9941002434954168,0.3625657856464386,0.4489184466463736
11,0.01981271803379059,1.0,0.5364587306976318,0.46266734535479903
12,0.011881345883011818,1.0,0.35833658277988434,0.47733772864664964
13,0.01081340853124857,1.0,0.43152856826782227,0.46266734535479903
14,0.011523999584217867,1.0,0.23843722883611917,0.47733772864664964
15,0.010236766189336777,1.0,0.294088751077652,0.49304852588361187
16,0.006905643735080957,1.0,0.22978843934834003,0.5099413263667371
17,0.0077743080134193105,1.0,0.30541782081127167,0.5281862745098039
