,train_loss,train_score,valid_loss,valid_score
1,0.6830898404121399,0.0,0.5812374651432037,0.0
2,0.6038744211196899,0.15961737689352443,0.4849703535437584,0.0
3,0.5219581902027131,0.26691907246540336,0.3824867680668831,0.0
4,0.4653589427471161,0.4666833894741925,0.30364882200956345,0.24758202513348906
5,0.44538394212722776,0.6577329341097439,0.25011177361011505,0.7266330521356186
6,0.3650609254837036,0.794311493710739,0.22047029063105583,0.7050707456243541
7,0.3244563788175583,0.8519992187553997,0.2855691462755203,0.6554621894649467
8,0.3255728751420975,0.9051016735969626,0.21966640278697014,0.6708496911947569
9,0.26664565205574037,0.9574271077563381,0.26033829152584076,0.578654925565073
10,0.21724139600992204,0.9514859136040755,0.27373672276735306,0.5575924917330947
11,0.21109940558671952,0.9509711596136046,0.22168310917913914,0.6271767296931458
12,0.2250215917825699,0.9694116958983826,0.19485623389482498,0.6708496911947569
13,0.20158506631851197,0.9397025783047073,0.19855297729372978,0.617557893296108
14,0.17419403195381164,0.975456381144309,0.21815453842282295,0.6038318690963269
15,0.13694534003734588,0.9815368735540919,0.1973896101117134,0.6261773107564075
