,train_loss,train_score,valid_loss,valid_score
1,0.5976725816726685,0.34068628719538097,0.5847085118293762,0.32394177193585
2,0.28686584035555523,0.7764550341721819,0.4798125773668289,0.5451899216924528
3,0.2180403470993042,0.853281833651959,0.3311658576130867,0.5285918551699038
4,0.14705480635166168,0.8950594241477494,0.29805056005716324,0.48793309347051234
5,0.11186032990614574,0.9250384870542661,0.4712113291025162,0.4758390974531845
6,0.08298723151286443,0.9708391914381,0.40117381513118744,0.4534435128398129
7,0.05569791917999586,0.9766049484994053,0.35059335827827454,0.4534435128398129
8,0.04100360597173373,0.9766049484994053,0.45254379510879517,0.4534435128398129
9,0.02761065401136875,0.9941002434954168,0.4536563754081726,0.4758390974531845
10,0.020023937647541363,0.9941002434954168,0.46678704023361206,0.4758390974531845
11,0.01593353257824977,0.9941002434954168,0.5589987635612488,0.4758390974531845
12,0.014882869087159634,0.9941002434954168,0.3878563195466995,0.5142311233787904
