,train_loss,train_score,valid_loss,valid_score
1,0.5545898576577505,0.34563272218400815,0.7683756152788798,0.41566603948035147
2,0.29077355066935223,0.7799351395604079,0.7551772991816202,0.39573289151178864
3,0.2099054753780365,0.8542821429703302,0.6211318771044413,0.4270410297145852
4,0.15830790003140768,0.8641895216975064,0.48400627573331195,0.5259229283002776
5,0.1056741327047348,0.9564181351541229,0.4430251320203145,0.5075321491867127
6,0.0712363248070081,0.9628009223146841,0.3733269274234772,0.5075321491867127
7,0.05218989277879397,0.9814225308444268,0.3124980678160985,0.5214562695205918
8,0.03936683634916941,0.9937694097483343,0.39753786226113635,0.5362630658899051
9,0.025829430669546127,1.0,0.3731589714686076,0.5143898553985499
10,0.020009802654385567,1.0,0.3980332712332408,0.5075321491867127
11,0.018567598114411037,1.0,0.3590504676103592,0.5143898553985499
12,0.013795294798910618,1.0,0.3716135025024414,0.5214562695205918
13,0.008953392195204893,1.0,0.3791452944278717,0.5362630658899051
14,0.01474101934581995,1.0,0.3867507775624593,0.5287431168515262
15,0.010041648522019386,1.0,0.3303056216488282,0.5143898553985499
16,0.007124881260097027,1.0,0.4646473328272502,0.5008722801238833
17,0.008115730714052916,1.0,0.48893285791079205,0.5075321491867127
18,0.005963046103715897,1.0,0.4729197422663371,0.5214562695205918
