,train_loss,train_score,valid_loss,valid_score
1,0.5493283569812775,0.3668126156726501,1.0349953174591064,0.20405667732553331
2,0.2827376027901967,0.8069954997672732,1.084696114063263,0.2286647801900118
3,0.2073772003253301,0.8217780411620709,0.8892528712749481,0.16290027011241087
4,0.12197516858577728,0.9357142551162902,0.9016346037387848,0.24421445155215898
5,0.09606664379437764,0.9468947642649223,0.7769943475723267,0.24932683899102215
6,0.05270290126403173,0.9824033179248569,1.0295037627220154,0.2710407692022019
7,0.031645980974038444,1.0,1.0754017233848572,0.2951835383580207
8,0.023557246352235477,1.0,1.110107958316803,0.28276992137502566
9,0.018241616897284985,1.0,1.3476420938968658,0.28888563436362574
10,0.017752636844913166,1.0,1.5404959619045258,0.27682510025980206
11,0.008293055929243565,1.0,1.387282133102417,0.28888563436362574
12,0.00690779850507776,1.0,0.7642304450273514,0.3083762521764126
13,0.00790171946088473,1.0,0.8454203307628632,0.31529917843017563
14,0.009723337522397438,1.0,1.2292811572551727,0.353878218968862
15,0.004770451846222083,1.0,0.7355851531028748,0.36254007170247404
16,0.0042733427447577315,1.0,0.7003638446331024,0.40132865562736186
17,0.006552030720437567,1.0,0.4537576995790005,0.40132865562736186
18,0.004436906271924575,1.0,0.600018173456192,0.40132865562736186
19,0.0037560941806683936,1.0,0.9138970971107483,0.3810323791814727
20,0.0038701496087014675,1.0,0.708680123090744,0.3909342363010492
21,0.003038375095153848,1.0,0.45616254210472107,0.3577494593915404
22,0.0021733978452781835,1.0,0.5038574188947678,0.3577494593915404
23,0.002703840999553601,1.0,0.43032459169626236,0.3577494593915404
24,0.003113464064275225,1.0,1.1316698789596558,0.3814485014365837
25,0.003227142539496223,1.0,0.4484737440943718,0.3692450381228434
26,0.0019578230567276478,1.0,0.9183753132820129,0.3692450381228434
