,train_loss,train_score,valid_loss,valid_score
1,0.5606489380200704,0.38979223247279315,0.6959958374500275,0.4965723812649473
2,0.307525634765625,0.7519710297199617,0.7458323836326599,0.4028522259667763
3,0.20976982017358145,0.8706531940748704,0.568516194820404,0.4167891976696585
4,0.136915052930514,0.9243886531229556,0.5469085276126862,0.4648082538023267
5,0.10288066913684209,0.9475587393582686,0.4172160029411316,0.4933139302473538
6,0.07676127925515175,0.9537318909284785,0.3494836837053299,0.5503495392790071
7,0.052985891699790955,0.9824033179248569,0.3647868484258652,0.5636018619766345
8,0.032677870243787766,0.9824033179248569,0.47692158818244934,0.577615534661554
9,0.02380490427215894,1.0,0.4322878420352936,0.577615534661554
10,0.021881800144910812,1.0,0.2970319464802742,0.577615534661554
11,0.016279842083652813,1.0,0.31225430965423584,0.4534435128398129
12,0.014448132986823717,1.0,0.41512371599674225,0.4758390974531845
13,0.012515603875120481,1.0,0.40737880766391754,0.5007062118645611
14,0.010584835583964983,1.0,0.5564990043640137,0.577615534661554
15,0.01044101764758428,1.0,0.5080482363700867,0.5924719553724154
16,0.007687991484999657,1.0,0.3745410144329071,0.6431196942844082
17,0.007004440762102604,1.0,0.44033515453338623,0.5777547299749907
18,0.006393180539210637,1.0,0.39293767511844635,0.5602287114655289
19,0.006157649060090383,1.0,0.22025441052392125,0.5777547299749907
20,0.005909840265909831,1.0,0.24505655840039253,0.5777547299749907
21,0.01021273092677196,1.0,0.44379860162734985,0.5777547299749907
22,0.0058059412986040115,1.0,0.286545105278492,0.5777547299749907
23,0.008699626196175814,1.0,0.23280798643827438,0.6431196942844082
24,0.0050740628503263,1.0,0.258110161870718,0.5924719553724154
25,0.0033370372839272022,1.0,0.30141495168209076,0.577615534661554
26,0.004809439958383639,1.0,0.27949488535523415,0.577615534661554
