,train_loss,train_score,valid_loss,valid_score
1,0.5442215998967489,0.3394167965134989,0.6711615522702535,0.4360877699910695
2,0.294085959593455,0.7455859958162844,0.6892004609107971,0.36974338300031256
3,0.20626928905646005,0.835024689305047,0.5162302752335867,0.3936524168282538
4,0.16834706564744314,0.9023634030078315,0.4861045976479848,0.46882408759000693
5,0.12307468801736832,0.9261091685125953,0.3499055008093516,0.4875809527768842
6,0.07159832740823428,0.9691123561673313,0.3000243604183197,0.4942017081349402
7,0.06895675510168076,0.9815368735540919,0.43180806438128155,0.4942017081349402
8,0.031852335358659424,0.9938079899999066,0.3412548750638962,0.48115080213831113
9,0.028696575512488682,0.9938079899999066,0.3866148293018341,0.4629100498862757
10,0.018977819631497066,1.0,0.41028110186258954,0.45715155542595215
11,0.02483025472611189,1.0,0.4102248549461365,0.4875809527768842
12,0.013237148833771547,1.0,0.3369651051859061,0.46882408759000693
13,0.009218983662625154,1.0,0.451276570558548,0.46882408759000693
14,0.009016297291964293,1.0,0.45498459537823993,0.4749015293563857
15,0.01040194183588028,1.0,0.4260711471239726,0.4875809527768842
16,0.005984095856547356,1.0,0.48134804765383404,0.48115080213831113
