,train_loss,train_score,valid_loss,valid_score
1,0.5926460127035776,0.29817371283399563,0.7671884000301361,0.3720584638714941
2,0.36787257591883343,0.7140099962099209,0.6071763038635254,0.45383074708429655
3,0.29316092530886334,0.7914844084331155,0.41520868241786957,0.5288932361229772
4,0.18078990280628204,0.8883363181483769,0.2997012734413147,0.6394207872485165
5,0.13543303310871124,0.9300366886693859,0.3570411652326584,0.5935748452020556
6,0.10503623882929485,0.9480909262799544,0.32045092433691025,0.5698503300891952
7,0.07149759928385417,0.9766049484994053,0.4023788273334503,0.6253257753674437
8,0.04861349488298098,0.9882348845970288,0.25718842819333076,0.5927200369557475
9,0.029935792709390324,1.0,0.25199185498058796,0.5927200369557475
10,0.037322688226898514,0.9941002434954168,0.6125198602676392,0.5778768085322478
11,0.021549667542179424,1.0,0.617490828037262,0.5638760540930623
12,0.019847368200620014,1.0,0.7172965854406357,0.5506364037964169
13,0.014640905273457369,1.0,0.3376333713531494,0.5778768085322478
14,0.010887092289825281,1.0,0.48953305184841156,0.5927200369557475
