,train_loss,train_score,valid_loss,valid_score
1,0.5927300949891409,0.34341828421928544,0.7229068875312805,0.5966253736389256
2,0.3594508171081543,0.7206828882505825,0.681307852268219,0.5036630526336384
3,0.21006198227405548,0.880204225929142,0.6113379597663879,0.5036630526336384
4,0.1512410044670105,0.9194806296032042,0.46168722212314606,0.5377877706628422
5,0.11155269543329875,0.9410920412812451,0.5862691104412079,0.5503495392790071
6,0.0842098022500674,0.959403223600247,0.5237667858600616,0.5503495392790071
7,0.055746992429097496,0.9766049484994053,0.4291073828935623,0.525854646498153
8,0.041139788925647736,0.9824033179248569,0.4625539183616638,0.5636018619766345
9,0.03018122601012389,0.9824033179248569,0.2462293542921543,0.577615534661554
10,0.023951364681124687,0.9882348845970288,0.33674171566963196,0.5924719553724154
11,0.017906884662806988,1.0,0.3045951724052429,0.5924719553724154
