,train_loss,train_score,valid_loss,valid_score
1,0.6051414012908936,0.2809257447106357,0.7998289167881012,0.4057458677632036
2,0.33777432640393573,0.7113515886837446,0.798201858997345,0.3339455162794333
3,0.21939324835936228,0.8585294073051386,0.7193382084369659,0.3834824944236852
4,0.17312616109848022,0.8995500260516762,0.4805644303560257,0.4097099789582415
5,0.11227499196926753,0.9177383319468723,0.40367038547992706,0.44762444868307133
6,0.07804832855860393,0.959403223600247,0.46485215425491333,0.4395039840402831
7,0.05950106680393219,0.9766049484994053,0.6731760799884796,0.44762444868307133
8,0.04363795121510824,0.9882348845970288,0.6292531788349152,0.4395039840402831
9,0.032672268648942314,0.9941002434954168,0.8542287945747375,0.431670023615175
10,0.024852493156989414,0.9941002434954168,0.8461900055408478,0.4395039840402831
11,0.01738824446996053,0.9941002434954168,0.7108801901340485,0.45605174407879523
12,0.014797587568561235,1.0,0.3664577417075634,0.4933139302473538
13,0.020391787091890972,1.0,0.4236852675676346,0.525854646498153
14,0.009824458820124468,1.0,0.4091004580259323,0.5503495392790071
15,0.007754218919823567,1.0,0.2669931650161743,0.5924719553724154
16,0.005314435809850693,1.0,0.4465764909982681,0.5924719553724154
17,0.006632757838815451,1.0,0.4323340803384781,0.577615534661554
18,0.009107283937434355,1.0,0.29137206822633743,0.5503495392790071
19,0.004867404233664274,1.0,0.5720877647399902,0.5377877706628422
20,0.005030954567094644,1.0,0.7078700959682465,0.5377877706628422
21,0.004944512931009133,1.0,0.5323449671268463,0.5036630526336384
22,0.003623635663340489,1.0,0.6226787865161896,0.4933139302473538
23,0.0030026272870600224,1.0,0.4554948955774307,0.4933139302473538
24,0.0043024669867008924,1.0,0.4905482679605484,0.5144957554275265
25,0.002921591124807795,1.0,0.6507986783981323,0.5144957554275265
