,train_loss,train_score,valid_loss,valid_score
1,0.6626806408166885,0.0,0.6307176649570465,0.0
2,0.556738406419754,0.281076357231202,0.559909462928772,0.0
3,0.453391931951046,0.5950674442093894,0.44790973514318466,0.2953766544881277
4,0.34865082055330276,0.7803217157275585,0.3311661258339882,0.6659298054006787
5,0.2554537169635296,0.8511127195627419,0.29387853294610977,0.5481221566878905
6,0.19944073632359505,0.9202069495335419,0.2642141915857792,0.5380155709429176
7,0.14747355319559574,0.9452465944188083,0.2673509642481804,0.528327804765375
8,0.09712997451424599,0.9631774724179828,0.2732888273894787,0.5190289256303792
9,0.07977268565446138,0.9753048303966929,0.2961144372820854,0.5355452632863152
10,0.05984994675964117,0.9814225308444268,0.3407377079129219,0.4960640570867206
11,0.045376730151474476,0.9814225308444268,0.36774003878235817,0.4624350877409587
12,0.03616225207224488,0.9875771574795098,0.3726411536335945,0.46876788267402686
13,0.033817097544670105,0.9875771574795098,0.3957662582397461,0.5008722801238833
14,0.025255620945245028,0.9937694097483343,0.403159536421299,0.5075321491867127
