,train_loss,train_score,valid_loss,valid_score
1,0.5354189972082773,0.4651237210176989,0.9374451041221619,0.22023167585585643
2,0.31373387575149536,0.7500105002205052,0.830268383026123,0.2996432679809938
3,0.2253462622563044,0.8538816803577841,0.5545462071895599,0.4057458677632036
4,0.15596383810043335,0.9300366886693859,0.4078051596879959,0.4643610034819457
5,0.10859921077887218,0.9589996891034891,0.2881428375840187,0.48793309347051234
6,0.06840293481945992,0.9651054716602593,0.3667116314172745,0.4758390974531845
7,0.047498006373643875,0.9882348845970288,0.31599465012550354,0.4758390974531845
8,0.026705343897144,0.9941002434954168,0.5008354783058167,0.4534435128398129
9,0.025943446283539135,0.9941002434954168,0.37737247347831726,0.4758390974531845
10,0.018736638749639194,1.0,0.6440780460834503,0.5007062118645611
11,0.011994476430118084,1.0,0.24748382531106472,0.4359902913851654
12,0.010477260686457157,1.0,0.44455981254577637,0.4489184466463736
13,0.00856184447184205,1.0,0.3456076681613922,0.46266734535479903
14,0.007524958190818627,1.0,0.47409676015377045,0.47733772864664964
15,0.008301786457498869,1.0,0.30654333531856537,0.49304852588361187
16,0.0058255029531816644,1.0,0.3894772529602051,0.49304852588361187
17,0.004941584076732397,1.0,0.222031106823124,0.47733772864664964
18,0.005581016341845195,1.0,0.2614653892815113,0.46266734535479903
19,0.00429502308058242,1.0,0.3598618358373642,0.46266734535479903
20,0.003910066249469916,1.0,0.28821274638175964,0.47733772864664964
