,train_loss,train_score,valid_loss,valid_score
1,0.6039487918217977,0.2628015031164011,0.7954944670200348,0.3381117601513369
2,0.3305300772190094,0.7481290972721264,0.6397719383239746,0.5039986096609256
3,0.22322934865951538,0.8467996819084356,0.45674893260002136,0.45383074708429655
4,0.16513053327798843,0.908447924144874,0.48560957610607147,0.45383074708429655
5,0.10506824404001236,0.936239789701455,0.6128517687320709,0.45383074708429655
6,0.07543812443812688,0.959403223600247,0.435564249753952,0.46473441196683624
7,0.06148463239272436,0.9708391914381,0.4551219493150711,0.46473441196683624
8,0.04350286349654198,0.9824033179248569,0.47592802345752716,0.45383074708429655
9,0.03423504966000716,1.0,0.6772255301475525,0.4335160454746275
10,0.01885193958878517,1.0,0.7391440272331238,0.4062004732300889
11,0.019699405257900555,1.0,0.6097535789012909,0.4240240165734286
12,0.013060528474549452,1.0,0.3502810373902321,0.45383074708429655
