,train_loss,train_score,valid_loss,valid_score
1,0.6324712832768759,0.1918588438173238,0.563403457403183,0.3642170228128409
2,0.3189723591009776,0.7125541331564312,0.597981721162796,0.49304852588361187
3,0.22312516470750174,0.8445202708239066,0.48387855291366577,0.46266734535479903
4,0.14886189500490823,0.8957520972263474,0.3571554869413376,0.4489184466463736
5,0.11375039319197337,0.936239789701455,0.2818678393959999,0.40834232179223307
6,0.08128632356723149,0.9766049484994053,0.414675772190094,0.43933823529411764
7,0.05126718059182167,0.9824033179248569,0.2367589920759201,0.49304852588361187
8,0.04407800734043121,0.9824033179248569,0.22475294210016727,0.4489184466463736
9,0.029773893455664318,0.9882348845970288,0.2980070412158966,0.46266734535479903
10,0.030588526278734207,1.0,0.3668847531080246,0.4359902913851654
11,0.017524367508788902,1.0,0.4546108841896057,0.46266734535479903
12,0.015202156888941923,1.0,0.32133419811725616,0.47733772864664964
