,train_loss,train_score,valid_loss,valid_score
1,0.5745169818401337,0.28205128205128205,0.7046679854393005,0.6626527904618502
2,0.2995201845963796,0.7671650649098268,0.6090914607048035,0.5506364037964169
3,0.20691809058189392,0.8902116343966842,0.40468108654022217,0.5638760540930623
4,0.15898857017358145,0.9120252866323335,0.29113057255744934,0.5778768085322478
5,0.13368878265221915,0.9306246992794481,0.290508396923542,0.5778768085322478
6,0.06974237412214279,0.9708391914381,0.31638287007808685,0.5506364037964169
7,0.0538918562233448,0.9766049484994053,0.4338178485631943,0.5506364037964169
8,0.039344937851031624,0.9941002434954168,0.2189454399049282,0.5506364037964169
9,0.03303932646910349,1.0,0.3747450113296509,0.5638760540930623
10,0.025093586804966133,1.0,0.35845839232206345,0.5506364037964169
11,0.0173673623551925,1.0,0.5515215694904327,0.5261662155060294
