,train_loss,train_score,valid_loss,valid_score
1,0.5869328876336416,0.3447121853895083,0.8702554106712341,0.26058136993418923
2,0.3416626950105031,0.7127245540397616,0.8539494673411051,0.31023908263252237
3,0.25743599732716876,0.792744224460788,0.6846773624420166,0.3746054786268339
4,0.19001861910025278,0.882822398061039,0.5995254913965861,0.42063572619174633
5,0.13000823805729547,0.939048189243238,0.420651117960612,0.4749015293563857
6,0.09454299757877986,0.9514859136040755,0.3778742849826813,0.4942017081349402
7,0.072212648888429,0.9694116958983826,0.3543114513158798,0.4942017081349402
8,0.04957028726736704,0.975456381144309,0.39469002683957416,0.4875809527768842
9,0.0344295526544253,1.0,0.3474532465140025,0.5153165472634581
10,0.028913312902053196,1.0,0.37738315264383954,0.5468792582251799
11,0.02613692171871662,0.9938079899999066,0.3858509560426076,0.5736838347840124
12,0.019607530906796455,1.0,0.2832844207684199,0.5554833979606764
13,0.012917368983229002,1.0,0.36347169677416485,0.5644108707844233
14,0.011897483219703039,1.0,0.30378178258736926,0.5644108707844233
15,0.014166092500090599,1.0,0.2955295244852702,0.5833266377032839
16,0.010307567194104195,1.0,0.32075483600298565,0.59336610396393
17,0.010160926729440689,1.0,0.255477175116539,0.5833266377032839
18,0.0076018162071704865,1.0,0.4201367298762004,0.5736838347840124
19,0.005330924565593402,1.0,0.4387587308883667,0.5153165472634581
20,0.0060307858511805534,1.0,0.31122394402821857,0.5228131351835151
21,0.004503090322638552,1.0,0.34224169452985126,0.5385782357877609
22,0.005601182735214631,1.0,0.3771437108516693,0.5554833979606764
23,0.00557639046261708,1.0,0.3140746206045151,0.5644108707844233
24,0.004333613285173972,1.0,0.29741860926151276,0.5736838347840124
25,0.003244970537101229,1.0,0.2966986795266469,0.59336610396393
26,0.0040645047556608915,1.0,0.3410851260026296,0.5833266377032839
