,train_loss,train_score,valid_loss,valid_score
1,0.6669768691062927,0.0,0.6198840886354446,0.0
2,0.5987138628959656,0.1967477507351859,0.5157734006643295,0.0
3,0.49078997373580935,0.5018902600352305,0.4150180369615555,0.35497614640441555
4,0.45128595232963564,0.6857985379856072,0.347467266023159,0.632849531034845
5,0.3747515082359314,0.8122769321068952,0.33515263348817825,0.5644108707844233
6,0.31471142172813416,0.916515138991168,0.37819386273622513,0.508057753499086
7,0.29185188710689547,0.9280472381837995,0.3096299283206463,0.5554833979606764
8,0.2638525366783142,0.9397025783047073,0.35884247720241547,0.5305618431381753
9,0.2265232414007187,0.9815368735540919,0.44196246564388275,0.5010235425246347
10,0.1969922199845314,0.9630301852061649,0.391316719353199,0.5153165472634581
11,0.21023401916027068,0.975456381144309,0.35072194784879684,0.5385782357877609
12,0.1679082542657852,0.9815368735540919,0.3040925934910774,0.5644108707844233
13,0.17741386070847512,0.9815368735540919,0.3260781913995743,0.5736838347840124
14,0.17081220597028732,0.9694116958983826,0.3097321391105652,0.5766459031301908
