,train_loss,train_score,valid_loss,valid_score
1,0.6193718016147614,0.26855305688363895,0.6517951488494873,0.6547396453187238
2,0.35270965099334717,0.7025136259416808,0.5622029304504395,0.5007062118645611
3,0.2205426295598348,0.8261962522948949,0.4396491199731827,0.4643610034819457
4,0.1531649281581243,0.9238697708743119,0.4921380877494812,0.43310156216805623
5,0.11960060646136601,0.9238697708743119,0.6321822702884674,0.4534435128398129
6,0.06934323658545812,0.9647673127600186,0.4346199631690979,0.4122643249643901
7,0.06089512134591738,0.9766049484994053,0.36809633672237396,0.4359902913851654
8,0.03905979047218958,0.9824033179248569,0.2600699197500944,0.4359902913851654
9,0.026045003905892372,1.0,0.2824127897620201,0.4237968890675681
10,0.019907851393024128,1.0,0.44753941893577576,0.4237968890675681
11,0.016585200714568298,1.0,0.4814544916152954,0.4489184466463736
