,train_loss,train_score,valid_loss,valid_score
1,0.5802789330482483,0.3872983346207417,0.7361148198445638,0.4234388245354546
2,0.32537652055422467,0.7217685069680241,0.6218413313229879,0.45902626732567775
3,0.2480385104815165,0.7782233036967389,0.4927320082982381,0.5214562695205918
4,0.14610702047745386,0.8862667592320136,0.362495223681132,0.45867123618010747
5,0.12295529743035634,0.9092562255627332,0.3612549901008606,0.46676537092779546
6,0.08039825161298116,0.9446544968971894,0.28865062197049457,0.5228155443854323
7,0.0518041638036569,0.9753048303966929,0.29974545041720074,0.5025236582327229
8,0.03558562323451042,0.9875771574795098,0.289690633614858,0.46676537092779546
9,0.02882391648987929,0.9937694097483343,0.3211970428625743,0.46676537092779546
10,0.021438562621672947,0.9937694097483343,0.37330499291419983,0.485218572682344
11,0.014993662014603615,0.9937694097483343,0.3677481810251872,0.485218572682344
12,0.016866515080134075,1.0,0.3931524058183034,0.47005268005053724
13,0.009324080310761929,1.0,0.39930710196495056,0.47005268005053724
14,0.014274166586498419,1.0,0.2972361569603284,0.485218572682344
15,0.009935517640163502,1.0,0.3746023128430049,0.4569251597775554
16,0.007141228144367536,1.0,0.2636125087738037,0.4569251597775554
