,train_loss,train_score,valid_loss,valid_score
1,0.6212143898010254,0.20953951903123738,0.8154520591100057,0.36784989745902513
2,0.3455444773038228,0.708993843127882,0.7087482015291849,0.4649999478699639
3,0.25968794027964276,0.8189230248533257,0.6630671223004659,0.4649999478699639
4,0.20403682688872019,0.870810407453103,0.5772796869277954,0.49348826012935876
5,0.16935372849305472,0.8958696997539117,0.5250529845555624,0.5260110247097199
6,0.10236961146195729,0.9334586382051248,0.4582488238811493,0.5132565065402932
7,0.07728850344816844,0.9631774724179828,0.5061478614807129,0.5071720605264959
8,0.04786546900868416,0.9875771574795098,0.4536135693391164,0.5132565065402932
9,0.03246485938628515,0.9875771574795098,0.4443993866443634,0.5925964635077338
10,0.0316145122051239,0.9937694097483343,0.3795090913772583,0.5930610702436184
11,0.03006536265214284,1.0,0.24902072548866272,0.5628841571514129
12,0.02161378785967827,1.0,0.31893659631411236,0.5443134111742758
13,0.01673780319591363,1.0,0.30539413293202716,0.5520582735125914
14,0.011993515926102797,1.0,0.32440019647280377,0.5440298285169028
15,0.009593602580328783,1.0,0.4628167152404785,0.5764620746930896
16,0.014247823817034563,1.0,0.306064506371816,0.5443134111742758
17,0.008064963854849339,1.0,0.31389082471529645,0.5443134111742758
18,0.007903650558243195,1.0,0.3160197635491689,0.5628841571514129
19,0.006795992764333884,1.0,0.30020883679389954,0.5628841571514129
20,0.008280442096292973,1.0,0.31049415469169617,0.5628841571514129
