,train_loss,train_score,valid_loss,valid_score
1,0.6663653254508972,0.0,0.6269247829914093,0.0
2,0.5385462865233421,0.24700771787671946,0.4987168535590172,0.0
3,0.42591678351163864,0.4149230918630249,0.35440365970134735,0.29530205277576554
4,0.3375308960676193,0.5821616046178358,0.24624283239245415,0.5474270215042868
5,0.270063828676939,0.7388462084945441,0.22722959145903587,0.5933506007319062
6,0.20926527306437492,0.8487815428759522,0.27197762578725815,0.5602287114655289
7,0.16008231416344643,0.9102589898327994,0.3057614862918854,0.600245047998781
8,0.12713642045855522,0.9276125895432153,0.334513284265995,0.608265263693434
9,0.08581484295427799,0.9511897312113419,0.3387564569711685,0.608265263693434
10,0.06911358051002026,0.9511897312113419,0.36219052225351334,0.608265263693434
11,0.0624071778729558,0.9631774724179828,0.44047127664089203,0.600245047998781
12,0.05064292112365365,0.9692233691951198,0.4366578757762909,0.577615534661554
13,0.049412967171519995,0.9631774724179828,0.38733723387122154,0.5849328448987128
14,0.03103806497529149,0.9692233691951198,0.3846103586256504,0.600245047998781
15,0.023619345389306545,0.9753048303966929,0.3455262742936611,0.608265263693434
16,0.02911458071321249,0.9814225308444268,0.3220301531255245,0.5602287114655289
17,0.01843115477822721,0.9814225308444268,0.3117901422083378,0.6251050331912297
18,0.02183134388178587,0.9814225308444268,0.40194471180438995,0.577615534661554
19,0.020707396091893315,0.9814225308444268,0.5731010884046555,0.5201065620748432
20,0.01566786551848054,0.9875771574795098,0.6851492524147034,0.4648082538023267
21,0.013303722953423858,0.9937694097483343,0.6808541193604469,0.4883086914557844
22,0.011469984659925103,0.9937694097483343,0.6056480780243874,0.5201065620748432
23,0.009506664820946753,0.9937694097483343,0.5534541085362434,0.5317461901087653
24,0.00970547238830477,0.9937694097483343,0.4909624010324478,0.5257674777235735
25,0.0092248524306342,0.9937694097483343,0.41900330781936646,0.5391608732630575
26,0.00908901251386851,0.9937694097483343,0.40170807391405106,0.5391608732630575
27,0.009358286741189659,0.9937694097483343,0.5241475328803062,0.5503495392790071
