,train_loss,train_score,valid_loss,valid_score
1,0.6626851856708527,0.1886761921960959,0.6972865164279938,0.0
2,0.5441814064979553,0.5970096332516371,0.6568169891834259,0.18560065645997298
3,0.4437250345945358,0.8125387457904408,0.6324963420629501,0.3587898437429578
4,0.3624643534421921,0.9034652232055224,0.5924877226352692,0.5380155709429176
5,0.2870035246014595,0.9268119508060213,0.5525712072849274,0.5443134111742758
6,0.2386004962027073,0.9571664769885428,0.5021589696407318,0.46676537092779546
7,0.17816578224301338,0.9753048303966929,0.4577297642827034,0.47517369410934535
8,0.13995403237640858,0.9753048303966929,0.4588044360280037,0.5270924174778843
9,0.11276823654770851,0.9753048303966929,0.42295047640800476,0.5355452632863152
10,0.08040621317923069,0.9814225308444268,0.3189866989850998,0.496713686957986
11,0.06392439734190702,0.9875771574795098,0.2892450988292694,0.43033503847423493
12,0.04885435709729791,0.9875771574795098,0.310873132199049,0.496713686957986
13,0.04253008309751749,0.9875771574795098,0.31633592769503593,0.5025236582327229
14,0.030540256295353174,0.9875771574795098,0.3674132898449898,0.596745010104818
15,0.027844564523547888,0.9937694097483343,0.34853778779506683,0.5727366410411474
16,0.026710582431405783,0.9937694097483343,0.3330394774675369,0.5628841571514129
17,0.023787330836057663,0.9937694097483343,0.32752033323049545,0.4860592681371314
18,0.01779128098860383,0.9937694097483343,0.3403196409344673,0.44833896041689697
19,0.01527757104486227,0.9937694097483343,0.3112727329134941,0.4696912229544427
20,0.01567688980139792,0.9937694097483343,0.34281961247324944,0.4696912229544427
21,0.013163627590984106,0.9937694097483343,0.34230557084083557,0.496713686957986
22,0.015093106077983975,0.9937694097483343,0.3709488585591316,0.5228155443854323
23,0.0106310696573928,0.9937694097483343,0.36072762683033943,0.5228155443854323
24,0.020755932666361332,0.9875771574795098,0.5130376517772675,0.4819822137441151
