,train_loss,train_score,valid_loss,valid_score
1,0.6649802923202515,0.0,0.6508529335260391,0.0
2,0.5375057756900787,0.4097355387061661,0.5809481889009476,0.0
3,0.435645267367363,0.6497862896539309,0.4956098943948746,0.4278426509712651
4,0.35225193947553635,0.7901680088648886,0.4426950737833977,0.5380155709429176
5,0.25541093200445175,0.8749409199346686,0.3806213364005089,0.5143898553985499
6,0.18871543183922768,0.908399345904316,0.36097754538059235,0.5393094725068078
7,0.13551942445337772,0.938674076853298,0.33294710516929626,0.568563056552301
8,0.09504234418272972,0.9571664769885428,0.3167390376329422,0.5846228234139333
9,0.08066297881305218,0.9631774724179828,0.36423951387405396,0.5393094725068078
10,0.05121411383152008,0.9692233691951198,0.3428257592022419,0.5362630658899051
11,0.04686621483415365,0.9692233691951198,0.3129108026623726,0.5520582735125914
12,0.04346430115401745,0.9753048303966929,0.41172777861356735,0.5143898553985499
13,0.032650153152644634,0.9814225308444268,0.41915329173207283,0.5143898553985499
14,0.0232733734883368,0.9814225308444268,0.39294587820768356,0.5214562695205918
15,0.02320141950622201,0.9875771574795098,0.4034484773874283,0.5287431168515262
16,0.017731733387336135,0.9875771574795098,0.4143156670033932,0.5287431168515262
17,0.01521689654327929,0.9875771574795098,0.4371606484055519,0.5287431168515262
18,0.014994724187999964,0.9875771574795098,0.46359962970018387,0.5214562695205918
