,train_loss,train_score,valid_loss,valid_score
1,0.6300456722577413,0.2145377293875955,0.6352504889170328,0.3229871022259034
2,0.3665441870689392,0.697137002317335,0.6798545320828756,0.44762444868307133
3,0.2655787269274394,0.8385036422358865,0.6557462215423584,0.4204162388033917
4,0.18169849117596945,0.8716318300222063,0.5284321506818136,0.4883086914557844
5,0.15119602779547373,0.9025419790150203,0.39050329724947613,0.5201065620748432
6,0.117044302324454,0.9381598757318014,0.4620061218738556,0.5377877706628422
7,0.07599132259686787,0.9571664769885428,0.33988845348358154,0.5705087134100852
8,0.057727826138337456,0.9814225308444268,0.35179417332013446,0.577615534661554
9,0.04561703900496165,0.9814225308444268,0.39047471682230633,0.5568851831988673
10,0.030442435915271442,1.0,0.4723715583483378,0.525854646498153
11,0.02380509488284588,1.0,0.49732084075609845,0.5439863956645851
12,0.022947416951258976,1.0,0.429572065671285,0.5503495392790071
13,0.01922413893043995,1.0,0.4759570558865865,0.5503495392790071
14,0.015731703490018845,1.0,0.3407409265637398,0.5636018619766345
15,0.01360602087030808,1.0,0.3730643093585968,0.5142311233787904
16,0.010515152166287104,1.0,0.4234257638454437,0.5461512891098178
17,0.008788175570468107,1.0,0.3473907510439555,0.5533515393756029
18,0.010284656969209513,1.0,0.5038285255432129,0.5607731514183623
