,train_loss,train_score,valid_loss,valid_score
1,0.5815345446268717,0.4433944513137059,0.9402762452761332,0.2129060330450949
2,0.3452305297056834,0.7419182958710889,0.8040900031725565,0.34888028307372937
3,0.22248188157876334,0.8563001753084198,0.6457636555035909,0.40001280061443273
4,0.18362493316332498,0.8899170112422062,0.481570432583491,0.43788674636350927
5,0.11905584981044133,0.9331361283626991,0.49384840329488117,0.43553304444319946
6,0.08670691773295403,0.9574271077563381,0.4502832392851512,0.4515412613628389
7,0.07724100848038991,0.9694116958983826,0.47394492228825885,0.45715155542595215
8,0.04536350443959236,0.9938079899999066,0.4708055059115092,0.44607229958147
9,0.032511585702498756,0.9938079899999066,0.3875226179758708,0.4875809527768842
10,0.0238528773188591,0.9938079899999066,0.30463097989559174,0.5468792582251799
11,0.02292623060444991,1.0,0.40307890872160596,0.5833266377032839
12,0.017066715906063717,1.0,0.3102932920058568,0.5736838347840124
13,0.011738692099849382,1.0,0.38724765181541443,0.5736838347840124
14,0.011479053956766924,1.0,0.31766575078169507,0.5644108707844233
15,0.012251362825433413,1.0,0.4864470660686493,0.5468792582251799
16,0.008985686581581831,1.0,0.39169617493947345,0.5468792582251799
17,0.008048992604017258,1.0,0.5226889352003733,0.5385782357877609
18,0.006513411179184914,1.0,0.5035673578580221,0.5228131351835151
19,0.005800215061753988,1.0,0.36615489423274994,0.5554833979606764
20,0.0076313079334795475,1.0,0.34917600452899933,0.5644108707844233
21,0.006246031261980534,1.0,0.4721856415271759,0.5736838347840124
