,train_loss,train_score,valid_loss,valid_score
1,0.569663276274999,0.3876012664892074,0.7259107232093811,0.4414464326564874
2,0.3198702484369278,0.7586972014881641,0.6720093488693237,0.2841603633296161
3,0.22673570116360983,0.8575075212125957,0.7495386898517609,0.30167593550676297
4,0.16572633882363638,0.913179019271519,0.526864767074585,0.3298789308767264
5,0.12049737324317296,0.9250384870542661,0.39924678206443787,0.43310156216805623
6,0.092055377860864,0.9480909262799544,0.5277885645627975,0.4643610034819457
7,0.056367249538501106,0.9766049484994053,0.545678973197937,0.4534435128398129
8,0.03887717177470525,0.9941002434954168,0.42209482192993164,0.4534435128398129
9,0.0347202035288016,0.9941002434954168,0.5855089724063873,0.4534435128398129
10,0.027078066021203995,0.9941002434954168,0.6768763065338135,0.40132865562736186
11,0.030045512442787487,0.9941002434954168,0.32138003408908844,0.4122643249643901
12,0.015645909123122692,1.0,0.5357990860939026,0.4237968890675681
13,0.012322010161976019,1.0,0.2547989785671234,0.47733772864664964
14,0.011605073076983293,1.0,0.3368472009897232,0.49304852588361187
15,0.011027722929914793,1.0,0.44630420207977295,0.46266734535479903
16,0.009955487214028835,1.0,0.3535579890012741,0.46266734535479903
17,0.007750459636251132,1.0,0.2787352427840233,0.49304852588361187
18,0.006877047785868247,1.0,0.44892995059490204,0.47733772864664964
19,0.007533617472896974,1.0,0.22857574373483658,0.42325727909454847
20,0.0062545921343068285,1.0,0.43429502844810486,0.42325727909454847
21,0.005782766422877709,1.0,0.24767517670989037,0.42325727909454847
22,0.004553125084688266,1.0,0.33413419127464294,0.3814485014365837
23,0.00520642443249623,1.0,0.3258574828505516,0.3814485014365837
24,0.005297461524605751,1.0,0.47377994656562805,0.3814485014365837
