,train_loss,train_score,valid_loss,valid_score
1,0.6675173342227936,0.055989251095585425,0.5641382038593292,0.0
2,0.5565344095230103,0.34776522180356195,0.5086697489023209,0.0
3,0.44326652586460114,0.5821616046178358,0.4262058138847351,0.3930491888651133
4,0.3487124517560005,0.730645870515607,0.3430040255188942,0.6068823877102338
5,0.2684538774192333,0.8415867562338825,0.2818194553256035,0.6197243139311088
6,0.2013254091143608,0.8851483970098256,0.22614706680178642,0.6197243139311088
7,0.14726212248206139,0.9276125895432153,0.19655215181410313,0.6635549740026024
8,0.10418038442730904,0.9631774724179828,0.2188851796090603,0.6615543135926922
9,0.07341261766850948,0.9875771574795098,0.24914037063717842,0.6400715564971587
10,0.05527308862656355,0.9814225308444268,0.26146838441491127,0.6108401070689651
11,0.04762967862188816,0.9875771574795098,0.27808061987161636,0.6108401070689651
12,0.03967747371643782,0.9875771574795098,0.28998834639787674,0.6108401070689651
13,0.03731149109080434,0.9875771574795098,0.28189732879400253,0.6202199014913234
14,0.03214403335005045,0.9814225308444268,0.27928852289915085,0.6202199014913234
15,0.023912775330245495,0.9875771574795098,0.31958940997719765,0.5925964635077338
16,0.020720720291137695,0.9875771574795098,0.37730471417307854,0.5850606822120846
17,0.018918500281870365,0.9937694097483343,0.3361709602177143,0.6003661886212118
