,train_loss,train_score,valid_loss,valid_score
1,0.5320600767930349,0.3881140798554641,0.9690800309181213,0.23841957009170814
2,0.28626755873362225,0.7731523606134355,0.8821527361869812,0.29764253996014733
3,0.21897873282432556,0.8271904719714515,0.6643618047237396,0.3656933382590648
4,0.1358902851740519,0.9112585565374655,0.6785016059875488,0.3834824944236852
5,0.0974993680914243,0.9529296770206318,0.7074589431285858,0.44762444868307133
6,0.05304925019542376,0.9766049484994053,0.6166134923696518,0.48341044854730425
7,0.038464125245809555,0.9941002434954168,0.8855693191289902,0.4933139302473538
8,0.0250922292470932,1.0,0.28835441172122955,0.5377877706628422
9,0.020658420398831367,1.0,0.3951874375343323,0.5377877706628422
10,0.015237131466468176,1.0,0.38101984560489655,0.5636018619766345
11,0.011026986874639988,1.0,0.45572130382061005,0.5924719553724154
12,0.009115960448980331,1.0,0.4094056040048599,0.5924719553724154
13,0.009501971304416656,1.0,0.5634208619594574,0.608265263693434
14,0.005292319692671299,1.0,0.39085322618484497,0.6251050331912297
15,0.005499523598700762,1.0,0.44695334136486053,0.608265263693434
16,0.004311650137727459,1.0,0.2653137035667896,0.608265263693434
17,0.004393827014913161,1.0,0.5396853685379028,0.608265263693434
18,0.0031375919158260026,1.0,0.24510594829916954,0.608265263693434
19,0.003428417801236113,1.0,0.39931735396385193,0.608265263693434
20,0.003482282472153505,1.0,0.4171350300312042,0.6251050331912297
21,0.002502126075948278,1.0,0.4668617248535156,0.6251050331912297
22,0.003703678880507747,1.0,0.2417275793850422,0.608265263693434
23,0.0028574603299299874,1.0,0.2964196279644966,0.6431196942844082
24,0.002551625637958447,1.0,0.24331330880522728,0.608265263693434
25,0.0020192546459535756,1.0,0.5428181290626526,0.6251050331912297
26,0.004924001870676875,1.0,0.29240870475769043,0.6251050331912297
27,0.0025715741018454232,1.0,0.3868967294692993,0.6251050331912297
28,0.002115517195003728,1.0,0.37147392332553864,0.6251050331912297
29,0.002838929028560718,1.0,0.25460564345121384,0.6251050331912297
30,0.0025268270013233027,1.0,0.23125803843140602,0.6251050331912297
31,0.0018131722463294864,1.0,0.3542296439409256,0.6251050331912297
32,0.001942333842938145,1.0,0.2839614599943161,0.6251050331912297
33,0.002393129048869014,1.0,0.3060341849923134,0.5924719553724154
