,train_loss,train_score,valid_loss,valid_score
1,0.5825814704100291,0.33886949683494305,0.7020258009433746,0.410785239182794
2,0.3426811198393504,0.7355974467081867,0.7529143691062927,0.31553402384879164
3,0.24599541227022806,0.8193641358574979,0.6113788783550262,0.34045327482409776
4,0.1736170550187429,0.9061332203934908,0.46587127447128296,0.35905560783691276
5,0.10884351531664531,0.958972862072802,0.4607267826795578,0.3907849789186796
6,0.08682214468717575,0.9530071308033987,0.44471487402915955,0.3907849789186796
7,0.05106734732786814,0.9825059384426867,0.48697027564048767,0.34045327482409776
8,0.0358146478732427,0.9883036912035246,0.6225517690181732,0.3907849789186796
9,0.02941063977777958,0.9941348467724344,0.6391581594944,0.4026083101346738
10,0.01658760756254196,1.0,0.47955016791820526,0.4285804643485892
11,0.016471865586936474,0.9941348467724344,0.3396075814962387,0.44292861559616115
12,0.011118936352431774,1.0,0.25792089849710464,0.4930584322847129
13,0.0072420186673601466,1.0,0.5735991299152374,0.4930584322847129
14,0.007473749263832967,1.0,0.3028942197561264,0.4930584322847129
15,0.005165614498158296,1.0,0.31870216131210327,0.4930584322847129
16,0.005587213983138402,1.0,0.35342685878276825,0.5127645625236082
17,0.0053754462860524654,1.0,0.6460885256528854,0.5127645625236082
18,0.003702096718673905,1.0,0.2783419042825699,0.5344015374529363
19,0.0032147873813907304,1.0,0.2201286405324936,0.5344015374529363
20,0.004024572980900605,1.0,0.2676578387618065,0.5344015374529363
21,0.004122914746403694,1.0,0.3999865651130676,0.45254205066847153
22,0.0033657923340797424,1.0,0.30084508657455444,0.45254205066847153
23,0.006401559182753165,1.0,0.24666711688041687,0.45254205066847153
24,0.0034011649743964276,1.0,0.15097951469942927,0.45254205066847153
25,0.0027310275472700596,1.0,0.15896337572485209,0.45254205066847153
26,0.003947953227907419,1.0,0.3052816092967987,0.5344015374529363
27,0.00283474773944666,1.0,0.2578277513384819,0.5344015374529363
28,0.003141457370171944,1.0,0.3880566880106926,0.45254205066847153
