,train_loss,train_score,valid_loss,valid_score
1,0.6698220372200012,0.09697622757528539,0.6409743428230286,0.0
2,0.575389289855957,0.536344401610571,0.613229364156723,0.1194880298498108
3,0.5033363819122314,0.7615096238502143,0.5726500600576401,0.5625
4,0.40721132755279543,0.8688009077946741,0.49314621835947037,0.5895356489380615
5,0.428314745426178,0.8813016402809284,0.5063065513968468,0.5311325403737385
6,0.33979364335536955,0.9051016735969626,0.5095692351460457,0.5863954716083737
7,0.2633536964654922,0.9634021551641092,0.4449863061308861,0.5895356489380615
8,0.2793296813964844,0.9815368735540919,0.4915832057595253,0.5010235425246347
9,0.2440597414970398,0.9694116958983826,0.36267754435539246,0.5833266377032839
10,0.22638898342847824,0.975456381144309,0.32076868787407875,0.6017285556144979
11,0.19258587807416916,0.9815368735540919,0.3444732055068016,0.5644108707844233
12,0.2585578538477421,0.975456381144309,0.3888753578066826,0.5010235425246347
13,0.1707000732421875,0.9694116958983826,0.3451708108186722,0.5291512996637923
14,0.14692870154976845,0.975456381144309,0.38756048679351807,0.5575924917330947
15,0.2004762426018715,0.9815368735540919,0.4233686476945877,0.4942017081349402
16,0.14847945421934128,0.9694116958983826,0.3128630220890045,0.578654925565073
17,0.2291672445833683,0.9691123561673313,0.3008171021938324,0.5417050278466475
18,0.1805402934551239,0.975456381144309,0.38047510385513306,0.5038378351241242
19,0.17614441812038423,0.975456381144309,0.3424864672124386,0.5554833979606764
20,0.15451528877019882,0.9815368735540919,0.3477804660797119,0.5554833979606764
