,train_loss,train_score,valid_loss,valid_score
1,0.6034476558367411,0.30664287167039883,0.8586854636669159,0.3834824944236852
2,0.3739784558614095,0.6983562428302014,0.8280643820762634,0.3339455162794333
3,0.2410912811756134,0.8152047480596408,0.7477069795131683,0.3528374160166421
4,0.17286614576975504,0.8975225474570442,0.5027944296598434,0.4057458677632036
5,0.12085903187592824,0.9424797909900143,0.41232289373874664,0.4235960746081079
6,0.10003915180762608,0.9480909262799544,0.5723406076431274,0.4534435128398129
7,0.058696004251639046,0.9766049484994053,0.35085102915763855,0.5142311233787904
8,0.05253282437721888,0.9766049484994053,0.34555186331272125,0.5281862745098039
9,0.03991971164941788,0.9882348845970288,0.19559719413518906,0.5933506007319062
10,0.025255770112077396,0.9882348845970288,0.3019784912467003,0.6196222237042267
11,0.021475812420248985,1.0,0.14155700616538525,0.6489334107284183
12,0.020154161378741264,1.0,0.2187226116657257,0.6489334107284183
13,0.015430693825085958,1.0,0.310469888150692,0.6196222237042267
14,0.014556072962780794,1.0,0.2650987058877945,0.5933506007319062
15,0.010163022515674433,1.0,0.2920472025871277,0.5696061340791194
16,0.007804733390609424,1.0,0.2650103121995926,0.5696061340791194
17,0.008356742405643066,1.0,0.34119339287281036,0.5933506007319062
18,0.009381650326152643,1.0,0.15629553981125355,0.5933506007319062
19,0.006981181912124157,1.0,0.1461938787251711,0.6196222237042267
20,0.007022526115179062,1.0,0.15666533634066582,0.5696061340791194
21,0.005873246428867181,1.0,0.20254188776016235,0.5696061340791194
