,train_loss,train_score,valid_loss,valid_score
1,0.5886322061220804,0.3266869858509621,0.6644295156002045,0.5637897751785399
2,0.31212228536605835,0.7003737206238427,0.6477819085121155,0.5503495392790071
3,0.22896543641885123,0.8261962522948949,0.5470701456069946,0.5377877706628422
4,0.1286123146613439,0.936239789701455,0.4893777072429657,0.48341044854730425
5,0.08152320981025696,0.9708391914381,0.6330743134021759,0.4648082538023267
6,0.06412442525227864,0.9766049484994053,0.7704933881759644,0.42410405962884296
7,0.03769128521283468,0.9941002434954168,0.6545757502317429,0.44762444868307133
8,0.024887006108959515,0.9941002434954168,0.720923513174057,0.431670023615175
9,0.01585250534117222,1.0,0.6782904267311096,0.4395039840402831
10,0.013010043340424696,1.0,0.7089878022670746,0.4648082538023267
11,0.011524041804174582,1.0,0.6269583106040955,0.4648082538023267
