,train_loss,train_score,valid_loss,valid_score
1,0.6009860734144846,0.34434742105767197,0.7374763786792755,0.43883765531559205
2,0.3455146749814351,0.7430023857000686,0.6806907653808594,0.5506364037964169
3,0.22365091244379678,0.8207309674204162,0.6462007164955139,0.4936612566406058
4,0.15845542152722678,0.9300366886693859,0.373029887676239,0.5506364037964169
5,0.11786272376775742,0.9418842897989322,0.39829371869564056,0.5506364037964169
6,0.07543940842151642,0.9651054716602593,0.5144743919372559,0.5778768085322478
7,0.0628997025390466,0.9763997362785015,0.4028779864311218,0.5010370871791437
8,0.03703752780954043,0.9882348845970288,0.49119478464126587,0.5145473852885938
9,0.030808233966430027,0.9941002434954168,0.3271462172269821,0.544172385853091
10,0.025297910595933597,0.9941002434954168,0.31844043731689453,0.5288932361229772
11,0.02004559648533662,1.0,0.38987645506858826,0.544172385853091
12,0.013367482461035252,1.0,0.4440423250198364,0.544172385853091
13,0.011391649643580118,1.0,0.29356467723846436,0.5780094768945447
14,0.01027140828470389,1.0,0.11008901381865144,0.6636475659325125
15,0.009096400501827398,1.0,0.11301223188638687,0.6902957463175692
16,0.006624997283021609,1.0,0.1222982294857502,0.7528029369536413
17,0.007143788039684296,1.0,0.1101823840290308,0.6821139570163466
18,0.014902053012823066,1.0,0.25215834379196167,0.6198256496549948
19,0.007149589713662863,1.0,0.40556564182043076,0.5968637525437926
20,0.006749840298046668,1.0,0.39483092725276947,0.56049937918095
21,0.005561460896084706,1.0,0.3498033881187439,0.56049937918095
22,0.006481969418625037,1.0,0.15837747417390347,0.5780094768945447
23,0.004534660683323939,1.0,0.25566229224205017,0.5780094768945447
24,0.006295683793723583,1.0,0.16072747576981783,0.5780094768945447
25,0.004062166903167963,1.0,0.35815930366516113,0.5780094768945447
26,0.0062072547152638435,1.0,0.2565299719572067,0.6172558123259554
