,train_loss,train_score,valid_loss,valid_score
1,0.6756438910961151,0.055989251095585425,0.7260028421878815,0.0
2,0.5720635503530502,0.3275155507547072,0.624589741230011,0.0
3,0.4584338068962097,0.6255432421712244,0.5157739892601967,0.3917588380249249
4,0.35467999428510666,0.7435776558344673,0.4012313634157181,0.44833896041689697
5,0.2684815227985382,0.8198287805213585,0.3214849457144737,0.5697286875911557
6,0.21104900538921356,0.8862667592320136,0.3190079927444458,0.485218572682344
7,0.14239712618291378,0.9393364366277243,0.3379955291748047,0.48200130997028184
8,0.11223543994128704,0.9506686740748921,0.36710456758737564,0.5008722801238833
9,0.07022841740399599,0.9753048303966929,0.34055664390325546,0.4960640570867206
10,0.05035009514540434,0.9814225308444268,0.3093915469944477,0.47005268005053724
11,0.04210189078003168,0.9753048303966929,0.34391242265701294,0.4752865513439579
12,0.029970038682222366,0.9814225308444268,0.39468497037887573,0.4536378766290918
13,0.03591873636469245,0.9814225308444268,0.4367397204041481,0.4285085898319191
14,0.024844123981893063,0.9875771574795098,0.336848359555006,0.48200130997028184
15,0.018703454406931996,0.9875771574795098,0.32650183141231537,0.5603645555564457
