,train_loss,train_score,valid_loss,valid_score
1,0.6203095316886902,0.22405302233575658,0.5734708706537882,0.1565219758368154
2,0.33371323347091675,0.6857143853523928,0.5573158860206604,0.5010235425246347
3,0.2502894103527069,0.866636764080084,0.5115799605846405,0.40671345897933514
4,0.19385426739851633,0.8840533850378602,0.5024262567361196,0.4304510570583908
5,0.120201475918293,0.939048189243238,0.3617442349592845,0.5010235425246347
6,0.1008328025539716,0.904045545263397,0.4060162603855133,0.4942017081349402
7,0.07057267427444458,0.9566878387805706,0.46199878056844074,0.4942017081349402
8,0.04383388658364614,0.9876538476102781,0.34448885420958203,0.4875809527768842
9,0.039003084103266396,0.9876538476102781,0.3670530766248703,0.4942017081349402
10,0.029726797093947727,0.9938079899999066,0.5444678962230682,0.5010235425246347
11,0.024523974706729252,0.9938079899999066,0.41073110699653625,0.5153165472634581
12,0.020818653826912243,0.9938079899999066,0.33325691521167755,0.5468792582251799
13,0.019215258459250133,1.0,0.3108357787132263,0.5736838347840124
14,0.017061978578567505,1.0,0.3342457314332326,0.5833266377032839
15,0.012209421334167322,1.0,0.31044558187325794,0.5833266377032839
16,0.008524695876985788,1.0,0.37463120619455975,0.5833266377032839
17,0.008245567015061775,1.0,0.32941598693529767,0.5833266377032839
18,0.02000798626492421,0.9876538476102781,0.29708780845006305,0.5644108707844233
19,0.005887574361016353,1.0,0.4424600501855214,0.5010235425246347
20,0.013097423439224562,1.0,0.3731069713830948,0.508057753499086
21,0.006276160478591919,1.0,0.3364098419745763,0.5385782357877609
22,0.009743622814615568,1.0,0.39607521891593933,0.5833266377032839
23,0.00655927478025357,1.0,0.389298955599467,0.5833266377032839
24,0.006277748228361209,1.0,0.40806464354197186,0.5736838347840124
