,train_loss,train_score,valid_loss,valid_score
1,0.5832327703634897,0.33413837529972873,0.917613297700882,0.2901201613628344
2,0.32305387655893963,0.7740108362275614,0.8834599554538727,0.29833538647891555
3,0.22002114355564117,0.8283059174013561,0.9709635078907013,0.3839860094774972
4,0.16236485540866852,0.8902116343966842,0.5850571691989899,0.44802893545763234
5,0.11720740795135498,0.9368979548370131,0.5648030936717987,0.5039986096609256
6,0.07550121222933133,0.9705671333715453,0.4865061640739441,0.5148193987604248
7,0.06655064225196838,0.959403223600247,0.3636929765343666,0.45383074708429655
8,0.036074296881755195,0.9824033179248569,0.5882937014102936,0.46473441196683624
9,0.02753363425532977,0.9824033179248569,0.4830375611782074,0.5380870867205206
10,0.020767731592059135,0.9941002434954168,0.6132259368896484,0.5261662155060294
11,0.018993815096716087,0.9941002434954168,0.8353248834609985,0.5261662155060294
12,0.013864879806836447,1.0,0.9040668606758118,0.5039986096609256
13,0.010746984742581844,1.0,0.7427201569080353,0.4761985195794939
14,0.009993810517092546,1.0,0.6655807793140411,0.4761985195794939
15,0.009144069626927376,1.0,0.6092319786548615,0.41268063830318696
16,0.005641414473454158,1.0,0.5709444880485535,0.4241973658260398
17,0.006024655420333147,1.0,0.5422151982784271,0.41268063830318696
18,0.005734543626507123,1.0,0.4457666873931885,0.4761985195794939
19,0.004684194612006347,1.0,0.72272989153862,0.4761985195794939
