,train_loss,train_score,valid_loss,valid_score
1,0.6027169028917948,0.2933651867845827,0.7782447338104248,0.32681821380153925
2,0.3558058838049571,0.7034802729391341,0.812917023897171,0.1901156254611127
3,0.24604893227418265,0.8357839655949183,1.022598147392273,0.22952768044754146
4,0.16232673823833466,0.9120252866323335,0.7262723743915558,0.2654073312063685
5,0.11543722699085872,0.9418842897989322,0.7384319305419922,0.3224608291466229
6,0.10067703326543172,0.913179019271519,0.7011609673500061,0.28276992137502566
7,0.05271118630965551,0.9882348845970288,0.8687990307807922,0.2599159128871644
8,0.033104484900832176,1.0,1.041294813156128,0.2545582929467004
9,0.030833644171555836,1.0,0.9263019859790802,0.2599159128871644
10,0.01934987244506677,1.0,1.016854703426361,0.28888563436362574
11,0.01771634134153525,1.0,1.4300987422466278,0.30167593550676297
