,train_loss,train_score,valid_loss,valid_score
1,0.6653843373060226,0.09728166526882823,0.6647543162107468,0.0
2,0.5602514892816544,0.3675735220573526,0.6139287054538727,0.0
3,0.46634048223495483,0.6693009793097403,0.5413772463798523,0.18649298426002434
4,0.35749854892492294,0.809081334620376,0.46368569880723953,0.475902401179709
5,0.2790178693830967,0.8977036934213125,0.41491852700710297,0.397079943234774
6,0.20492995157837868,0.9276125895432153,0.3947359174489975,0.4239978953580341
7,0.16382157057523727,0.9631774724179828,0.4346555471420288,0.41815720438935444
8,0.11340034194290638,0.9753048303966929,0.49134039878845215,0.40693843407609076
9,0.10937578044831753,0.9814225308444268,0.3815009221434593,0.4300036161613409
10,0.06364996917545795,0.9814225308444268,0.3255055733025074,0.455865048283536
11,0.06651509553194046,0.9814225308444268,0.44102390110492706,0.4502898311244038
12,0.036745341029018164,1.0,0.5705364868044853,0.4192123585410357
13,0.04086747346445918,0.9875,0.5403785035014153,0.4502898311244038
14,0.027061463799327612,1.0,0.40821901336312294,0.4360763805054353
