,train_loss,train_score,valid_loss,valid_score
1,0.6643276661634445,0.07930515857181442,0.6578296273946762,0.0
2,0.5457548946142197,0.44553548978636487,0.6044093519449234,0.0
3,0.4330184683203697,0.6410150525682277,0.5256753861904144,0.20891679749958234
4,0.33177293837070465,0.7668805763271997,0.4564543142914772,0.4313184625883116
5,0.24593627080321312,0.8707707839849465,0.40235598385334015,0.455865048283536
6,0.18136050924658775,0.9276125895432153,0.36713770776987076,0.4491032374499764
7,0.13097441010177135,0.9511897312113419,0.3786318674683571,0.43618324728936597
8,0.08516435883939266,0.9631774724179828,0.4119839668273926,0.4239978953580341
9,0.06624031625688076,0.9814225308444268,0.4047243669629097,0.46876788267402686
10,0.04394029174000025,0.9875771574795098,0.3778129369020462,0.47750577218910545
11,0.03657171688973904,1.0,0.42322129011154175,0.48200130997028184
12,0.025011589750647545,1.0,0.5107907950878143,0.4502898311244038
13,0.02134345518425107,1.0,0.5673128291964531,0.44446032391010293
14,0.016175632597878575,1.0,0.5862913057208061,0.44446032391010293
15,0.014510603621602058,1.0,0.5723645687103271,0.4502898311244038
16,0.0128735585603863,1.0,0.5478050485253334,0.4300036161613409
17,0.019107266329228878,1.0,0.5227914750576019,0.455865048283536
18,0.010323771159164608,1.0,0.5399719774723053,0.4491032374499764
19,0.00980570469982922,1.0,0.508666142821312,0.455865048283536
20,0.02204382501076907,0.9814225308444268,0.8795017302036285,0.37604722528651713
21,0.010394259705208242,1.0,0.9584701061248779,0.3638676722121466
