,train_loss,train_score,valid_loss,valid_score
1,0.44094767760146747,0.26848229528957324,0.22697757929563522,0.4598040377013014
2,0.1470284377309409,0.4963289728001027,0.1103515662252903,0.3240074735432462
3,0.08799180083654144,0.7192446409156387,0.1449195183813572,0.3240074735432462
4,0.054555000737309456,0.849125448797252,0.07228207029402256,0.4598040377013014
5,0.0333398019217632,0.9321882954987935,0.10168947651982307,0.6089587504852714
6,0.02209617104381323,0.9745411335042572,0.05773011967539787,0.5781129107441693
7,0.014325670093636621,0.9809520836703989,0.17062688618898392,0.7631792376317924
8,0.009347492003474723,0.9936814945830428,0.08974182605743408,0.7347075025227382
9,0.008520579261874611,1.0,0.07082208700012416,0.5781129107441693
10,0.0066827071237970485,0.9936814945830428,0.0967797301709652,0.6447688564476886
11,0.007156263094988059,0.9936814945830428,0.19367513805627823,0.6548243979688554
12,0.03097022498365153,0.9393979341977824,0.3661275580525398,0.4803638831815326
13,0.01548032813959501,0.9713205579673189,0.09365887439344078,0.3240074735432462
14,0.010776279716413806,0.98095796042572,0.11982455104589462,0.5639749554641788
15,0.005507228335111656,0.9968445337505017,0.27276967838406563,0.4803638831815326
16,0.0036389425354586406,1.0,0.16141176223754883,0.664240748977834
17,0.0033375165446407414,1.0,0.0812956290319562,0.7422540691821973
