,train_loss,train_score,valid_loss,valid_score
1,0.6151338815689087,0.26873047453394633,0.8748423159122467,0.36719337164057003
2,0.3539791703224182,0.7136980734217048,0.859538346529007,0.36061916068834143
3,0.25705185532569885,0.8204181180779127,0.8882411420345306,0.36061916068834143
4,0.1827609439690908,0.9013195514887721,0.9151808619499207,0.40332300621335776
5,0.13764795660972595,0.936239789701455,0.5112624615430832,0.4062004732300889
6,0.10089354713757832,0.9424797909900143,0.5250776708126068,0.45383074708429655
7,0.07038559764623642,0.9708391914381,0.7045195400714874,0.4564449834761722
8,0.05720137928922971,0.9766049484994053,0.749132513999939,0.43991964688915264
9,0.04799697051445643,0.9766049484994053,0.9340500235557556,0.41492893278912213
10,0.035283785313367844,0.9882348845970288,0.43680137395858765,0.4240240165734286
11,0.029381729041536648,0.9941002434954168,0.508434608578682,0.4241973658260398
12,0.027044732123613358,0.9941002434954168,0.32669979333877563,0.3948457165080377
13,0.01937733869999647,0.9941002434954168,0.5381833016872406,0.3240795361926284
14,0.017679908623298008,0.9941002434954168,0.5795503258705139,0.38186560682438564
15,0.014815844595432281,0.9941002434954168,0.5868004262447357,0.4363747336214401
16,0.015414636892577013,1.0,0.650084525346756,0.44928662532508584
17,0.009923133378227552,1.0,0.6365994215011597,0.4241973658260398
