,train_loss,train_score,valid_loss,valid_score
1,0.5931033591429392,0.32287320150037885,0.7067146301269531,0.42325727909454847
2,0.3220247228940328,0.6953288019758299,0.7870942056179047,0.22952768044754146
3,0.23923320571581522,0.7786453888534621,0.8577668964862823,0.21569863017316265
4,0.15838501354058585,0.8707986830216543,0.6364038735628128,0.2654073312063685
5,0.12893709043661752,0.8998021774304342,0.6922590136528015,0.33757303946000017
6,0.08800355593363444,0.959403223600247,0.5475445240736008,0.34556479458592937
7,0.053321473300457,0.9824033179248569,0.8118928372859955,0.34556479458592937
8,0.04246436804533005,0.9941002434954168,0.9591455459594727,0.3224608291466229
9,0.028876342500249546,1.0,0.9234334230422974,0.3224608291466229
10,0.021274299050370853,1.0,0.5356707274913788,0.31529917843017563
11,0.015113891723255316,1.0,0.8633078336715698,0.3298789308767264
