,train_loss,train_score,valid_loss,valid_score
1,0.6732094168663025,0.07535405389549925,0.6877942681312561,0.0
2,0.5749216258525849,0.4969293465978881,0.6157983243465424,0.37615154954012486
3,0.48928686380386355,0.6840920995686773,0.4650896042585373,0.5692005905369899
4,0.39729925990104675,0.8175535348730502,0.43465498089790344,0.520397179026005
5,0.3309169888496399,0.8813016402809284,0.4542725905776024,0.4515412613628389
6,0.31289963722229003,0.9266104648824004,0.3935677707195282,0.4357106264483344
7,0.2556799054145813,0.9455779434075351,0.36020684987306595,0.46882408759000693
8,0.2227104887366295,0.9574271077563381,0.44338877499103546,0.43553304444319946
9,0.24589243084192275,0.9206943133178631,0.29313843324780464,0.5119662654015451
10,0.23852696418762206,0.9574271077563381,0.34714627265930176,0.4942017081349402
11,0.20332200825214386,0.9280472381837995,0.29621731117367744,0.5228131351835151
12,0.20319696441292762,0.9634021551641092,0.577504888176918,0.4112533016442738
13,0.17915296107530593,0.9449929894737883,0.4427369311451912,0.4875809527768842
