,train_loss,train_score,valid_loss,valid_score
1,0.5891373753547668,0.37665514176294507,0.9268283446629842,0.24233207013262834
2,0.35973356167475384,0.7489611211156163,0.8873967329661051,0.2710326869862867
3,0.2404970775047938,0.841697576624542,0.7584826350212097,0.31023908263252237
4,0.1774143079916636,0.9076906346261387,0.7502338886260986,0.3429107477156066
5,0.1286310205856959,0.9201247529086886,0.6140845417976379,0.39619115846221586
6,0.09979147712389629,0.9509711596136046,0.6583137114842733,0.4160251471689218
7,0.07135535031557083,0.9630301852061649,0.5952218373616537,0.4160251471689218
8,0.043569507698218025,0.9813853901249078,0.5387215912342072,0.4425379605474631
9,0.04163571447134018,0.9876538476102781,0.5803765455881754,0.44073823778995425
10,0.029321097458402317,1.0,0.36194563905398053,0.48115080213831113
11,0.020089691504836082,1.0,0.42324720819791156,0.4671241904209606
12,0.01765379309654236,1.0,0.5292783379554749,0.4540034830713326
13,0.016936668194830418,1.0,0.45667635401089984,0.42994599252156734
14,0.011120012495666742,1.0,0.5039377808570862,0.44607229958147
15,0.014638515189290047,1.0,0.6019411683082581,0.44607229958147
16,0.007265085509667794,1.0,0.5764449834823608,0.43553304444319946
17,0.013900327496230602,1.0,0.5396860738595327,0.4304510570583908
18,0.006306582596153021,1.0,0.43889273206392926,0.42994599252156734
19,0.006626632064580917,1.0,0.41821833948294324,0.42433421239575275
20,0.007309758570045233,1.0,0.3792744080225627,0.4199054451635033
