,train_loss,train_score,valid_loss,valid_score
1,0.6027241746584574,0.36600512410760655,0.8154453039169312,0.2694002111567968
2,0.3277385135491689,0.7658220358589206,0.9897761344909668,0.20689079784394349
3,0.2092272142569224,0.8371971065648838,1.014265537261963,0.24421445155215898
4,0.14123603204886118,0.9076163634147758,0.8108255863189697,0.2654073312063685
5,0.10953345398108165,0.9537318909284785,0.9852168560028076,0.27682510025980206
6,0.07201109205683072,0.9651054716602593,0.7982272505760193,0.31529917843017563
7,0.04986043150226275,0.9882348845970288,0.831924319267273,0.31529917843017563
8,0.04181963267425696,0.9941002434954168,0.8063308596611023,0.28888563436362574
9,0.028074961776534717,1.0,0.8942413926124573,0.3298789308767264
10,0.025212659190098446,1.0,0.8121426701545715,0.36254007170247404
11,0.019273410861690838,1.0,0.584736093878746,0.353878218968862
12,0.013569720089435577,1.0,1.0299946963787079,0.3083762521764126
13,0.013654936105012894,1.0,0.6845737993717194,0.31529917843017563
14,0.010459446037809053,1.0,0.9348917007446289,0.31529917843017563
15,0.01173619863887628,1.0,0.6175525337457657,0.34556479458592937
16,0.011050999785463015,1.0,0.6275908946990967,0.353878218968862
17,0.007940068220098814,1.0,0.9488245844841003,0.32681821380153925
18,0.008049762186904749,1.0,0.7872062921524048,0.32681821380153925
19,0.007317835775514443,1.0,0.4956336095929146,0.32681821380153925
20,0.007020676353325446,1.0,0.6680499613285065,0.353878218968862
