,train_loss,train_score,valid_loss,valid_score
1,0.5236907502015432,0.0,0.6014775633811951,0.0
2,0.3196260333061218,0.0,0.369926780462265,0.0
3,0.24488970140616098,0.0,0.24984385073184967,0.0
4,0.22486542661984762,0.0,0.2303972840309143,0.0
5,0.20451576014359793,-0.004997175832080632,0.2372245490550995,0.0
6,0.19108209013938904,0.12844232497940392,0.2248881757259369,0.0
7,0.17427624513705572,0.18610284634539415,0.20549888908863068,0.0
8,0.1639888882637024,0.322007472718054,0.19144684076309204,0.0
9,0.15989717841148376,0.3542202661701624,0.17203432321548462,0.0
10,0.1371204579869906,0.41618408485740654,0.16649994254112244,0.0
