,train_loss,train_score,valid_loss,valid_score
1,0.6202406287193298,0.16737983495058364,0.6139719784259796,0.17688728441930626
2,0.37258075674374896,0.6870475278835946,0.5068172514438629,0.6120093165604357
3,0.2831425368785858,0.8020005588336291,0.33191585540771484,0.7390659560519331
4,0.21022971967856088,0.8418904867589738,0.2559143677353859,0.7390659560519331
5,0.16314845035473505,0.8735555046022885,0.20648694038391113,0.7112540705972631
6,0.1131337583065033,0.9596374079840052,0.219475619494915,0.6629075099755672
7,0.0748681512971719,0.9710083124552245,0.303571417927742,0.6629075099755672
8,0.05564413592219353,0.9767410038007758,0.2273474857211113,0.7112540705972631
9,0.04449697335561117,0.9825059384426867,0.14105126447975636,0.7390659560519331
10,0.03975947946310043,0.9883036912035246,0.11064446717500687,0.7390659560519331
11,0.0253213116278251,0.9883036912035246,0.10811089165508747,0.7112540705972631
12,0.03130845228830973,0.9883036912035246,0.11769247055053711,0.7112540705972631
13,0.01930397500594457,1.0,0.09864877536892891,0.7112540705972631
