,train_loss,train_score,valid_loss,valid_score
1,0.6774645805358886,0.0,0.594229981303215,0.0
2,0.5484227299690246,0.39978649971112956,0.5270762890577316,0.0
3,0.46538095474243163,0.6430525712512921,0.41058822721242905,0.5651077731645884
4,0.4045045554637909,0.7605467589497832,0.3506624177098274,0.632849531034845
5,0.3331591457128525,0.8370741941880417,0.30381809547543526,0.578654925565073
6,0.2873901516199112,0.927256186539082,0.27759647741913795,0.578654925565073
7,0.24890071302652358,0.9397025783047073,0.29587337374687195,0.5119662654015451
8,0.20788660943508147,0.9634021551641092,0.354318268597126,0.47399399394516195
9,0.22166536003351212,0.9455779434075351,0.2711919732391834,0.4931761573309582
10,0.19107565730810167,0.9815368735540919,0.37108078598976135,0.4875809527768842
11,0.17737273052334784,0.9815368735540919,0.4019143432378769,0.45715155542595215
12,0.19720211923122405,0.975456381144309,0.39718087017536163,0.4749015293563857
13,0.17891226932406426,0.9876538476102781,0.4402598701417446,0.44163600196270103
14,0.17898222021758556,0.9815368735540919,0.35903944820165634,0.41380525800772505
