,train_loss,train_score,valid_loss,valid_score
1,0.6556637436151505,0.0,0.6246041655540466,0.0
2,0.5453546494245529,0.32163376045133846,0.5647213906049728,0.0
3,0.43722179532051086,0.6546536707079772,0.47526518255472183,-0.02630095265724072
4,0.3449011668562889,0.8125387457904408,0.38004084676504135,0.5970616662104355
5,0.24267281964421272,0.8919710610425508,0.35416020452976227,0.5688343878237554
6,0.17616504058241844,0.9452465944188083,0.3231634125113487,0.5519185088503615
7,0.1438906528055668,0.9393364366277243,0.2946167662739754,0.5602287114655289
8,0.0989828109741211,0.9452465944188083,0.3382608890533447,0.5929375676834228
9,0.07403987366706133,0.9631774724179828,0.32608605548739433,0.5929375676834228
10,0.055760325863957405,0.9692233691951198,0.320706594735384,0.5763311985578294
11,0.06983806658536196,0.9753048303966929,0.28251858055591583,0.5688343878237554
12,0.04287715256214142,0.9753048303966929,0.3629620335996151,0.584495611232122
13,0.033230667002499104,0.9753048303966929,0.34193725511431694,0.5684285594316689
14,0.03054617438465357,0.9753048303966929,0.3430430721491575,0.5607731514183623
