,train_loss,train_score,valid_loss,valid_score
1,0.6155161261558533,0.2769157202452324,0.8182588219642639,0.22174401077202388
2,0.32529379924138385,0.7055922579623299,0.7669524550437927,0.3308767058426031
3,0.21914826333522797,0.8542821429703302,0.6094526052474976,0.366934212469842
4,0.17740532755851746,0.8701276597630089,0.6322590112686157,0.3599116112180378
5,0.10718408475319545,0.9321425168058358,0.6123459537823995,0.38457556230723633
6,0.0672869545718034,0.9628009223146841,0.555672307809194,0.37604722528651713
7,0.05298976724346479,0.9937694097483343,0.5331461330254873,0.36784989745902513
8,0.03461229056119919,1.0,0.5894420544306437,0.38457556230723633
9,0.028498072798053425,0.9937694097483343,0.5911494592825571,0.40273650729119465
10,0.018232823659976322,1.0,0.6522141893704733,0.4124330752480109
11,0.015957664387921493,1.0,0.5195941428343455,0.4225896487245397
12,0.011783146920303503,1.0,0.6077785690625509,0.4332491606450983
13,0.012057770974934101,1.0,0.6332265535990397,0.4332491606450983
14,0.007640504588683446,1.0,0.5136950115362803,0.4332491606450983
15,0.011827985135217508,1.0,0.535510371128718,0.4562786788496621
16,0.007835775303343931,1.0,0.6294828454653422,0.4502898311244038
17,0.006335675250738859,1.0,0.6683709025382996,0.4562786788496621
18,0.010244181690116724,1.0,0.5713297327359518,0.4562786788496621
19,0.005731848068535328,1.0,0.47530706723531085,0.4960640570867206
20,0.003995972607905666,1.0,0.48172245422999066,0.47005268005053724
21,0.005479413860787948,1.0,0.468569149573644,0.47750577218910545
22,0.004109683912247419,1.0,0.4182290236155192,0.5189351638727756
23,0.004623734237005313,1.0,0.4690978725751241,0.5110554767815644
24,0.004950963814432423,1.0,0.5283685127894083,0.5034368336198725
25,0.0027866760889689126,1.0,0.4257333179314931,0.5034368336198725
26,0.003402360094090303,1.0,0.4204532355070114,0.5034368336198725
27,0.0031515713005016246,1.0,0.5333904325962067,0.5034368336198725
28,0.0039047385410716138,1.0,0.432024210691452,0.5034368336198725
29,0.0032630320638418198,1.0,0.6066402991612753,0.5034368336198725
30,0.0031922603957355022,1.0,0.515779952208201,0.47005268005053724
31,0.0047647358539203806,1.0,0.44231513142585754,0.47005268005053724
32,0.0025777125265449286,1.0,0.5175374746322632,0.44334472788680357
