,train_loss,train_score,valid_loss,valid_score
1,0.636419932047526,0.17089634482531352,0.8692970871925354,0.24598192450669712
2,0.3539188702901204,0.6895049183904606,1.0294646620750427,0.2783153215999449
3,0.24943978587786356,0.8044697758934034,0.8930128812789917,0.41723805104625333
4,0.18488401174545288,0.8856348315966859,0.6571939587593079,0.4651901645809404
5,0.13332787156105042,0.9139506113139291,0.39073485136032104,0.5380870867205206
6,0.11444668223460515,0.9424797909900143,0.6017789542675018,0.5506364037964169
7,0.07290444150567055,0.9766049484994053,0.5094203650951385,0.5778768085322478
8,0.05240795761346817,0.9824033179248569,0.4410526156425476,0.5927200369557475
9,0.04143251106142998,0.9941002434954168,0.6747684180736542,0.5380870867205206
10,0.021861989051103592,1.0,0.6005828380584717,0.5380870867205206
11,0.019471198009947937,1.0,0.44578784704208374,0.4882783461981246
12,0.014109292688469091,1.0,0.42600224912166595,0.5145473852885938
13,0.012815078410009543,1.0,0.33847033977508545,0.5288932361229772
14,0.011324979985753695,1.0,0.2904421277344227,0.544172385853091
15,0.00951712920020024,1.0,0.3211144432425499,0.47767254784449387
16,0.007859722090264162,1.0,0.4840567111968994,0.47767254784449387
17,0.008506668731570244,1.0,0.4401407390832901,0.47767254784449387
18,0.008708933213104805,1.0,0.3278655707836151,0.5284682767598574
