,train_loss,train_score,valid_loss,valid_score
1,0.6731863260269165,0.055814557218594754,0.6225975155830383,0.0
2,0.5893202900886536,0.2801219356053393,0.5142165422439575,0.1565219758368154
3,0.49516635537147524,0.5411994792469634,0.47613780200481415,0.435437406256083
4,0.42413362860679626,0.7222883565449629,0.4100315421819687,0.6031483057987304
5,0.37103310227394104,0.7965662348464576,0.3141237497329712,0.6141296055506469
6,0.3322532922029495,0.8534743109759686,0.308084137737751,0.6038318690963269
7,0.2715764880180359,0.9107938595233581,0.29904069751501083,0.5833266377032839
8,0.2648915335536003,0.9107938595233581,0.23941046372056007,0.5678919051662098
9,0.21198559999465943,0.939048189243238,0.244913000613451,0.5575924917330947
10,0.22038786113262177,0.9574271077563381,0.20438379421830177,0.6271767296931458
11,0.20904361754655837,0.9634021551641092,0.26512033492326736,0.5477225575051662
12,0.1767348401248455,0.9514859136040755,0.24406977370381355,0.5678919051662098
13,0.23611288368701935,0.9630301852061649,0.2751182019710541,0.538251397517121
14,0.20393800139427185,0.9694116958983826,0.2842024900019169,0.6409310644865079
15,0.13566471561789512,0.975456381144309,0.23175941035151482,0.6491216794374505
16,0.19051250144839288,0.9514859136040755,0.1927064172923565,0.6049309645858105
17,0.12163931354880334,0.975456381144309,0.22244898602366447,0.5642660953974591
18,0.31008055433630943,0.9694116958983826,0.22282347828149796,0.514699097985304
19,0.14887123852968215,0.975456381144309,0.2347753681242466,0.514699097985304
20,0.14219059199094772,0.975456381144309,0.2545497827231884,0.5381402333896151
21,0.17235537618398666,0.9815368735540919,0.22462783008813858,0.5381402333896151
22,0.14714755043387412,0.975456381144309,0.39503515511751175,0.4931761573309582
23,0.12496401816606521,0.9815368735540919,0.41499897837638855,0.47638348726758667
24,0.1597292758524418,0.9813853901249078,0.3380076587200165,0.48461876454357217
25,0.20368182845413685,0.9813853901249078,0.37686800211668015,0.4931761573309582
