,train_loss,train_score,valid_loss,valid_score
1,0.6228574911753336,0.274584823682638,0.6749288439750671,0.5195718646428538
2,0.3678861161073049,0.6843459359018136,0.6742666363716125,0.431670023615175
3,0.27299969891707104,0.8253219703015521,0.5856642127037048,0.44762444868307133
4,0.18896556397279105,0.9069145158583156,0.4675035625696182,0.4933139302473538
5,0.13692617416381836,0.913179019271519,0.3671969622373581,0.5144957554275265
6,0.09816065430641174,0.9537318909284785,0.5345634520053864,0.5503495392790071
7,0.0725475549697876,0.9766049484994053,0.4168923944234848,0.5377877706628422
8,0.046124941358963646,0.9766049484994053,0.4113178849220276,0.5144957554275265
9,0.03796508659919103,0.9941002434954168,0.45762529969215393,0.525854646498153
10,0.027974070981144905,0.9941002434954168,0.37702488899230957,0.577615534661554
11,0.02237708680331707,1.0,0.22424748912453651,0.6251050331912297
12,0.015726507330934208,1.0,0.1919700726866722,0.6833094209111142
13,0.014197314158082008,1.0,0.36418886482715607,0.7304435598440492
14,0.009739824260274569,1.0,0.16300968825817108,0.7304435598440492
15,0.01859494795401891,0.9882348845970288,0.4320893883705139,0.608265263693434
16,0.009944260120391846,1.0,0.3892016261816025,0.5636018619766345
17,0.00935546246667703,1.0,0.26994604617357254,0.5924719553724154
18,0.009085547178983688,1.0,0.4351005256175995,0.608265263693434
19,0.00633685477077961,1.0,0.19943377189338207,0.6431196942844082
20,0.006279445563753446,1.0,0.30137360095977783,0.6624609340663695
21,0.005319969728589058,1.0,0.345810204744339,0.7058823529411765
22,0.006750520473966996,1.0,0.2646496891975403,0.7058823529411765
23,0.0057191903082032996,1.0,0.15111497836187482,0.7304435598440492
