,train_loss,train_score,valid_loss,valid_score
1,0.6788602471351624,0.0,0.5378376990556717,0.0
2,0.5764443427324295,0.1495467059229195,0.4517417401075363,0.0
3,0.4799007475376129,0.3833450208596965,0.3753676638007164,0.2562474045320245
4,0.38151130080223083,0.5970096332516371,0.31212620437145233,0.6350010726561872
5,0.30312157422304153,0.7308562863236037,0.26395074278116226,0.545308916317849
6,0.22655672952532768,0.8652363144144037,0.2767140492796898,0.553418463712477
7,0.18307457864284515,0.8967147603825576,0.2648637033998966,0.5270924174778843
8,0.11984825506806374,0.9511897312113419,0.2657123692333698,0.5110554767815644
9,0.10225332342088223,0.9689203329992748,0.21754872798919678,0.5830048040303858
10,0.06711352057754993,0.9814225308444268,0.19227181561291218,0.6166418307968791
11,0.051087092608213425,0.9875771574795098,0.23985111340880394,0.6049197720608609
12,0.04920096695423126,0.9875771574795098,0.3444398157298565,0.5362630658899051
13,0.03605563985183835,0.9875771574795098,0.4091840758919716,0.5008722801238833
14,0.026436472311615944,0.9875771574795098,0.4006270095705986,0.5075321491867127
