,train_loss,train_score,valid_loss,valid_score
1,0.5791660745938619,0.3968538384139444,0.8147975206375122,0.3381117601513369
2,0.3515852987766266,0.7430023857000686,0.7517198026180267,0.41016981072918113
3,0.2444978654384613,0.8402239881553324,0.6585552990436554,0.4240240165734286
4,0.1657491127649943,0.908447924144874,0.48335063457489014,0.5010370871791437
5,0.136646697918574,0.9357142551162902,0.3249541074037552,0.5288932361229772
6,0.09026483694712321,0.9589996891034891,0.38274164497852325,0.56049937918095
7,0.0675491268436114,0.9651054716602593,0.263896107673645,0.6394207872485165
8,0.043210193514823914,0.9824033179248569,0.3409520909190178,0.5935748452020556
9,0.03778079648812612,0.9941002434954168,0.1695297732949257,0.5698503300891952
10,0.02119273692369461,1.0,0.18554172664880753,0.5102413789141766
11,0.019818037748336792,1.0,0.20781074091792107,0.5968637525437926
12,0.014798269296685854,1.0,0.20925851166248322,0.6172558123259554
13,0.013331281331678232,1.0,0.248178631067276,0.6394207872485165
14,0.013841434071461359,1.0,0.19434157013893127,0.6198256496549948
15,0.011173873208463192,1.0,0.13235939759761095,0.6198256496549948
16,0.008390904559443394,1.0,0.19597407430410385,0.6198256496549948
17,0.008208225791652998,1.0,0.13704945519566536,0.6198256496549948
