,train_loss,train_score,valid_loss,valid_score
1,0.5824766953786215,0.3201864766740801,0.9392519593238831,0.22548369815767988
2,0.3043146828810374,0.7777880051692163,0.9666512608528137,0.2485250608738542
3,0.19140690565109253,0.9006863799659567,0.9311412274837494,0.31963601590330637
4,0.1364115128914515,0.936239789701455,0.7041326463222504,0.4028522259667763
5,0.08854336043198903,0.9537318909284785,0.6062120199203491,0.44762444868307133
6,0.06780848900477092,0.959403223600247,0.596319705247879,0.48341044854730425
7,0.04379157101114591,0.9824033179248569,0.7102353870868683,0.5036630526336384
8,0.033989819387594856,0.9882348845970288,0.8173435926437378,0.5036630526336384
9,0.02013064796725909,0.9941002434954168,0.39937420189380646,0.5377877706628422
10,0.014196581828097502,1.0,0.4273040294647217,0.5503495392790071
11,0.017745570590098698,1.0,0.5737978667020798,0.5503495392790071
12,0.01008675154298544,1.0,0.24945548549294472,0.608265263693434
13,0.007258027326315641,1.0,0.4148591458797455,0.6251050331912297
14,0.006732490224142869,1.0,0.3764200806617737,0.6251050331912297
15,0.010028349546094736,1.0,0.29585885256528854,0.608265263693434
16,0.004972999760260184,1.0,0.4638975262641907,0.608265263693434
17,0.00471052760258317,1.0,0.2283489191904664,0.608265263693434
18,0.005038758274167776,1.0,0.40331558883190155,0.608265263693434
19,0.005774701790263255,1.0,0.6288246363401413,0.5924719553724154
20,0.007820641156286001,1.0,0.3570006191730499,0.608265263693434
21,0.004839149924616019,1.0,0.4500626027584076,0.608265263693434
22,0.0035139566753059626,1.0,0.5143429189920425,0.608265263693434
23,0.003323362829784552,1.0,0.3891782760620117,0.608265263693434
