,train_loss,train_score,valid_loss,valid_score
1,0.6698204278945923,0.1125087900926024,0.7011081129312515,0.0
2,0.5666642785072327,0.450563556889583,0.6239149570465088,0.15130688316720062
3,0.4669557884335518,0.6755739493694373,0.5267240256071091,0.45627599810712816
4,0.3599375858902931,0.8198287805213585,0.4225585535168648,0.6197243139311088
5,0.30044469982385635,0.8526051273426606,0.37827958166599274,0.5727366410411474
6,0.21461457759141922,0.9150772842791178,0.33098670840263367,0.5440298285169028
7,0.1524176374077797,0.932726771976175,0.3493257910013199,0.5462964156993987
8,0.10572726465761662,0.9631774724179828,0.3083052709698677,0.5609112290709019
9,0.07465360965579748,0.9692233691951198,0.297388032078743,0.5440298285169028
10,0.05203693266957998,0.9753048303966929,0.33657290786504745,0.5008722801238833
11,0.04108370980247855,0.9875771574795098,0.335841104388237,0.5214562695205918
12,0.034884747583419085,0.9875771574795098,0.3446512557566166,0.5075321491867127
13,0.031535602640360594,0.9937694097483343,0.4221052899956703,0.4944001533099698
14,0.029980060178786516,0.9937694097483343,0.3625340908765793,0.5287431168515262
