,train_loss,train_score,valid_loss,valid_score
1,0.6058826843897501,0.413016593815451,0.6983820796012878,0.46605254355138465
2,0.35939842462539673,0.7519710297199617,0.6895641982555389,0.4395039840402831
3,0.23375617464383444,0.8323950249111669,0.6916247010231018,0.4167891976696585
4,0.1970644493897756,0.8618593998759695,0.46794402599334717,0.47391869606640696
5,0.12925464163223901,0.936239789701455,0.4244901090860367,0.5144957554275265
6,0.0974739318092664,0.9537318909284785,0.31144678220152855,0.5503495392790071
7,0.07020956898729007,0.9766049484994053,0.36597494035959244,0.4933139302473538
8,0.05427241822083791,0.9882348845970288,0.32398291677236557,0.5377877706628422
9,0.04200789084037145,0.9882348845970288,0.49734504520893097,0.5007062118645611
10,0.02911042297879855,0.9941002434954168,0.408884659409523,0.5007062118645611
11,0.020800347129503887,1.0,0.42546117305755615,0.5142311233787904
12,0.01846059908469518,1.0,0.3940131366252899,0.5285918551699038
13,0.014589544075230757,1.0,0.30429601669311523,0.5285918551699038
14,0.014580904195706049,1.0,0.28379249572753906,0.5602287114655289
15,0.011711698646346727,1.0,0.24789028614759445,0.5602287114655289
16,0.011757353320717812,1.0,0.21179864183068275,0.5602287114655289
17,0.010552245813111464,1.0,0.32507088780403137,0.5602287114655289
18,0.01341624247531096,1.0,0.2916899248957634,0.5602287114655289
19,0.007691079440216224,1.0,0.21673512551933527,0.5602287114655289
20,0.011492266474912563,1.0,0.6915837824344635,0.5602287114655289
21,0.007463840457300345,1.0,0.22177078993991017,0.6251050331912297
22,0.004606643846879403,1.0,0.2802087590098381,0.5602287114655289
23,0.006160780632247527,1.0,0.5494265109300613,0.5602287114655289
24,0.004689912777394056,1.0,0.41365544497966766,0.5777547299749907
25,0.004750387432674567,1.0,0.44432416558265686,0.5777547299749907
26,0.006736443843692541,1.0,0.45640549063682556,0.5602287114655289
27,0.006162444284806649,1.0,0.2055452037602663,0.5602287114655289
28,0.004609458148479462,1.0,0.23638759925961494,0.5602287114655289
29,0.006148113248248895,1.0,0.2556115835905075,0.5602287114655289
30,0.004322214517742395,1.0,0.4085128754377365,0.5777547299749907
31,0.005164088758950432,1.0,0.3886442929506302,0.5966253736389256
