,train_loss,train_score,valid_loss,valid_score
1,0.6040228108565012,0.31038822807949046,0.678186277548472,0.5348127749770685
2,0.33686938881874084,0.702436830417351,0.6275498668352762,0.5195041035781273
3,0.23247545957565308,0.8465488996618551,0.550404280424118,0.4741046559307605
4,0.17635870973269144,0.9076871270909086,0.4870220720767975,0.4986019004789615
5,0.13703822592894235,0.9268119508060213,0.47947490215301514,0.520265981714472
6,0.08593432108561198,0.9631774724179828,0.40411873658498126,0.5570259934121394
7,0.050475120544433594,0.9937694097483343,0.33470073342323303,0.5925964635077338
8,0.038203402111927666,0.9937694097483343,0.3194771607716878,0.6202199014913234
9,0.042174238711595535,0.9875771574795098,0.3780790666739146,0.6400715564971587
10,0.021264878722528618,0.9937694097483343,0.26053546120723087,0.6527139518645054
11,0.018319261570771534,0.9937694097483343,0.3036634524663289,0.6625572205938276
12,0.015427397564053535,1.0,0.4369582136472066,0.6625572205938276
13,0.018092115720113117,1.0,0.23573162655035654,0.629955586168444
14,0.010980957808593908,1.0,0.28407931824525195,0.6400715564971587
15,0.016091324699421723,1.0,0.37533005078633624,0.6625572205938276
16,0.009460843789080778,1.0,0.32467103004455566,0.6083829962530759
17,0.00856228886793057,1.0,0.3904599646727244,0.5925964635077338
18,0.008814989433934292,1.0,0.39544129371643066,0.5925964635077338
19,0.016579820153613884,1.0,0.4694920778274536,0.6083829962530759
20,0.0067201401107013226,1.0,0.3383774111668269,0.6615543135926922
21,0.007585962613423665,1.0,0.29117506245772046,0.6511587144484917
