,train_loss,train_score,valid_loss,valid_score
1,0.6307275891304016,0.19718043257958567,0.7524290382862091,0.2505272279832519
2,0.3624400496482849,0.7312866122299719,0.6728658378124237,0.4936612566406058
3,0.26344003280003864,0.7905331047138203,0.5082363933324814,0.4240240165734286
4,0.1746519903341929,0.9069145158583156,0.482841432094574,0.46473441196683624
5,0.13504686454931894,0.9243886531229556,0.4030310958623886,0.544172385853091
6,0.08819479743639629,0.9480909262799544,0.28227732330560684,0.5968637525437926
7,0.0633795956770579,0.9651054716602593,0.27812013775110245,0.6394207872485165
8,0.04535930107037226,0.9824033179248569,0.3929244130849838,0.5968637525437926
9,0.027608351781964302,0.9941002434954168,0.2677928954362869,0.6394207872485165
10,0.014960740072031816,1.0,0.3669202923774719,0.6636475659325125
11,0.01334125796953837,1.0,0.18434391170740128,0.6636475659325125
12,0.01088664960116148,1.0,0.15895900502800941,0.6636475659325125
13,0.00782474735751748,1.0,0.28181538730859756,0.6636475659325125
14,0.01683510219057401,0.9941002434954168,0.3337705582380295,0.5935748452020556
15,0.007210997554163138,1.0,0.1987725831568241,0.5935748452020556
16,0.008322971872985363,1.0,0.2791002094745636,0.5935748452020556
17,0.007953100527326265,1.0,0.40427274256944656,0.5935748452020556
18,0.007877012559523186,1.0,0.1805916763842106,0.5935748452020556
19,0.005139898043125868,1.0,0.39489439874887466,0.5935748452020556
20,0.006055670945594708,1.0,0.22477184981107712,0.5935748452020556
